station_id,datetime,date,year,month,day,hour,T0_p1
1,30Jun2008:7:00:00,30Jun2008,2008,6,30,7,75
1,30Jun2008:8:00:00,30Jun2008,2008,6,30,8,76
1,30Jun2008:9:00:00,30Jun2008,2008,6,30,9,78
1,30Jun2008:10:00:00,30Jun2008,2008,6,30,10,79
1,30Jun2008:11:00:00,30Jun2008,2008,6,30,11,80
1,30Jun2008:12:00:00,30Jun2008,2008,6,30,12,83
1,30Jun2008:13:00:00,30Jun2008,2008,6,30,13,84
1,30Jun2008:14:00:00,30Jun2008,2008,6,30,14,86
1,30Jun2008:15:00:00,30Jun2008,2008,6,30,15,88
1,30Jun2008:16:00:00,30Jun2008,2008,6,30,16,89
1,30Jun2008:17:00:00,30Jun2008,2008,6,30,17,90
1,30Jun2008:18:00:00,30Jun2008,2008,6,30,18,85
1,30Jun2008:19:00:00,30Jun2008,2008,6,30,19,85
1,30Jun2008:20:00:00,30Jun2008,2008,6,30,20,82
1,30Jun2008:21:00:00,30Jun2008,2008,6,30,21,80
1,30Jun2008:22:00:00,30Jun2008,2008,6,30,22,78
1,30Jun2008:23:00:00,30Jun2008,2008,6,30,23,74
1,01Jul2008:0:00:00,30Jun2008,2008,6,30,24,74
1,01Jul2008:1:00:00,01Jul2008,2008,7,1,1,74
1,01Jul2008:2:00:00,01Jul2008,2008,7,1,2,74
1,01Jul2008:3:00:00,01Jul2008,2008,7,1,3,73
1,01Jul2008:4:00:00,01Jul2008,2008,7,1,4,72
1,01Jul2008:5:00:00,01Jul2008,2008,7,1,5,72
1,01Jul2008:6:00:00,01Jul2008,2008,7,1,6,72
1,01Jul2008:7:00:00,01Jul2008,2008,7,1,7,73
1,01Jul2008:8:00:00,01Jul2008,2008,7,1,8,78
1,01Jul2008:9:00:00,01Jul2008,2008,7,1,9,78
1,01Jul2008:10:00:00,01Jul2008,2008,7,1,10,80
1,01Jul2008:11:00:00,01Jul2008,2008,7,1,11,81
1,01Jul2008:12:00:00,01Jul2008,2008,7,1,12,81
1,01Jul2008:13:00:00,01Jul2008,2008,7,1,13,81
1,01Jul2008:14:00:00,01Jul2008,2008,7,1,14,81
1,01Jul2008:15:00:00,01Jul2008,2008,7,1,15,82
1,01Jul2008:16:00:00,01Jul2008,2008,7,1,16,81
1,01Jul2008:17:00:00,01Jul2008,2008,7,1,17,81
1,01Jul2008:18:00:00,01Jul2008,2008,7,1,18,81
1,01Jul2008:19:00:00,01Jul2008,2008,7,1,19,80
1,01Jul2008:20:00:00,01Jul2008,2008,7,1,20,78
1,01Jul2008:21:00:00,01Jul2008,2008,7,1,21,74
1,01Jul2008:22:00:00,01Jul2008,2008,7,1,22,75
1,01Jul2008:23:00:00,01Jul2008,2008,7,1,23,71
1,02Jul2008:0:00:00,01Jul2008,2008,7,1,24,71
1,02Jul2008:1:00:00,02Jul2008,2008,7,2,1,71
1,02Jul2008:2:00:00,02Jul2008,2008,7,2,2,69
1,02Jul2008:3:00:00,02Jul2008,2008,7,2,3,68
1,02Jul2008:4:00:00,02Jul2008,2008,7,2,4,67
1,02Jul2008:5:00:00,02Jul2008,2008,7,2,5,67
1,02Jul2008:6:00:00,02Jul2008,2008,7,2,6,66
1,02Jul2008:7:00:00,02Jul2008,2008,7,2,7,70
1,02Jul2008:8:00:00,02Jul2008,2008,7,2,8,75
1,02Jul2008:9:00:00,02Jul2008,2008,7,2,9,78
1,02Jul2008:10:00:00,02Jul2008,2008,7,2,10,80
1,02Jul2008:11:00:00,02Jul2008,2008,7,2,11,81
1,02Jul2008:12:00:00,02Jul2008,2008,7,2,12,82
1,02Jul2008:13:00:00,02Jul2008,2008,7,2,13,83
1,02Jul2008:14:00:00,02Jul2008,2008,7,2,14,84
1,02Jul2008:15:00:00,02Jul2008,2008,7,2,15,84
1,02Jul2008:16:00:00,02Jul2008,2008,7,2,16,86
1,02Jul2008:17:00:00,02Jul2008,2008,7,2,17,85
1,02Jul2008:18:00:00,02Jul2008,2008,7,2,18,85
1,02Jul2008:19:00:00,02Jul2008,2008,7,2,19,81
1,02Jul2008:20:00:00,02Jul2008,2008,7,2,20,79
1,02Jul2008:21:00:00,02Jul2008,2008,7,2,21,76
1,02Jul2008:22:00:00,02Jul2008,2008,7,2,22,76
1,02Jul2008:23:00:00,02Jul2008,2008,7,2,23,74
1,03Jul2008:0:00:00,02Jul2008,2008,7,2,24,74
1,03Jul2008:1:00:00,03Jul2008,2008,7,3,1,72
1,03Jul2008:2:00:00,03Jul2008,2008,7,3,2,69
1,03Jul2008:3:00:00,03Jul2008,2008,7,3,3,71
1,03Jul2008:4:00:00,03Jul2008,2008,7,3,4,71
1,03Jul2008:5:00:00,03Jul2008,2008,7,3,5,71
1,03Jul2008:6:00:00,03Jul2008,2008,7,3,6,70
1,03Jul2008:7:00:00,03Jul2008,2008,7,3,7,72
1,03Jul2008:8:00:00,03Jul2008,2008,7,3,8,78
1,03Jul2008:9:00:00,03Jul2008,2008,7,3,9,81
1,03Jul2008:10:00:00,03Jul2008,2008,7,3,10,83
1,03Jul2008:11:00:00,03Jul2008,2008,7,3,11,84
1,03Jul2008:12:00:00,03Jul2008,2008,7,3,12,87
1,03Jul2008:13:00:00,03Jul2008,2008,7,3,13,90
1,03Jul2008:14:00:00,03Jul2008,2008,7,3,14,90
1,03Jul2008:15:00:00,03Jul2008,2008,7,3,15,91
1,03Jul2008:16:00:00,03Jul2008,2008,7,3,16,89
1,03Jul2008:17:00:00,03Jul2008,2008,7,3,17,89
1,03Jul2008:18:00:00,03Jul2008,2008,7,3,18,86
1,03Jul2008:19:00:00,03Jul2008,2008,7,3,19,84
1,03Jul2008:20:00:00,03Jul2008,2008,7,3,20,82
1,03Jul2008:21:00:00,03Jul2008,2008,7,3,21,81
1,03Jul2008:22:00:00,03Jul2008,2008,7,3,22,79
1,03Jul2008:23:00:00,03Jul2008,2008,7,3,23,79
1,04Jul2008:0:00:00,03Jul2008,2008,7,3,24,78
1,04Jul2008:1:00:00,04Jul2008,2008,7,4,1,78
1,04Jul2008:2:00:00,04Jul2008,2008,7,4,2,78
1,04Jul2008:3:00:00,04Jul2008,2008,7,4,3,78
1,04Jul2008:4:00:00,04Jul2008,2008,7,4,4,78
1,04Jul2008:5:00:00,04Jul2008,2008,7,4,5,77
1,04Jul2008:6:00:00,04Jul2008,2008,7,4,6,76
1,04Jul2008:7:00:00,04Jul2008,2008,7,4,7,77
1,04Jul2008:8:00:00,04Jul2008,2008,7,4,8,80
1,04Jul2008:9:00:00,04Jul2008,2008,7,4,9,81
1,04Jul2008:10:00:00,04Jul2008,2008,7,4,10,82
1,04Jul2008:11:00:00,04Jul2008,2008,7,4,11,86
1,04Jul2008:12:00:00,04Jul2008,2008,7,4,12,88
1,04Jul2008:13:00:00,04Jul2008,2008,7,4,13,89
1,04Jul2008:14:00:00,04Jul2008,2008,7,4,14,91
1,04Jul2008:15:00:00,04Jul2008,2008,7,4,15,91
1,04Jul2008:16:00:00,04Jul2008,2008,7,4,16,88
1,04Jul2008:17:00:00,04Jul2008,2008,7,4,17,85
1,04Jul2008:18:00:00,04Jul2008,2008,7,4,18,86
1,04Jul2008:19:00:00,04Jul2008,2008,7,4,19,83
1,04Jul2008:20:00:00,04Jul2008,2008,7,4,20,82
1,04Jul2008:21:00:00,04Jul2008,2008,7,4,21,81
1,04Jul2008:22:00:00,04Jul2008,2008,7,4,22,77
1,04Jul2008:23:00:00,04Jul2008,2008,7,4,23,74
1,05Jul2008:0:00:00,04Jul2008,2008,7,4,24,75
1,05Jul2008:1:00:00,05Jul2008,2008,7,5,1,75
1,05Jul2008:2:00:00,05Jul2008,2008,7,5,2,73
1,05Jul2008:3:00:00,05Jul2008,2008,7,5,3,72
1,05Jul2008:4:00:00,05Jul2008,2008,7,5,4,74
1,05Jul2008:5:00:00,05Jul2008,2008,7,5,5,74
1,05Jul2008:6:00:00,05Jul2008,2008,7,5,6,72
1,05Jul2008:7:00:00,05Jul2008,2008,7,5,7,74
1,05Jul2008:8:00:00,05Jul2008,2008,7,5,8,76
1,05Jul2008:9:00:00,05Jul2008,2008,7,5,9,78
1,05Jul2008:10:00:00,05Jul2008,2008,7,5,10,78
1,05Jul2008:11:00:00,05Jul2008,2008,7,5,11,81
1,05Jul2008:12:00:00,05Jul2008,2008,7,5,12,82
1,05Jul2008:13:00:00,05Jul2008,2008,7,5,13,83
1,05Jul2008:14:00:00,05Jul2008,2008,7,5,14,81
1,05Jul2008:15:00:00,05Jul2008,2008,7,5,15,83
1,05Jul2008:16:00:00,05Jul2008,2008,7,5,16,80
1,05Jul2008:17:00:00,05Jul2008,2008,7,5,17,83
1,05Jul2008:18:00:00,05Jul2008,2008,7,5,18,81
1,05Jul2008:19:00:00,05Jul2008,2008,7,5,19,78
1,05Jul2008:20:00:00,05Jul2008,2008,7,5,20,76
1,05Jul2008:21:00:00,05Jul2008,2008,7,5,21,74
1,05Jul2008:22:00:00,05Jul2008,2008,7,5,22,74
1,05Jul2008:23:00:00,05Jul2008,2008,7,5,23,74
1,06Jul2008:0:00:00,05Jul2008,2008,7,5,24,74
1,06Jul2008:1:00:00,06Jul2008,2008,7,6,1,72
1,06Jul2008:2:00:00,06Jul2008,2008,7,6,2,72
1,06Jul2008:3:00:00,06Jul2008,2008,7,6,3,72
1,06Jul2008:4:00:00,06Jul2008,2008,7,6,4,72
1,06Jul2008:5:00:00,06Jul2008,2008,7,6,5,72
1,06Jul2008:6:00:00,06Jul2008,2008,7,6,6,72
1,06Jul2008:7:00:00,06Jul2008,2008,7,6,7,74
1,06Jul2008:8:00:00,06Jul2008,2008,7,6,8,76
1,06Jul2008:9:00:00,06Jul2008,2008,7,6,9,78
1,06Jul2008:10:00:00,06Jul2008,2008,7,6,10,79
1,06Jul2008:11:00:00,06Jul2008,2008,7,6,11,80
1,06Jul2008:12:00:00,06Jul2008,2008,7,6,12,81
1,06Jul2008:13:00:00,06Jul2008,2008,7,6,13,81
1,06Jul2008:14:00:00,06Jul2008,2008,7,6,14,83
1,06Jul2008:15:00:00,06Jul2008,2008,7,6,15,82
1,06Jul2008:16:00:00,06Jul2008,2008,7,6,16,84
1,06Jul2008:17:00:00,06Jul2008,2008,7,6,17,82
1,06Jul2008:18:00:00,06Jul2008,2008,7,6,18,83
1,06Jul2008:19:00:00,06Jul2008,2008,7,6,19,81
1,06Jul2008:20:00:00,06Jul2008,2008,7,6,20,79
1,06Jul2008:21:00:00,06Jul2008,2008,7,6,21,76
1,06Jul2008:22:00:00,06Jul2008,2008,7,6,22,77
1,06Jul2008:23:00:00,06Jul2008,2008,7,6,23,77
1,07Jul2008:0:00:00,06Jul2008,2008,7,6,24,75
1,07Jul2008:1:00:00,07Jul2008,2008,7,7,1,74
1,07Jul2008:2:00:00,07Jul2008,2008,7,7,2,75
1,07Jul2008:3:00:00,07Jul2008,2008,7,7,3,74
1,07Jul2008:4:00:00,07Jul2008,2008,7,7,4,71
1,07Jul2008:5:00:00,07Jul2008,2008,7,7,5,71
1,07Jul2008:6:00:00,07Jul2008,2008,7,7,6,70
1,07Jul2008:7:00:00,07Jul2008,2008,7,7,7,72
1,07Jul2008:8:00:00,07Jul2008,2008,7,7,8,76
1,07Jul2008:9:00:00,07Jul2008,2008,7,7,9,79
1,07Jul2008:10:00:00,07Jul2008,2008,7,7,10,82
1,07Jul2008:11:00:00,07Jul2008,2008,7,7,11,86
1,07Jul2008:12:00:00,07Jul2008,2008,7,7,12,87
1,07Jul2008:13:00:00,07Jul2008,2008,7,7,13,87
1,07Jul2008:14:00:00,07Jul2008,2008,7,7,14,86
1,07Jul2008:15:00:00,07Jul2008,2008,7,7,15,87
1,07Jul2008:16:00:00,07Jul2008,2008,7,7,16,88
1,07Jul2008:17:00:00,07Jul2008,2008,7,7,17,88
1,07Jul2008:18:00:00,07Jul2008,2008,7,7,18,88
1,07Jul2008:19:00:00,07Jul2008,2008,7,7,19,87
1,07Jul2008:20:00:00,07Jul2008,2008,7,7,20,84
1,07Jul2008:21:00:00,07Jul2008,2008,7,7,21,81
1,07Jul2008:22:00:00,07Jul2008,2008,7,7,22,79
1,07Jul2008:23:00:00,07Jul2008,2008,7,7,23,79
1,08Jul2008:0:00:00,07Jul2008,2008,7,7,24,78
2,30Jun2008:7:00:00,30Jun2008,2008,6,30,7,64
2,30Jun2008:8:00:00,30Jun2008,2008,6,30,8,67
2,30Jun2008:9:00:00,30Jun2008,2008,6,30,9,69
2,30Jun2008:10:00:00,30Jun2008,2008,6,30,10,72
2,30Jun2008:11:00:00,30Jun2008,2008,6,30,11,75
2,30Jun2008:12:00:00,30Jun2008,2008,6,30,12,76
2,30Jun2008:13:00:00,30Jun2008,2008,6,30,13,75
2,30Jun2008:14:00:00,30Jun2008,2008,6,30,14,76
2,30Jun2008:15:00:00,30Jun2008,2008,6,30,15,75
2,30Jun2008:16:00:00,30Jun2008,2008,6,30,16,77
2,30Jun2008:17:00:00,30Jun2008,2008,6,30,17,77
2,30Jun2008:18:00:00,30Jun2008,2008,6,30,18,74
2,30Jun2008:19:00:00,30Jun2008,2008,6,30,19,69
2,30Jun2008:20:00:00,30Jun2008,2008,6,30,20,68
2,30Jun2008:21:00:00,30Jun2008,2008,6,30,21,67
2,30Jun2008:22:00:00,30Jun2008,2008,6,30,22,66
2,30Jun2008:23:00:00,30Jun2008,2008,6,30,23,65
2,01Jul2008:0:00:00,30Jun2008,2008,6,30,24,62
2,01Jul2008:1:00:00,01Jul2008,2008,7,1,1,60
2,01Jul2008:2:00:00,01Jul2008,2008,7,1,2,60
2,01Jul2008:3:00:00,01Jul2008,2008,7,1,3,59
2,01Jul2008:4:00:00,01Jul2008,2008,7,1,4,58
2,01Jul2008:5:00:00,01Jul2008,2008,7,1,5,55
2,01Jul2008:6:00:00,01Jul2008,2008,7,1,6,55
2,01Jul2008:7:00:00,01Jul2008,2008,7,1,7,59
2,01Jul2008:8:00:00,01Jul2008,2008,7,1,8,62
2,01Jul2008:9:00:00,01Jul2008,2008,7,1,9,65
2,01Jul2008:10:00:00,01Jul2008,2008,7,1,10,67
2,01Jul2008:11:00:00,01Jul2008,2008,7,1,11,67
2,01Jul2008:12:00:00,01Jul2008,2008,7,1,12,69
2,01Jul2008:13:00:00,01Jul2008,2008,7,1,13,70
2,01Jul2008:14:00:00,01Jul2008,2008,7,1,14,70
2,01Jul2008:15:00:00,01Jul2008,2008,7,1,15,72
2,01Jul2008:16:00:00,01Jul2008,2008,7,1,16,74
2,01Jul2008:17:00:00,01Jul2008,2008,7,1,17,73
2,01Jul2008:18:00:00,01Jul2008,2008,7,1,18,72
2,01Jul2008:19:00:00,01Jul2008,2008,7,1,19,71
2,01Jul2008:20:00:00,01Jul2008,2008,7,1,20,69
2,01Jul2008:21:00:00,01Jul2008,2008,7,1,21,65
2,01Jul2008:22:00:00,01Jul2008,2008,7,1,22,61
2,01Jul2008:23:00:00,01Jul2008,2008,7,1,23,59
2,02Jul2008:0:00:00,01Jul2008,2008,7,1,24,57
2,02Jul2008:1:00:00,02Jul2008,2008,7,2,1,55
2,02Jul2008:2:00:00,02Jul2008,2008,7,2,2,55
2,02Jul2008:3:00:00,02Jul2008,2008,7,2,3,53
2,02Jul2008:4:00:00,02Jul2008,2008,7,2,4,52
2,02Jul2008:5:00:00,02Jul2008,2008,7,2,5,51
2,02Jul2008:6:00:00,02Jul2008,2008,7,2,6,51
2,02Jul2008:7:00:00,02Jul2008,2008,7,2,7,53
2,02Jul2008:8:00:00,02Jul2008,2008,7,2,8,58
2,02Jul2008:9:00:00,02Jul2008,2008,7,2,9,65
2,02Jul2008:10:00:00,02Jul2008,2008,7,2,10,71
2,02Jul2008:11:00:00,02Jul2008,2008,7,2,11,75
2,02Jul2008:12:00:00,02Jul2008,2008,7,2,12,77
2,02Jul2008:13:00:00,02Jul2008,2008,7,2,13,78
2,02Jul2008:14:00:00,02Jul2008,2008,7,2,14,79
2,02Jul2008:15:00:00,02Jul2008,2008,7,2,15,80
2,02Jul2008:16:00:00,02Jul2008,2008,7,2,16,81
2,02Jul2008:17:00:00,02Jul2008,2008,7,2,17,81
2,02Jul2008:18:00:00,02Jul2008,2008,7,2,18,80
2,02Jul2008:19:00:00,02Jul2008,2008,7,2,19,79
2,02Jul2008:20:00:00,02Jul2008,2008,7,2,20,76
2,02Jul2008:21:00:00,02Jul2008,2008,7,2,21,68
2,02Jul2008:22:00:00,02Jul2008,2008,7,2,22,64
2,02Jul2008:23:00:00,02Jul2008,2008,7,2,23,63
2,03Jul2008:0:00:00,02Jul2008,2008,7,2,24,61
2,03Jul2008:1:00:00,03Jul2008,2008,7,3,1,59
2,03Jul2008:2:00:00,03Jul2008,2008,7,3,2,58
2,03Jul2008:3:00:00,03Jul2008,2008,7,3,3,57
2,03Jul2008:4:00:00,03Jul2008,2008,7,3,4,56
2,03Jul2008:5:00:00,03Jul2008,2008,7,3,5,55
2,03Jul2008:6:00:00,03Jul2008,2008,7,3,6,56
2,03Jul2008:7:00:00,03Jul2008,2008,7,3,7,58
2,03Jul2008:8:00:00,03Jul2008,2008,7,3,8,64
2,03Jul2008:9:00:00,03Jul2008,2008,7,3,9,70
2,03Jul2008:10:00:00,03Jul2008,2008,7,3,10,75
2,03Jul2008:11:00:00,03Jul2008,2008,7,3,11,78
2,03Jul2008:12:00:00,03Jul2008,2008,7,3,12,81
2,03Jul2008:13:00:00,03Jul2008,2008,7,3,13,83
2,03Jul2008:14:00:00,03Jul2008,2008,7,3,14,85
2,03Jul2008:15:00:00,03Jul2008,2008,7,3,15,85
2,03Jul2008:16:00:00,03Jul2008,2008,7,3,16,85
2,03Jul2008:17:00:00,03Jul2008,2008,7,3,17,85
2,03Jul2008:18:00:00,03Jul2008,2008,7,3,18,83
2,03Jul2008:19:00:00,03Jul2008,2008,7,3,19,82
2,03Jul2008:20:00:00,03Jul2008,2008,7,3,20,77
2,03Jul2008:21:00:00,03Jul2008,2008,7,3,21,73
2,03Jul2008:22:00:00,03Jul2008,2008,7,3,22,68
2,03Jul2008:23:00:00,03Jul2008,2008,7,3,23,67
2,04Jul2008:0:00:00,03Jul2008,2008,7,3,24,66
2,04Jul2008:1:00:00,04Jul2008,2008,7,4,1,65
2,04Jul2008:2:00:00,04Jul2008,2008,7,4,2,66
2,04Jul2008:3:00:00,04Jul2008,2008,7,4,3,65
2,04Jul2008:4:00:00,04Jul2008,2008,7,4,4,65
2,04Jul2008:5:00:00,04Jul2008,2008,7,4,5,65
2,04Jul2008:6:00:00,04Jul2008,2008,7,4,6,64
2,04Jul2008:7:00:00,04Jul2008,2008,7,4,7,66
2,04Jul2008:8:00:00,04Jul2008,2008,7,4,8,69
2,04Jul2008:9:00:00,04Jul2008,2008,7,4,9,72
2,04Jul2008:10:00:00,04Jul2008,2008,7,4,10,75
2,04Jul2008:11:00:00,04Jul2008,2008,7,4,11,77
2,04Jul2008:12:00:00,04Jul2008,2008,7,4,12,81
2,04Jul2008:13:00:00,04Jul2008,2008,7,4,13,82
2,04Jul2008:14:00:00,04Jul2008,2008,7,4,14,81
2,04Jul2008:15:00:00,04Jul2008,2008,7,4,15,79
2,04Jul2008:16:00:00,04Jul2008,2008,7,4,16,79
2,04Jul2008:17:00:00,04Jul2008,2008,7,4,17,78
2,04Jul2008:18:00:00,04Jul2008,2008,7,4,18,79
2,04Jul2008:19:00:00,04Jul2008,2008,7,4,19,77
2,04Jul2008:20:00:00,04Jul2008,2008,7,4,20,76
2,04Jul2008:21:00:00,04Jul2008,2008,7,4,21,72
2,04Jul2008:22:00:00,04Jul2008,2008,7,4,22,73
2,04Jul2008:23:00:00,04Jul2008,2008,7,4,23,70
2,05Jul2008:0:00:00,04Jul2008,2008,7,4,24,70
2,05Jul2008:1:00:00,05Jul2008,2008,7,5,1,69
2,05Jul2008:2:00:00,05Jul2008,2008,7,5,2,68
2,05Jul2008:3:00:00,05Jul2008,2008,7,5,3,68
2,05Jul2008:4:00:00,05Jul2008,2008,7,5,4,66
2,05Jul2008:5:00:00,05Jul2008,2008,7,5,5,66
2,05Jul2008:6:00:00,05Jul2008,2008,7,5,6,66
2,05Jul2008:7:00:00,05Jul2008,2008,7,5,7,66
2,05Jul2008:8:00:00,05Jul2008,2008,7,5,8,67
2,05Jul2008:9:00:00,05Jul2008,2008,7,5,9,68
2,05Jul2008:10:00:00,05Jul2008,2008,7,5,10,71
2,05Jul2008:11:00:00,05Jul2008,2008,7,5,11,73
2,05Jul2008:12:00:00,05Jul2008,2008,7,5,12,75
2,05Jul2008:13:00:00,05Jul2008,2008,7,5,13,76
2,05Jul2008:14:00:00,05Jul2008,2008,7,5,14,76
2,05Jul2008:15:00:00,05Jul2008,2008,7,5,15,78
2,05Jul2008:16:00:00,05Jul2008,2008,7,5,16,77
2,05Jul2008:17:00:00,05Jul2008,2008,7,5,17,77
2,05Jul2008:18:00:00,05Jul2008,2008,7,5,18,78
2,05Jul2008:19:00:00,05Jul2008,2008,7,5,19,75
2,05Jul2008:20:00:00,05Jul2008,2008,7,5,20,73
2,05Jul2008:21:00:00,05Jul2008,2008,7,5,21,71
2,05Jul2008:22:00:00,05Jul2008,2008,7,5,22,71
2,05Jul2008:23:00:00,05Jul2008,2008,7,5,23,70
2,06Jul2008:0:00:00,05Jul2008,2008,7,5,24,70
2,06Jul2008:1:00:00,06Jul2008,2008,7,6,1,68
2,06Jul2008:2:00:00,06Jul2008,2008,7,6,2,68
2,06Jul2008:3:00:00,06Jul2008,2008,7,6,3,68
2,06Jul2008:4:00:00,06Jul2008,2008,7,6,4,66
2,06Jul2008:5:00:00,06Jul2008,2008,7,6,5,67
2,06Jul2008:6:00:00,06Jul2008,2008,7,6,6,66
2,06Jul2008:7:00:00,06Jul2008,2008,7,6,7,66
2,06Jul2008:8:00:00,06Jul2008,2008,7,6,8,68
2,06Jul2008:9:00:00,06Jul2008,2008,7,6,9,68
2,06Jul2008:10:00:00,06Jul2008,2008,7,6,10,70
2,06Jul2008:11:00:00,06Jul2008,2008,7,6,11,72
2,06Jul2008:12:00:00,06Jul2008,2008,7,6,12,74
2,06Jul2008:13:00:00,06Jul2008,2008,7,6,13,77
2,06Jul2008:14:00:00,06Jul2008,2008,7,6,14,79
2,06Jul2008:15:00:00,06Jul2008,2008,7,6,15,78
2,06Jul2008:16:00:00,06Jul2008,2008,7,6,16,77
2,06Jul2008:17:00:00,06Jul2008,2008,7,6,17,76
2,06Jul2008:18:00:00,06Jul2008,2008,7,6,18,74
2,06Jul2008:19:00:00,06Jul2008,2008,7,6,19,74
2,06Jul2008:20:00:00,06Jul2008,2008,7,6,20,72
2,06Jul2008:21:00:00,06Jul2008,2008,7,6,21,69
2,06Jul2008:22:00:00,06Jul2008,2008,7,6,22,69
2,06Jul2008:23:00:00,06Jul2008,2008,7,6,23,67
2,07Jul2008:0:00:00,06Jul2008,2008,7,6,24,68
2,07Jul2008:1:00:00,07Jul2008,2008,7,7,1,68
2,07Jul2008:2:00:00,07Jul2008,2008,7,7,2,68
2,07Jul2008:3:00:00,07Jul2008,2008,7,7,3,66
2,07Jul2008:4:00:00,07Jul2008,2008,7,7,4,65
2,07Jul2008:5:00:00,07Jul2008,2008,7,7,5,65
2,07Jul2008:6:00:00,07Jul2008,2008,7,7,6,65
2,07Jul2008:7:00:00,07Jul2008,2008,7,7,7,65
2,07Jul2008:8:00:00,07Jul2008,2008,7,7,8,67
2,07Jul2008:9:00:00,07Jul2008,2008,7,7,9,68
2,07Jul2008:10:00:00,07Jul2008,2008,7,7,10,72
2,07Jul2008:11:00:00,07Jul2008,2008,7,7,11,76
2,07Jul2008:12:00:00,07Jul2008,2008,7,7,12,79
2,07Jul2008:13:00:00,07Jul2008,2008,7,7,13,79
2,07Jul2008:14:00:00,07Jul2008,2008,7,7,14,81
2,07Jul2008:15:00:00,07Jul2008,2008,7,7,15,80
2,07Jul2008:16:00:00,07Jul2008,2008,7,7,16,80
2,07Jul2008:17:00:00,07Jul2008,2008,7,7,17,78
2,07Jul2008:18:00:00,07Jul2008,2008,7,7,18,68
2,07Jul2008:19:00:00,07Jul2008,2008,7,7,19,66
2,07Jul2008:20:00:00,07Jul2008,2008,7,7,20,68
2,07Jul2008:21:00:00,07Jul2008,2008,7,7,21,66
2,07Jul2008:22:00:00,07Jul2008,2008,7,7,22,67
2,07Jul2008:23:00:00,07Jul2008,2008,7,7,23,66
2,08Jul2008:0:00:00,07Jul2008,2008,7,7,24,65
3,30Jun2008:7:00:00,30Jun2008,2008,6,30,7,73
3,30Jun2008:8:00:00,30Jun2008,2008,6,30,8,74
3,30Jun2008:9:00:00,30Jun2008,2008,6,30,9,75
3,30Jun2008:10:00:00,30Jun2008,2008,6,30,10,76
3,30Jun2008:11:00:00,30Jun2008,2008,6,30,11,80
3,30Jun2008:12:00:00,30Jun2008,2008,6,30,12,81
3,30Jun2008:13:00:00,30Jun2008,2008,6,30,13,83
3,30Jun2008:14:00:00,30Jun2008,2008,6,30,14,84
3,30Jun2008:15:00:00,30Jun2008,2008,6,30,15,85
3,30Jun2008:16:00:00,30Jun2008,2008,6,30,16,85
3,30Jun2008:17:00:00,30Jun2008,2008,6,30,17,85
3,30Jun2008:18:00:00,30Jun2008,2008,6,30,18,83
3,30Jun2008:19:00:00,30Jun2008,2008,6,30,19,79
3,30Jun2008:20:00:00,30Jun2008,2008,6,30,20,74
3,30Jun2008:21:00:00,30Jun2008,2008,6,30,21,71
3,30Jun2008:22:00:00,30Jun2008,2008,6,30,22,69
3,30Jun2008:23:00:00,30Jun2008,2008,6,30,23,69
3,01Jul2008:0:00:00,30Jun2008,2008,6,30,24,66
3,01Jul2008:1:00:00,01Jul2008,2008,7,1,1,63
3,01Jul2008:2:00:00,01Jul2008,2008,7,1,2,64
3,01Jul2008:3:00:00,01Jul2008,2008,7,1,3,65
3,01Jul2008:4:00:00,01Jul2008,2008,7,1,4,62
3,01Jul2008:5:00:00,01Jul2008,2008,7,1,5,62
3,01Jul2008:6:00:00,01Jul2008,2008,7,1,6,64
3,01Jul2008:7:00:00,01Jul2008,2008,7,1,7,66
3,01Jul2008:8:00:00,01Jul2008,2008,7,1,8,69
3,01Jul2008:9:00:00,01Jul2008,2008,7,1,9,72
3,01Jul2008:10:00:00,01Jul2008,2008,7,1,10,74
3,01Jul2008:11:00:00,01Jul2008,2008,7,1,11,75
3,01Jul2008:12:00:00,01Jul2008,2008,7,1,12,78
3,01Jul2008:13:00:00,01Jul2008,2008,7,1,13,79
3,01Jul2008:14:00:00,01Jul2008,2008,7,1,14,80
3,01Jul2008:15:00:00,01Jul2008,2008,7,1,15,81
3,01Jul2008:16:00:00,01Jul2008,2008,7,1,16,82
3,01Jul2008:17:00:00,01Jul2008,2008,7,1,17,80
3,01Jul2008:18:00:00,01Jul2008,2008,7,1,18,82
3,01Jul2008:19:00:00,01Jul2008,2008,7,1,19,80
3,01Jul2008:20:00:00,01Jul2008,2008,7,1,20,77
3,01Jul2008:21:00:00,01Jul2008,2008,7,1,21,74
3,01Jul2008:22:00:00,01Jul2008,2008,7,1,22,71
3,01Jul2008:23:00:00,01Jul2008,2008,7,1,23,68
3,02Jul2008:0:00:00,01Jul2008,2008,7,1,24,68
3,02Jul2008:1:00:00,02Jul2008,2008,7,2,1,68
3,02Jul2008:2:00:00,02Jul2008,2008,7,2,2,67
3,02Jul2008:3:00:00,02Jul2008,2008,7,2,3,67
3,02Jul2008:4:00:00,02Jul2008,2008,7,2,4,66
3,02Jul2008:5:00:00,02Jul2008,2008,7,2,5,65
3,02Jul2008:6:00:00,02Jul2008,2008,7,2,6,60
3,02Jul2008:7:00:00,02Jul2008,2008,7,2,7,67
3,02Jul2008:8:00:00,02Jul2008,2008,7,2,8,72
3,02Jul2008:9:00:00,02Jul2008,2008,7,2,9,75
3,02Jul2008:10:00:00,02Jul2008,2008,7,2,10,78
3,02Jul2008:11:00:00,02Jul2008,2008,7,2,11,79
3,02Jul2008:12:00:00,02Jul2008,2008,7,2,12,81
3,02Jul2008:13:00:00,02Jul2008,2008,7,2,13,82
3,02Jul2008:14:00:00,02Jul2008,2008,7,2,14,83
3,02Jul2008:15:00:00,02Jul2008,2008,7,2,15,83
3,02Jul2008:16:00:00,02Jul2008,2008,7,2,16,83
3,02Jul2008:17:00:00,02Jul2008,2008,7,2,17,83
3,02Jul2008:18:00:00,02Jul2008,2008,7,2,18,82
3,02Jul2008:19:00:00,02Jul2008,2008,7,2,19,81
3,02Jul2008:20:00:00,02Jul2008,2008,7,2,20,78
3,02Jul2008:21:00:00,02Jul2008,2008,7,2,21,69
3,02Jul2008:22:00:00,02Jul2008,2008,7,2,22,69
3,02Jul2008:23:00:00,02Jul2008,2008,7,2,23,68
3,03Jul2008:0:00:00,02Jul2008,2008,7,2,24,70
3,03Jul2008:1:00:00,03Jul2008,2008,7,3,1,68
3,03Jul2008:2:00:00,03Jul2008,2008,7,3,2,68
3,03Jul2008:3:00:00,03Jul2008,2008,7,3,3,67
3,03Jul2008:4:00:00,03Jul2008,2008,7,3,4,67
3,03Jul2008:5:00:00,03Jul2008,2008,7,3,5,67
3,03Jul2008:6:00:00,03Jul2008,2008,7,3,6,68
3,03Jul2008:7:00:00,03Jul2008,2008,7,3,7,69
3,03Jul2008:8:00:00,03Jul2008,2008,7,3,8,74
3,03Jul2008:9:00:00,03Jul2008,2008,7,3,9,78
3,03Jul2008:10:00:00,03Jul2008,2008,7,3,10,80
3,03Jul2008:11:00:00,03Jul2008,2008,7,3,11,82
3,03Jul2008:12:00:00,03Jul2008,2008,7,3,12,85
3,03Jul2008:13:00:00,03Jul2008,2008,7,3,13,86
3,03Jul2008:14:00:00,03Jul2008,2008,7,3,14,87
3,03Jul2008:15:00:00,03Jul2008,2008,7,3,15,89
3,03Jul2008:16:00:00,03Jul2008,2008,7,3,16,89
3,03Jul2008:17:00:00,03Jul2008,2008,7,3,17,88
3,03Jul2008:18:00:00,03Jul2008,2008,7,3,18,87
3,03Jul2008:19:00:00,03Jul2008,2008,7,3,19,85
3,03Jul2008:20:00:00,03Jul2008,2008,7,3,20,81
3,03Jul2008:21:00:00,03Jul2008,2008,7,3,21,79
3,03Jul2008:22:00:00,03Jul2008,2008,7,3,22,77
3,03Jul2008:23:00:00,03Jul2008,2008,7,3,23,76
3,04Jul2008:0:00:00,03Jul2008,2008,7,3,24,75
3,04Jul2008:1:00:00,04Jul2008,2008,7,4,1,74
3,04Jul2008:2:00:00,04Jul2008,2008,7,4,2,74
3,04Jul2008:3:00:00,04Jul2008,2008,7,4,3,74
3,04Jul2008:4:00:00,04Jul2008,2008,7,4,4,74
3,04Jul2008:5:00:00,04Jul2008,2008,7,4,5,74
3,04Jul2008:6:00:00,04Jul2008,2008,7,4,6,74
3,04Jul2008:7:00:00,04Jul2008,2008,7,4,7,73
3,04Jul2008:8:00:00,04Jul2008,2008,7,4,8,75
3,04Jul2008:9:00:00,04Jul2008,2008,7,4,9,77
3,04Jul2008:10:00:00,04Jul2008,2008,7,4,10,80
3,04Jul2008:11:00:00,04Jul2008,2008,7,4,11,81
3,04Jul2008:12:00:00,04Jul2008,2008,7,4,12,83
3,04Jul2008:13:00:00,04Jul2008,2008,7,4,13,84
3,04Jul2008:14:00:00,04Jul2008,2008,7,4,14,86
3,04Jul2008:15:00:00,04Jul2008,2008,7,4,15,86
3,04Jul2008:16:00:00,04Jul2008,2008,7,4,16,86
3,04Jul2008:17:00:00,04Jul2008,2008,7,4,17,85
3,04Jul2008:18:00:00,04Jul2008,2008,7,4,18,85
3,04Jul2008:19:00:00,04Jul2008,2008,7,4,19,83
3,04Jul2008:20:00:00,04Jul2008,2008,7,4,20,77
3,04Jul2008:21:00:00,04Jul2008,2008,7,4,21,70
3,04Jul2008:22:00:00,04Jul2008,2008,7,4,22,68
3,04Jul2008:23:00:00,04Jul2008,2008,7,4,23,68
3,05Jul2008:0:00:00,04Jul2008,2008,7,4,24,68
3,05Jul2008:1:00:00,05Jul2008,2008,7,5,1,69
3,05Jul2008:2:00:00,05Jul2008,2008,7,5,2,69
3,05Jul2008:3:00:00,05Jul2008,2008,7,5,3,69
3,05Jul2008:4:00:00,05Jul2008,2008,7,5,4,69
3,05Jul2008:5:00:00,05Jul2008,2008,7,5,5,70
3,05Jul2008:6:00:00,05Jul2008,2008,7,5,6,70
3,05Jul2008:7:00:00,05Jul2008,2008,7,5,7,71
3,05Jul2008:8:00:00,05Jul2008,2008,7,5,8,71
3,05Jul2008:9:00:00,05Jul2008,2008,7,5,9,73
3,05Jul2008:10:00:00,05Jul2008,2008,7,5,10,73
3,05Jul2008:11:00:00,05Jul2008,2008,7,5,11,74
3,05Jul2008:12:00:00,05Jul2008,2008,7,5,12,76
3,05Jul2008:13:00:00,05Jul2008,2008,7,5,13,77
3,05Jul2008:14:00:00,05Jul2008,2008,7,5,14,78
3,05Jul2008:15:00:00,05Jul2008,2008,7,5,15,80
3,05Jul2008:16:00:00,05Jul2008,2008,7,5,16,79
3,05Jul2008:17:00:00,05Jul2008,2008,7,5,17,80
3,05Jul2008:18:00:00,05Jul2008,2008,7,5,18,78
3,05Jul2008:19:00:00,05Jul2008,2008,7,5,19,78
3,05Jul2008:20:00:00,05Jul2008,2008,7,5,20,75
3,05Jul2008:21:00:00,05Jul2008,2008,7,5,21,75
3,05Jul2008:22:00:00,05Jul2008,2008,7,5,22,73
3,05Jul2008:23:00:00,05Jul2008,2008,7,5,23,72
3,06Jul2008:0:00:00,05Jul2008,2008,7,5,24,72
3,06Jul2008:1:00:00,06Jul2008,2008,7,6,1,72
3,06Jul2008:2:00:00,06Jul2008,2008,7,6,2,73
3,06Jul2008:3:00:00,06Jul2008,2008,7,6,3,72
3,06Jul2008:4:00:00,06Jul2008,2008,7,6,4,72
3,06Jul2008:5:00:00,06Jul2008,2008,7,6,5,71
3,06Jul2008:6:00:00,06Jul2008,2008,7,6,6,71
3,06Jul2008:7:00:00,06Jul2008,2008,7,6,7,71
3,06Jul2008:8:00:00,06Jul2008,2008,7,6,8,73
3,06Jul2008:9:00:00,06Jul2008,2008,7,6,9,76
3,06Jul2008:10:00:00,06Jul2008,2008,7,6,10,80
3,06Jul2008:11:00:00,06Jul2008,2008,7,6,11,81
3,06Jul2008:12:00:00,06Jul2008,2008,7,6,12,81
3,06Jul2008:13:00:00,06Jul2008,2008,7,6,13,81
3,06Jul2008:14:00:00,06Jul2008,2008,7,6,14,80
3,06Jul2008:15:00:00,06Jul2008,2008,7,6,15,80
3,06Jul2008:16:00:00,06Jul2008,2008,7,6,16,80
3,06Jul2008:17:00:00,06Jul2008,2008,7,6,17,80
3,06Jul2008:18:00:00,06Jul2008,2008,7,6,18,80
3,06Jul2008:19:00:00,06Jul2008,2008,7,6,19,79
3,06Jul2008:20:00:00,06Jul2008,2008,7,6,20,76
3,06Jul2008:21:00:00,06Jul2008,2008,7,6,21,74
3,06Jul2008:22:00:00,06Jul2008,2008,7,6,22,73
3,06Jul2008:23:00:00,06Jul2008,2008,7,6,23,72
3,07Jul2008:0:00:00,06Jul2008,2008,7,6,24,73
3,07Jul2008:1:00:00,07Jul2008,2008,7,7,1,73
3,07Jul2008:2:00:00,07Jul2008,2008,7,7,2,73
3,07Jul2008:3:00:00,07Jul2008,2008,7,7,3,72
3,07Jul2008:4:00:00,07Jul2008,2008,7,7,4,72
3,07Jul2008:5:00:00,07Jul2008,2008,7,7,5,72
3,07Jul2008:6:00:00,07Jul2008,2008,7,7,6,71
3,07Jul2008:7:00:00,07Jul2008,2008,7,7,7,73
3,07Jul2008:8:00:00,07Jul2008,2008,7,7,8,76
3,07Jul2008:9:00:00,07Jul2008,2008,7,7,9,76
3,07Jul2008:10:00:00,07Jul2008,2008,7,7,10,80
3,07Jul2008:11:00:00,07Jul2008,2008,7,7,11,80
3,07Jul2008:12:00:00,07Jul2008,2008,7,7,12,83
3,07Jul2008:13:00:00,07Jul2008,2008,7,7,13,83
3,07Jul2008:14:00:00,07Jul2008,2008,7,7,14,84
3,07Jul2008:15:00:00,07Jul2008,2008,7,7,15,85
3,07Jul2008:16:00:00,07Jul2008,2008,7,7,16,85
3,07Jul2008:17:00:00,07Jul2008,2008,7,7,17,85
3,07Jul2008:18:00:00,07Jul2008,2008,7,7,18,83
3,07Jul2008:19:00:00,07Jul2008,2008,7,7,19,83
3,07Jul2008:20:00:00,07Jul2008,2008,7,7,20,81
3,07Jul2008:21:00:00,07Jul2008,2008,7,7,21,78
3,07Jul2008:22:00:00,07Jul2008,2008,7,7,22,77
3,07Jul2008:23:00:00,07Jul2008,2008,7,7,23,76
3,08Jul2008:0:00:00,07Jul2008,2008,7,7,24,73
4,30Jun2008:7:00:00,30Jun2008,2008,6,30,7,71
4,30Jun2008:8:00:00,30Jun2008,2008,6,30,8,72
4,30Jun2008:9:00:00,30Jun2008,2008,6,30,9,75
4,30Jun2008:10:00:00,30Jun2008,2008,6,30,10,77
4,30Jun2008:11:00:00,30Jun2008,2008,6,30,11,80
4,30Jun2008:12:00:00,30Jun2008,2008,6,30,12,83
4,30Jun2008:13:00:00,30Jun2008,2008,6,30,13,86
4,30Jun2008:14:00:00,30Jun2008,2008,6,30,14,88
4,30Jun2008:15:00:00,30Jun2008,2008,6,30,15,90
4,30Jun2008:16:00:00,30Jun2008,2008,6,30,16,90
4,30Jun2008:17:00:00,30Jun2008,2008,6,30,17,90
4,30Jun2008:18:00:00,30Jun2008,2008,6,30,18,89
4,30Jun2008:19:00:00,30Jun2008,2008,6,30,19,87
4,30Jun2008:20:00:00,30Jun2008,2008,6,30,20,82
4,30Jun2008:21:00:00,30Jun2008,2008,6,30,21,77
4,30Jun2008:22:00:00,30Jun2008,2008,6,30,22,77
4,30Jun2008:23:00:00,30Jun2008,2008,6,30,23,77
4,01Jul2008:0:00:00,30Jun2008,2008,6,30,24,75
4,01Jul2008:1:00:00,01Jul2008,2008,7,1,1,72
4,01Jul2008:2:00:00,01Jul2008,2008,7,1,2,71
4,01Jul2008:3:00:00,01Jul2008,2008,7,1,3,70
4,01Jul2008:4:00:00,01Jul2008,2008,7,1,4,69
4,01Jul2008:5:00:00,01Jul2008,2008,7,1,5,67
4,01Jul2008:6:00:00,01Jul2008,2008,7,1,6,65
4,01Jul2008:7:00:00,01Jul2008,2008,7,1,7,66
4,01Jul2008:8:00:00,01Jul2008,2008,7,1,8,70
4,01Jul2008:9:00:00,01Jul2008,2008,7,1,9,73
4,01Jul2008:10:00:00,01Jul2008,2008,7,1,10,78
4,01Jul2008:11:00:00,01Jul2008,2008,7,1,11,80
4,01Jul2008:12:00:00,01Jul2008,2008,7,1,12,81
4,01Jul2008:13:00:00,01Jul2008,2008,7,1,13,82
4,01Jul2008:14:00:00,01Jul2008,2008,7,1,14,84
4,01Jul2008:15:00:00,01Jul2008,2008,7,1,15,85
4,01Jul2008:16:00:00,01Jul2008,2008,7,1,16,86
4,01Jul2008:17:00:00,01Jul2008,2008,7,1,17,85
4,01Jul2008:18:00:00,01Jul2008,2008,7,1,18,84
4,01Jul2008:19:00:00,01Jul2008,2008,7,1,19,83
4,01Jul2008:20:00:00,01Jul2008,2008,7,1,20,80
4,01Jul2008:21:00:00,01Jul2008,2008,7,1,21,77
4,01Jul2008:22:00:00,01Jul2008,2008,7,1,22,74
4,01Jul2008:23:00:00,01Jul2008,2008,7,1,23,72
4,02Jul2008:0:00:00,01Jul2008,2008,7,1,24,68
4,02Jul2008:1:00:00,02Jul2008,2008,7,2,1,66
4,02Jul2008:2:00:00,02Jul2008,2008,7,2,2,65
4,02Jul2008:3:00:00,02Jul2008,2008,7,2,3,65
4,02Jul2008:4:00:00,02Jul2008,2008,7,2,4,64
4,02Jul2008:5:00:00,02Jul2008,2008,7,2,5,63
4,02Jul2008:6:00:00,02Jul2008,2008,7,2,6,63
4,02Jul2008:7:00:00,02Jul2008,2008,7,2,7,64
4,02Jul2008:8:00:00,02Jul2008,2008,7,2,8,70
4,02Jul2008:9:00:00,02Jul2008,2008,7,2,9,75
4,02Jul2008:10:00:00,02Jul2008,2008,7,2,10,79
4,02Jul2008:11:00:00,02Jul2008,2008,7,2,11,81
4,02Jul2008:12:00:00,02Jul2008,2008,7,2,12,83
4,02Jul2008:13:00:00,02Jul2008,2008,7,2,13,84
4,02Jul2008:14:00:00,02Jul2008,2008,7,2,14,87
4,02Jul2008:15:00:00,02Jul2008,2008,7,2,15,87
4,02Jul2008:16:00:00,02Jul2008,2008,7,2,16,88
4,02Jul2008:17:00:00,02Jul2008,2008,7,2,17,87
4,02Jul2008:18:00:00,02Jul2008,2008,7,2,18,87
4,02Jul2008:19:00:00,02Jul2008,2008,7,2,19,85
4,02Jul2008:20:00:00,02Jul2008,2008,7,2,20,82
4,02Jul2008:21:00:00,02Jul2008,2008,7,2,21,73
4,02Jul2008:22:00:00,02Jul2008,2008,7,2,22,69
4,02Jul2008:23:00:00,02Jul2008,2008,7,2,23,68
4,03Jul2008:0:00:00,02Jul2008,2008,7,2,24,66
4,03Jul2008:1:00:00,03Jul2008,2008,7,3,1,65
4,03Jul2008:2:00:00,03Jul2008,2008,7,3,2,68
4,03Jul2008:3:00:00,03Jul2008,2008,7,3,3,68
4,03Jul2008:4:00:00,03Jul2008,2008,7,3,4,68
4,03Jul2008:5:00:00,03Jul2008,2008,7,3,5,67
4,03Jul2008:6:00:00,03Jul2008,2008,7,3,6,66
4,03Jul2008:7:00:00,03Jul2008,2008,7,3,7,69
4,03Jul2008:8:00:00,03Jul2008,2008,7,3,8,73
4,03Jul2008:9:00:00,03Jul2008,2008,7,3,9,78
4,03Jul2008:10:00:00,03Jul2008,2008,7,3,10,81
4,03Jul2008:11:00:00,03Jul2008,2008,7,3,11,85
4,03Jul2008:12:00:00,03Jul2008,2008,7,3,12,88
4,03Jul2008:13:00:00,03Jul2008,2008,7,3,13,90
4,03Jul2008:14:00:00,03Jul2008,2008,7,3,14,90
4,03Jul2008:15:00:00,03Jul2008,2008,7,3,15,92
4,03Jul2008:16:00:00,03Jul2008,2008,7,3,16,91
4,03Jul2008:17:00:00,03Jul2008,2008,7,3,17,92
4,03Jul2008:18:00:00,03Jul2008,2008,7,3,18,91
4,03Jul2008:19:00:00,03Jul2008,2008,7,3,19,90
4,03Jul2008:20:00:00,03Jul2008,2008,7,3,20,86
4,03Jul2008:21:00:00,03Jul2008,2008,7,3,21,81
4,03Jul2008:22:00:00,03Jul2008,2008,7,3,22,80
4,03Jul2008:23:00:00,03Jul2008,2008,7,3,23,79
4,04Jul2008:0:00:00,03Jul2008,2008,7,3,24,78
4,04Jul2008:1:00:00,04Jul2008,2008,7,4,1,76
4,04Jul2008:2:00:00,04Jul2008,2008,7,4,2,75
4,04Jul2008:3:00:00,04Jul2008,2008,7,4,3,74
4,04Jul2008:4:00:00,04Jul2008,2008,7,4,4,73
4,04Jul2008:5:00:00,04Jul2008,2008,7,4,5,73
4,04Jul2008:6:00:00,04Jul2008,2008,7,4,6,73
4,04Jul2008:7:00:00,04Jul2008,2008,7,4,7,73
4,04Jul2008:8:00:00,04Jul2008,2008,7,4,8,76
4,04Jul2008:9:00:00,04Jul2008,2008,7,4,9,80
4,04Jul2008:10:00:00,04Jul2008,2008,7,4,10,83
4,04Jul2008:11:00:00,04Jul2008,2008,7,4,11,87
4,04Jul2008:12:00:00,04Jul2008,2008,7,4,12,90
4,04Jul2008:13:00:00,04Jul2008,2008,7,4,13,93
4,04Jul2008:14:00:00,04Jul2008,2008,7,4,14,95
4,04Jul2008:15:00:00,04Jul2008,2008,7,4,15,96
4,04Jul2008:16:00:00,04Jul2008,2008,7,4,16,96
4,04Jul2008:17:00:00,04Jul2008,2008,7,4,17,94
4,04Jul2008:18:00:00,04Jul2008,2008,7,4,18,92
4,04Jul2008:19:00:00,04Jul2008,2008,7,4,19,91
4,04Jul2008:20:00:00,04Jul2008,2008,7,4,20,86
4,04Jul2008:21:00:00,04Jul2008,2008,7,4,21,81
4,04Jul2008:22:00:00,04Jul2008,2008,7,4,22,76
4,04Jul2008:23:00:00,04Jul2008,2008,7,4,23,74
4,05Jul2008:0:00:00,04Jul2008,2008,7,4,24,73
4,05Jul2008:1:00:00,05Jul2008,2008,7,5,1,72
4,05Jul2008:2:00:00,05Jul2008,2008,7,5,2,72
4,05Jul2008:3:00:00,05Jul2008,2008,7,5,3,72
4,05Jul2008:4:00:00,05Jul2008,2008,7,5,4,72
4,05Jul2008:5:00:00,05Jul2008,2008,7,5,5,72
4,05Jul2008:6:00:00,05Jul2008,2008,7,5,6,72
4,05Jul2008:7:00:00,05Jul2008,2008,7,5,7,72
4,05Jul2008:8:00:00,05Jul2008,2008,7,5,8,72
4,05Jul2008:9:00:00,05Jul2008,2008,7,5,9,75
4,05Jul2008:10:00:00,05Jul2008,2008,7,5,10,79
4,05Jul2008:11:00:00,05Jul2008,2008,7,5,11,80
4,05Jul2008:12:00:00,05Jul2008,2008,7,5,12,80
4,05Jul2008:13:00:00,05Jul2008,2008,7,5,13,82
4,05Jul2008:14:00:00,05Jul2008,2008,7,5,14,84
4,05Jul2008:15:00:00,05Jul2008,2008,7,5,15,86
4,05Jul2008:16:00:00,05Jul2008,2008,7,5,16,85
4,05Jul2008:17:00:00,05Jul2008,2008,7,5,17,83
4,05Jul2008:18:00:00,05Jul2008,2008,7,5,18,75
4,05Jul2008:19:00:00,05Jul2008,2008,7,5,19,74
4,05Jul2008:20:00:00,05Jul2008,2008,7,5,20,71
4,05Jul2008:21:00:00,05Jul2008,2008,7,5,21,71
4,05Jul2008:22:00:00,05Jul2008,2008,7,5,22,71
4,05Jul2008:23:00:00,05Jul2008,2008,7,5,23,72
4,06Jul2008:0:00:00,05Jul2008,2008,7,5,24,71
4,06Jul2008:1:00:00,06Jul2008,2008,7,6,1,70
4,06Jul2008:2:00:00,06Jul2008,2008,7,6,2,71
4,06Jul2008:3:00:00,06Jul2008,2008,7,6,3,71
4,06Jul2008:4:00:00,06Jul2008,2008,7,6,4,71
4,06Jul2008:5:00:00,06Jul2008,2008,7,6,5,71
4,06Jul2008:6:00:00,06Jul2008,2008,7,6,6,71
4,06Jul2008:7:00:00,06Jul2008,2008,7,6,7,71
4,06Jul2008:8:00:00,06Jul2008,2008,7,6,8,72
4,06Jul2008:9:00:00,06Jul2008,2008,7,6,9,74
4,06Jul2008:10:00:00,06Jul2008,2008,7,6,10,76
4,06Jul2008:11:00:00,06Jul2008,2008,7,6,11,79
4,06Jul2008:12:00:00,06Jul2008,2008,7,6,12,80
4,06Jul2008:13:00:00,06Jul2008,2008,7,6,13,81
4,06Jul2008:14:00:00,06Jul2008,2008,7,6,14,83
4,06Jul2008:15:00:00,06Jul2008,2008,7,6,15,85
4,06Jul2008:16:00:00,06Jul2008,2008,7,6,16,84
4,06Jul2008:17:00:00,06Jul2008,2008,7,6,17,86
4,06Jul2008:18:00:00,06Jul2008,2008,7,6,18,85
4,06Jul2008:19:00:00,06Jul2008,2008,7,6,19,82
4,06Jul2008:20:00:00,06Jul2008,2008,7,6,20,79
4,06Jul2008:21:00:00,06Jul2008,2008,7,6,21,75
4,06Jul2008:22:00:00,06Jul2008,2008,7,6,22,73
4,06Jul2008:23:00:00,06Jul2008,2008,7,6,23,73
4,07Jul2008:0:00:00,06Jul2008,2008,7,6,24,72
4,07Jul2008:1:00:00,07Jul2008,2008,7,7,1,72
4,07Jul2008:2:00:00,07Jul2008,2008,7,7,2,72
4,07Jul2008:3:00:00,07Jul2008,2008,7,7,3,72
4,07Jul2008:4:00:00,07Jul2008,2008,7,7,4,70
4,07Jul2008:5:00:00,07Jul2008,2008,7,7,5,71
4,07Jul2008:6:00:00,07Jul2008,2008,7,7,6,71
4,07Jul2008:7:00:00,07Jul2008,2008,7,7,7,70
4,07Jul2008:8:00:00,07Jul2008,2008,7,7,8,72
4,07Jul2008:9:00:00,07Jul2008,2008,7,7,9,74
4,07Jul2008:10:00:00,07Jul2008,2008,7,7,10,77
4,07Jul2008:11:00:00,07Jul2008,2008,7,7,11,79
4,07Jul2008:12:00:00,07Jul2008,2008,7,7,12,82
4,07Jul2008:13:00:00,07Jul2008,2008,7,7,13,84
4,07Jul2008:14:00:00,07Jul2008,2008,7,7,14,85
4,07Jul2008:15:00:00,07Jul2008,2008,7,7,15,87
4,07Jul2008:16:00:00,07Jul2008,2008,7,7,16,88
4,07Jul2008:17:00:00,07Jul2008,2008,7,7,17,88
4,07Jul2008:18:00:00,07Jul2008,2008,7,7,18,88
4,07Jul2008:19:00:00,07Jul2008,2008,7,7,19,86
4,07Jul2008:20:00:00,07Jul2008,2008,7,7,20,84
4,07Jul2008:21:00:00,07Jul2008,2008,7,7,21,81
4,07Jul2008:22:00:00,07Jul2008,2008,7,7,22,80
4,07Jul2008:23:00:00,07Jul2008,2008,7,7,23,79
4,08Jul2008:0:00:00,07Jul2008,2008,7,7,24,77
5,30Jun2008:7:00:00,30Jun2008,2008,6,30,7,73
5,30Jun2008:8:00:00,30Jun2008,2008,6,30,8,74
5,30Jun2008:9:00:00,30Jun2008,2008,6,30,9,75
5,30Jun2008:10:00:00,30Jun2008,2008,6,30,10,77
5,30Jun2008:11:00:00,30Jun2008,2008,6,30,11,80
5,30Jun2008:12:00:00,30Jun2008,2008,6,30,12,82
5,30Jun2008:13:00:00,30Jun2008,2008,6,30,13,83
5,30Jun2008:14:00:00,30Jun2008,2008,6,30,14,85
5,30Jun2008:15:00:00,30Jun2008,2008,6,30,15,84
5,30Jun2008:16:00:00,30Jun2008,2008,6,30,16,83
5,30Jun2008:17:00:00,30Jun2008,2008,6,30,17,85
5,30Jun2008:18:00:00,30Jun2008,2008,6,30,18,84
5,30Jun2008:19:00:00,30Jun2008,2008,6,30,19,81
5,30Jun2008:20:00:00,30Jun2008,2008,6,30,20,79
5,30Jun2008:21:00:00,30Jun2008,2008,6,30,21,71
5,30Jun2008:22:00:00,30Jun2008,2008,6,30,22,71
5,30Jun2008:23:00:00,30Jun2008,2008,6,30,23,69
5,01Jul2008:0:00:00,30Jun2008,2008,6,30,24,68
5,01Jul2008:1:00:00,01Jul2008,2008,7,1,1,69
5,01Jul2008:2:00:00,01Jul2008,2008,7,1,2,68
5,01Jul2008:3:00:00,01Jul2008,2008,7,1,3,66
5,01Jul2008:4:00:00,01Jul2008,2008,7,1,4,67
5,01Jul2008:5:00:00,01Jul2008,2008,7,1,5,67
5,01Jul2008:6:00:00,01Jul2008,2008,7,1,6,66
5,01Jul2008:7:00:00,01Jul2008,2008,7,1,7,68
5,01Jul2008:8:00:00,01Jul2008,2008,7,1,8,70
5,01Jul2008:9:00:00,01Jul2008,2008,7,1,9,72
5,01Jul2008:10:00:00,01Jul2008,2008,7,1,10,74
5,01Jul2008:11:00:00,01Jul2008,2008,7,1,11,77
5,01Jul2008:12:00:00,01Jul2008,2008,7,1,12,79
5,01Jul2008:13:00:00,01Jul2008,2008,7,1,13,81
5,01Jul2008:14:00:00,01Jul2008,2008,7,1,14,81
5,01Jul2008:15:00:00,01Jul2008,2008,7,1,15,82
5,01Jul2008:16:00:00,01Jul2008,2008,7,1,16,83
5,01Jul2008:17:00:00,01Jul2008,2008,7,1,17,82
5,01Jul2008:18:00:00,01Jul2008,2008,7,1,18,82
5,01Jul2008:19:00:00,01Jul2008,2008,7,1,19,82
5,01Jul2008:20:00:00,01Jul2008,2008,7,1,20,80
5,01Jul2008:21:00:00,01Jul2008,2008,7,1,21,77
5,01Jul2008:22:00:00,01Jul2008,2008,7,1,22,72
5,01Jul2008:23:00:00,01Jul2008,2008,7,1,23,72
5,02Jul2008:0:00:00,01Jul2008,2008,7,1,24,71
5,02Jul2008:1:00:00,02Jul2008,2008,7,2,1,70
5,02Jul2008:2:00:00,02Jul2008,2008,7,2,2,69
5,02Jul2008:3:00:00,02Jul2008,2008,7,2,3,67
5,02Jul2008:4:00:00,02Jul2008,2008,7,2,4,66
5,02Jul2008:5:00:00,02Jul2008,2008,7,2,5,66
5,02Jul2008:6:00:00,02Jul2008,2008,7,2,6,66
5,02Jul2008:7:00:00,02Jul2008,2008,7,2,7,68
5,02Jul2008:8:00:00,02Jul2008,2008,7,2,8,72
5,02Jul2008:9:00:00,02Jul2008,2008,7,2,9,76
5,02Jul2008:10:00:00,02Jul2008,2008,7,2,10,78
5,02Jul2008:11:00:00,02Jul2008,2008,7,2,11,80
5,02Jul2008:12:00:00,02Jul2008,2008,7,2,12,82
5,02Jul2008:13:00:00,02Jul2008,2008,7,2,13,83
5,02Jul2008:14:00:00,02Jul2008,2008,7,2,14,85
5,02Jul2008:15:00:00,02Jul2008,2008,7,2,15,85
5,02Jul2008:16:00:00,02Jul2008,2008,7,2,16,84
5,02Jul2008:17:00:00,02Jul2008,2008,7,2,17,84
5,02Jul2008:18:00:00,02Jul2008,2008,7,2,18,83
5,02Jul2008:19:00:00,02Jul2008,2008,7,2,19,82
5,02Jul2008:20:00:00,02Jul2008,2008,7,2,20,79
5,02Jul2008:21:00:00,02Jul2008,2008,7,2,21,74
5,02Jul2008:22:00:00,02Jul2008,2008,7,2,22,71
5,02Jul2008:23:00:00,02Jul2008,2008,7,2,23,72
5,03Jul2008:0:00:00,02Jul2008,2008,7,2,24,70
5,03Jul2008:1:00:00,03Jul2008,2008,7,3,1,69
5,03Jul2008:2:00:00,03Jul2008,2008,7,3,2,68
5,03Jul2008:3:00:00,03Jul2008,2008,7,3,3,67
5,03Jul2008:4:00:00,03Jul2008,2008,7,3,4,67
5,03Jul2008:5:00:00,03Jul2008,2008,7,3,5,67
5,03Jul2008:6:00:00,03Jul2008,2008,7,3,6,68
5,03Jul2008:7:00:00,03Jul2008,2008,7,3,7,71
5,03Jul2008:8:00:00,03Jul2008,2008,7,3,8,75
5,03Jul2008:9:00:00,03Jul2008,2008,7,3,9,79
5,03Jul2008:10:00:00,03Jul2008,2008,7,3,10,83
5,03Jul2008:11:00:00,03Jul2008,2008,7,3,11,86
5,03Jul2008:12:00:00,03Jul2008,2008,7,3,12,88
5,03Jul2008:13:00:00,03Jul2008,2008,7,3,13,91
5,03Jul2008:14:00:00,03Jul2008,2008,7,3,14,91
5,03Jul2008:15:00:00,03Jul2008,2008,7,3,15,92
5,03Jul2008:16:00:00,03Jul2008,2008,7,3,16,90
5,03Jul2008:17:00:00,03Jul2008,2008,7,3,17,90
5,03Jul2008:18:00:00,03Jul2008,2008,7,3,18,89
5,03Jul2008:19:00:00,03Jul2008,2008,7,3,19,87
5,03Jul2008:20:00:00,03Jul2008,2008,7,3,20,83
5,03Jul2008:21:00:00,03Jul2008,2008,7,3,21,79
5,03Jul2008:22:00:00,03Jul2008,2008,7,3,22,77
5,03Jul2008:23:00:00,03Jul2008,2008,7,3,23,75
5,04Jul2008:0:00:00,03Jul2008,2008,7,3,24,75
5,04Jul2008:1:00:00,04Jul2008,2008,7,4,1,74
5,04Jul2008:2:00:00,04Jul2008,2008,7,4,2,73
5,04Jul2008:3:00:00,04Jul2008,2008,7,4,3,73
5,04Jul2008:4:00:00,04Jul2008,2008,7,4,4,72
5,04Jul2008:5:00:00,04Jul2008,2008,7,4,5,70
5,04Jul2008:6:00:00,04Jul2008,2008,7,4,6,71
5,04Jul2008:7:00:00,04Jul2008,2008,7,4,7,72
5,04Jul2008:8:00:00,04Jul2008,2008,7,4,8,76
5,04Jul2008:9:00:00,04Jul2008,2008,7,4,9,77
5,04Jul2008:10:00:00,04Jul2008,2008,7,4,10,80
5,04Jul2008:11:00:00,04Jul2008,2008,7,4,11,81
5,04Jul2008:12:00:00,04Jul2008,2008,7,4,12,84
5,04Jul2008:13:00:00,04Jul2008,2008,7,4,13,86
5,04Jul2008:14:00:00,04Jul2008,2008,7,4,14,86
5,04Jul2008:15:00:00,04Jul2008,2008,7,4,15,89
5,04Jul2008:16:00:00,04Jul2008,2008,7,4,16,88
5,04Jul2008:17:00:00,04Jul2008,2008,7,4,17,87
5,04Jul2008:18:00:00,04Jul2008,2008,7,4,18,82
5,04Jul2008:19:00:00,04Jul2008,2008,7,4,19,80
5,04Jul2008:20:00:00,04Jul2008,2008,7,4,20,79
5,04Jul2008:21:00:00,04Jul2008,2008,7,4,21,75
5,04Jul2008:22:00:00,04Jul2008,2008,7,4,22,69
5,04Jul2008:23:00:00,04Jul2008,2008,7,4,23,68
5,05Jul2008:0:00:00,04Jul2008,2008,7,4,24,69
5,05Jul2008:1:00:00,05Jul2008,2008,7,5,1,70
5,05Jul2008:2:00:00,05Jul2008,2008,7,5,2,70
5,05Jul2008:3:00:00,05Jul2008,2008,7,5,3,70
5,05Jul2008:4:00:00,05Jul2008,2008,7,5,4,70
5,05Jul2008:5:00:00,05Jul2008,2008,7,5,5,70
5,05Jul2008:6:00:00,05Jul2008,2008,7,5,6,70
5,05Jul2008:7:00:00,05Jul2008,2008,7,5,7,71
5,05Jul2008:8:00:00,05Jul2008,2008,7,5,8,72
5,05Jul2008:9:00:00,05Jul2008,2008,7,5,9,73
5,05Jul2008:10:00:00,05Jul2008,2008,7,5,10,74
5,05Jul2008:11:00:00,05Jul2008,2008,7,5,11,75
5,05Jul2008:12:00:00,05Jul2008,2008,7,5,12,76
5,05Jul2008:13:00:00,05Jul2008,2008,7,5,13,77
5,05Jul2008:14:00:00,05Jul2008,2008,7,5,14,79
5,05Jul2008:15:00:00,05Jul2008,2008,7,5,15,80
5,05Jul2008:16:00:00,05Jul2008,2008,7,5,16,79
5,05Jul2008:17:00:00,05Jul2008,2008,7,5,17,78
5,05Jul2008:18:00:00,05Jul2008,2008,7,5,18,78
5,05Jul2008:19:00:00,05Jul2008,2008,7,5,19,78
5,05Jul2008:20:00:00,05Jul2008,2008,7,5,20,76
5,05Jul2008:21:00:00,05Jul2008,2008,7,5,21,75
5,05Jul2008:22:00:00,05Jul2008,2008,7,5,22,74
5,05Jul2008:23:00:00,05Jul2008,2008,7,5,23,73
5,06Jul2008:0:00:00,05Jul2008,2008,7,5,24,73
5,06Jul2008:1:00:00,06Jul2008,2008,7,6,1,73
5,06Jul2008:2:00:00,06Jul2008,2008,7,6,2,74
5,06Jul2008:3:00:00,06Jul2008,2008,7,6,3,73
5,06Jul2008:4:00:00,06Jul2008,2008,7,6,4,73
5,06Jul2008:5:00:00,06Jul2008,2008,7,6,5,73
5,06Jul2008:6:00:00,06Jul2008,2008,7,6,6,71
5,06Jul2008:7:00:00,06Jul2008,2008,7,6,7,72
5,06Jul2008:8:00:00,06Jul2008,2008,7,6,8,74
5,06Jul2008:9:00:00,06Jul2008,2008,7,6,9,75
5,06Jul2008:10:00:00,06Jul2008,2008,7,6,10,75
5,06Jul2008:11:00:00,06Jul2008,2008,7,6,11,77
5,06Jul2008:12:00:00,06Jul2008,2008,7,6,12,78
5,06Jul2008:13:00:00,06Jul2008,2008,7,6,13,78
5,06Jul2008:14:00:00,06Jul2008,2008,7,6,14,78
5,06Jul2008:15:00:00,06Jul2008,2008,7,6,15,77
5,06Jul2008:16:00:00,06Jul2008,2008,7,6,16,76
5,06Jul2008:17:00:00,06Jul2008,2008,7,6,17,77
5,06Jul2008:18:00:00,06Jul2008,2008,7,6,18,77
5,06Jul2008:19:00:00,06Jul2008,2008,7,6,19,77
5,06Jul2008:20:00:00,06Jul2008,2008,7,6,20,75
5,06Jul2008:21:00:00,06Jul2008,2008,7,6,21,75
5,06Jul2008:22:00:00,06Jul2008,2008,7,6,22,74
5,06Jul2008:23:00:00,06Jul2008,2008,7,6,23,73
5,07Jul2008:0:00:00,06Jul2008,2008,7,6,24,73
5,07Jul2008:1:00:00,07Jul2008,2008,7,7,1,74
5,07Jul2008:2:00:00,07Jul2008,2008,7,7,2,74
5,07Jul2008:3:00:00,07Jul2008,2008,7,7,3,73
5,07Jul2008:4:00:00,07Jul2008,2008,7,7,4,72
5,07Jul2008:5:00:00,07Jul2008,2008,7,7,5,72
5,07Jul2008:6:00:00,07Jul2008,2008,7,7,6,73
5,07Jul2008:7:00:00,07Jul2008,2008,7,7,7,74
5,07Jul2008:8:00:00,07Jul2008,2008,7,7,8,75
5,07Jul2008:9:00:00,07Jul2008,2008,7,7,9,77
5,07Jul2008:10:00:00,07Jul2008,2008,7,7,10,78
5,07Jul2008:11:00:00,07Jul2008,2008,7,7,11,80
5,07Jul2008:12:00:00,07Jul2008,2008,7,7,12,83
5,07Jul2008:13:00:00,07Jul2008,2008,7,7,13,83
5,07Jul2008:14:00:00,07Jul2008,2008,7,7,14,85
5,07Jul2008:15:00:00,07Jul2008,2008,7,7,15,85
5,07Jul2008:16:00:00,07Jul2008,2008,7,7,16,86
5,07Jul2008:17:00:00,07Jul2008,2008,7,7,17,86
5,07Jul2008:18:00:00,07Jul2008,2008,7,7,18,84
5,07Jul2008:19:00:00,07Jul2008,2008,7,7,19,84
5,07Jul2008:20:00:00,07Jul2008,2008,7,7,20,82
5,07Jul2008:21:00:00,07Jul2008,2008,7,7,21,78
5,07Jul2008:22:00:00,07Jul2008,2008,7,7,22,77
5,07Jul2008:23:00:00,07Jul2008,2008,7,7,23,76
5,08Jul2008:0:00:00,07Jul2008,2008,7,7,24,75
6,30Jun2008:7:00:00,30Jun2008,2008,6,30,7,69
6,30Jun2008:8:00:00,30Jun2008,2008,6,30,8,71
6,30Jun2008:9:00:00,30Jun2008,2008,6,30,9,73
6,30Jun2008:10:00:00,30Jun2008,2008,6,30,10,78
6,30Jun2008:11:00:00,30Jun2008,2008,6,30,11,80
6,30Jun2008:12:00:00,30Jun2008,2008,6,30,12,82
6,30Jun2008:13:00:00,30Jun2008,2008,6,30,13,84
6,30Jun2008:14:00:00,30Jun2008,2008,6,30,14,84
6,30Jun2008:15:00:00,30Jun2008,2008,6,30,15,84
6,30Jun2008:16:00:00,30Jun2008,2008,6,30,16,84
6,30Jun2008:17:00:00,30Jun2008,2008,6,30,17,84
6,30Jun2008:18:00:00,30Jun2008,2008,6,30,18,82
6,30Jun2008:19:00:00,30Jun2008,2008,6,30,19,79
6,30Jun2008:20:00:00,30Jun2008,2008,6,30,20,77
6,30Jun2008:21:00:00,30Jun2008,2008,6,30,21,73
6,30Jun2008:22:00:00,30Jun2008,2008,6,30,22,72
6,30Jun2008:23:00:00,30Jun2008,2008,6,30,23,70
6,01Jul2008:0:00:00,30Jun2008,2008,6,30,24,67
6,01Jul2008:1:00:00,01Jul2008,2008,7,1,1,66
6,01Jul2008:2:00:00,01Jul2008,2008,7,1,2,65
6,01Jul2008:3:00:00,01Jul2008,2008,7,1,3,65
6,01Jul2008:4:00:00,01Jul2008,2008,7,1,4,64
6,01Jul2008:5:00:00,01Jul2008,2008,7,1,5,62
6,01Jul2008:6:00:00,01Jul2008,2008,7,1,6,61
6,01Jul2008:7:00:00,01Jul2008,2008,7,1,7,63
6,01Jul2008:8:00:00,01Jul2008,2008,7,1,8,68
6,01Jul2008:9:00:00,01Jul2008,2008,7,1,9,71
6,01Jul2008:10:00:00,01Jul2008,2008,7,1,10,73
6,01Jul2008:11:00:00,01Jul2008,2008,7,1,11,75
6,01Jul2008:12:00:00,01Jul2008,2008,7,1,12,77
6,01Jul2008:13:00:00,01Jul2008,2008,7,1,13,78
6,01Jul2008:14:00:00,01Jul2008,2008,7,1,14,79
6,01Jul2008:15:00:00,01Jul2008,2008,7,1,15,80
6,01Jul2008:16:00:00,01Jul2008,2008,7,1,16,80
6,01Jul2008:17:00:00,01Jul2008,2008,7,1,17,78
6,01Jul2008:18:00:00,01Jul2008,2008,7,1,18,78
6,01Jul2008:19:00:00,01Jul2008,2008,7,1,19,78
6,01Jul2008:20:00:00,01Jul2008,2008,7,1,20,76
6,01Jul2008:21:00:00,01Jul2008,2008,7,1,21,70
6,01Jul2008:22:00:00,01Jul2008,2008,7,1,22,67
6,01Jul2008:23:00:00,01Jul2008,2008,7,1,23,65
6,02Jul2008:0:00:00,01Jul2008,2008,7,1,24,62
6,02Jul2008:1:00:00,02Jul2008,2008,7,2,1,61
6,02Jul2008:2:00:00,02Jul2008,2008,7,2,2,61
6,02Jul2008:3:00:00,02Jul2008,2008,7,2,3,59
6,02Jul2008:4:00:00,02Jul2008,2008,7,2,4,59
6,02Jul2008:5:00:00,02Jul2008,2008,7,2,5,57
6,02Jul2008:6:00:00,02Jul2008,2008,7,2,6,58
6,02Jul2008:7:00:00,02Jul2008,2008,7,2,7,59
6,02Jul2008:8:00:00,02Jul2008,2008,7,2,8,66
6,02Jul2008:9:00:00,02Jul2008,2008,7,2,9,71
6,02Jul2008:10:00:00,02Jul2008,2008,7,2,10,77
6,02Jul2008:11:00:00,02Jul2008,2008,7,2,11,79
6,02Jul2008:12:00:00,02Jul2008,2008,7,2,12,82
6,02Jul2008:13:00:00,02Jul2008,2008,7,2,13,82
6,02Jul2008:14:00:00,02Jul2008,2008,7,2,14,84
6,02Jul2008:15:00:00,02Jul2008,2008,7,2,15,85
6,02Jul2008:16:00:00,02Jul2008,2008,7,2,16,86
6,02Jul2008:17:00:00,02Jul2008,2008,7,2,17,86
6,02Jul2008:18:00:00,02Jul2008,2008,7,2,18,85
6,02Jul2008:19:00:00,02Jul2008,2008,7,2,19,84
6,02Jul2008:20:00:00,02Jul2008,2008,7,2,20,80
6,02Jul2008:21:00:00,02Jul2008,2008,7,2,21,70
6,02Jul2008:22:00:00,02Jul2008,2008,7,2,22,67
6,02Jul2008:23:00:00,02Jul2008,2008,7,2,23,68
6,03Jul2008:0:00:00,02Jul2008,2008,7,2,24,65
6,03Jul2008:1:00:00,03Jul2008,2008,7,3,1,63
6,03Jul2008:2:00:00,03Jul2008,2008,7,3,2,65
6,03Jul2008:3:00:00,03Jul2008,2008,7,3,3,63
6,03Jul2008:4:00:00,03Jul2008,2008,7,3,4,63
6,03Jul2008:5:00:00,03Jul2008,2008,7,3,5,61
6,03Jul2008:6:00:00,03Jul2008,2008,7,3,6,62
6,03Jul2008:7:00:00,03Jul2008,2008,7,3,7,64
6,03Jul2008:8:00:00,03Jul2008,2008,7,3,8,69
6,03Jul2008:9:00:00,03Jul2008,2008,7,3,9,76
6,03Jul2008:10:00:00,03Jul2008,2008,7,3,10,79
6,03Jul2008:11:00:00,03Jul2008,2008,7,3,11,82
6,03Jul2008:12:00:00,03Jul2008,2008,7,3,12,86
6,03Jul2008:13:00:00,03Jul2008,2008,7,3,13,88
6,03Jul2008:14:00:00,03Jul2008,2008,7,3,14,89
6,03Jul2008:15:00:00,03Jul2008,2008,7,3,15,89
6,03Jul2008:16:00:00,03Jul2008,2008,7,3,16,89
6,03Jul2008:17:00:00,03Jul2008,2008,7,3,17,89
6,03Jul2008:18:00:00,03Jul2008,2008,7,3,18,88
6,03Jul2008:19:00:00,03Jul2008,2008,7,3,19,87
6,03Jul2008:20:00:00,03Jul2008,2008,7,3,20,82
6,03Jul2008:21:00:00,03Jul2008,2008,7,3,21,77
6,03Jul2008:22:00:00,03Jul2008,2008,7,3,22,73
6,03Jul2008:23:00:00,03Jul2008,2008,7,3,23,72
6,04Jul2008:0:00:00,03Jul2008,2008,7,3,24,72
6,04Jul2008:1:00:00,04Jul2008,2008,7,4,1,71
6,04Jul2008:2:00:00,04Jul2008,2008,7,4,2,71
6,04Jul2008:3:00:00,04Jul2008,2008,7,4,3,69
6,04Jul2008:4:00:00,04Jul2008,2008,7,4,4,69
6,04Jul2008:5:00:00,04Jul2008,2008,7,4,5,69
6,04Jul2008:6:00:00,04Jul2008,2008,7,4,6,67
6,04Jul2008:7:00:00,04Jul2008,2008,7,4,7,70
6,04Jul2008:8:00:00,04Jul2008,2008,7,4,8,73
6,04Jul2008:9:00:00,04Jul2008,2008,7,4,9,78
6,04Jul2008:10:00:00,04Jul2008,2008,7,4,10,81
6,04Jul2008:11:00:00,04Jul2008,2008,7,4,11,85
6,04Jul2008:12:00:00,04Jul2008,2008,7,4,12,88
6,04Jul2008:13:00:00,04Jul2008,2008,7,4,13,90
6,04Jul2008:14:00:00,04Jul2008,2008,7,4,14,90
6,04Jul2008:15:00:00,04Jul2008,2008,7,4,15,89
6,04Jul2008:16:00:00,04Jul2008,2008,7,4,16,85
6,04Jul2008:17:00:00,04Jul2008,2008,7,4,17,84
6,04Jul2008:18:00:00,04Jul2008,2008,7,4,18,85
6,04Jul2008:19:00:00,04Jul2008,2008,7,4,19,82
6,04Jul2008:20:00:00,04Jul2008,2008,7,4,20,79
6,04Jul2008:21:00:00,04Jul2008,2008,7,4,21,76
6,04Jul2008:22:00:00,04Jul2008,2008,7,4,22,77
6,04Jul2008:23:00:00,04Jul2008,2008,7,4,23,73
6,05Jul2008:0:00:00,04Jul2008,2008,7,4,24,73
6,05Jul2008:1:00:00,05Jul2008,2008,7,5,1,72
6,05Jul2008:2:00:00,05Jul2008,2008,7,5,2,72
6,05Jul2008:3:00:00,05Jul2008,2008,7,5,3,71
6,05Jul2008:4:00:00,05Jul2008,2008,7,5,4,70
6,05Jul2008:5:00:00,05Jul2008,2008,7,5,5,70
6,05Jul2008:6:00:00,05Jul2008,2008,7,5,6,71
6,05Jul2008:7:00:00,05Jul2008,2008,7,5,7,70
6,05Jul2008:8:00:00,05Jul2008,2008,7,5,8,71
6,05Jul2008:9:00:00,05Jul2008,2008,7,5,9,72
6,05Jul2008:10:00:00,05Jul2008,2008,7,5,10,75
6,05Jul2008:11:00:00,05Jul2008,2008,7,5,11,75
6,05Jul2008:12:00:00,05Jul2008,2008,7,5,12,77
6,05Jul2008:13:00:00,05Jul2008,2008,7,5,13,79
6,05Jul2008:14:00:00,05Jul2008,2008,7,5,14,80
6,05Jul2008:15:00:00,05Jul2008,2008,7,5,15,81
6,05Jul2008:16:00:00,05Jul2008,2008,7,5,16,80
6,05Jul2008:17:00:00,05Jul2008,2008,7,5,17,75
6,05Jul2008:18:00:00,05Jul2008,2008,7,5,18,76
6,05Jul2008:19:00:00,05Jul2008,2008,7,5,19,75
6,05Jul2008:20:00:00,05Jul2008,2008,7,5,20,74
6,05Jul2008:21:00:00,05Jul2008,2008,7,5,21,73
6,05Jul2008:22:00:00,05Jul2008,2008,7,5,22,73
6,05Jul2008:23:00:00,05Jul2008,2008,7,5,23,73
6,06Jul2008:0:00:00,05Jul2008,2008,7,5,24,72
6,06Jul2008:1:00:00,06Jul2008,2008,7,6,1,72
6,06Jul2008:2:00:00,06Jul2008,2008,7,6,2,71
6,06Jul2008:3:00:00,06Jul2008,2008,7,6,3,71
6,06Jul2008:4:00:00,06Jul2008,2008,7,6,4,70
6,06Jul2008:5:00:00,06Jul2008,2008,7,6,5,71
6,06Jul2008:6:00:00,06Jul2008,2008,7,6,6,71
6,06Jul2008:7:00:00,06Jul2008,2008,7,6,7,71
6,06Jul2008:8:00:00,06Jul2008,2008,7,6,8,72
6,06Jul2008:9:00:00,06Jul2008,2008,7,6,9,73
6,06Jul2008:10:00:00,06Jul2008,2008,7,6,10,73
6,06Jul2008:11:00:00,06Jul2008,2008,7,6,11,75
6,06Jul2008:12:00:00,06Jul2008,2008,7,6,12,78
6,06Jul2008:13:00:00,06Jul2008,2008,7,6,13,80
6,06Jul2008:14:00:00,06Jul2008,2008,7,6,14,84
6,06Jul2008:15:00:00,06Jul2008,2008,7,6,15,83
6,06Jul2008:16:00:00,06Jul2008,2008,7,6,16,84
6,06Jul2008:17:00:00,06Jul2008,2008,7,6,17,83
6,06Jul2008:18:00:00,06Jul2008,2008,7,6,18,83
6,06Jul2008:19:00:00,06Jul2008,2008,7,6,19,81
6,06Jul2008:20:00:00,06Jul2008,2008,7,6,20,79
6,06Jul2008:21:00:00,06Jul2008,2008,7,6,21,76
6,06Jul2008:22:00:00,06Jul2008,2008,7,6,22,73
6,06Jul2008:23:00:00,06Jul2008,2008,7,6,23,72
6,07Jul2008:0:00:00,06Jul2008,2008,7,6,24,72
6,07Jul2008:1:00:00,07Jul2008,2008,7,7,1,72
6,07Jul2008:2:00:00,07Jul2008,2008,7,7,2,72
6,07Jul2008:3:00:00,07Jul2008,2008,7,7,3,71
6,07Jul2008:4:00:00,07Jul2008,2008,7,7,4,70
6,07Jul2008:5:00:00,07Jul2008,2008,7,7,5,71
6,07Jul2008:6:00:00,07Jul2008,2008,7,7,6,71
6,07Jul2008:7:00:00,07Jul2008,2008,7,7,7,71
6,07Jul2008:8:00:00,07Jul2008,2008,7,7,8,71
6,07Jul2008:9:00:00,07Jul2008,2008,7,7,9,74
6,07Jul2008:10:00:00,07Jul2008,2008,7,7,10,76
6,07Jul2008:11:00:00,07Jul2008,2008,7,7,11,77
6,07Jul2008:12:00:00,07Jul2008,2008,7,7,12,81
6,07Jul2008:13:00:00,07Jul2008,2008,7,7,13,84
6,07Jul2008:14:00:00,07Jul2008,2008,7,7,14,86
6,07Jul2008:15:00:00,07Jul2008,2008,7,7,15,86
6,07Jul2008:16:00:00,07Jul2008,2008,7,7,16,87
6,07Jul2008:17:00:00,07Jul2008,2008,7,7,17,86
6,07Jul2008:18:00:00,07Jul2008,2008,7,7,18,79
6,07Jul2008:19:00:00,07Jul2008,2008,7,7,19,77
6,07Jul2008:20:00:00,07Jul2008,2008,7,7,20,76
6,07Jul2008:21:00:00,07Jul2008,2008,7,7,21,73
6,07Jul2008:22:00:00,07Jul2008,2008,7,7,22,72
6,07Jul2008:23:00:00,07Jul2008,2008,7,7,23,72
6,08Jul2008:0:00:00,07Jul2008,2008,7,7,24,71
7,30Jun2008:7:00:00,30Jun2008,2008,6,30,7,70
7,30Jun2008:8:00:00,30Jun2008,2008,6,30,8,72
7,30Jun2008:9:00:00,30Jun2008,2008,6,30,9,75
7,30Jun2008:10:00:00,30Jun2008,2008,6,30,10,78
7,30Jun2008:11:00:00,30Jun2008,2008,6,30,11,80
7,30Jun2008:12:00:00,30Jun2008,2008,6,30,12,82
7,30Jun2008:13:00:00,30Jun2008,2008,6,30,13,84
7,30Jun2008:14:00:00,30Jun2008,2008,6,30,14,84
7,30Jun2008:15:00:00,30Jun2008,2008,6,30,15,85
7,30Jun2008:16:00:00,30Jun2008,2008,6,30,16,83
7,30Jun2008:17:00:00,30Jun2008,2008,6,30,17,84
7,30Jun2008:18:00:00,30Jun2008,2008,6,30,18,82
7,30Jun2008:19:00:00,30Jun2008,2008,6,30,19,82
7,30Jun2008:20:00:00,30Jun2008,2008,6,30,20,80
7,30Jun2008:21:00:00,30Jun2008,2008,6,30,21,76
7,30Jun2008:22:00:00,30Jun2008,2008,6,30,22,76
7,30Jun2008:23:00:00,30Jun2008,2008,6,30,23,73
7,01Jul2008:0:00:00,30Jun2008,2008,6,30,24,70
7,01Jul2008:1:00:00,01Jul2008,2008,7,1,1,68
7,01Jul2008:2:00:00,01Jul2008,2008,7,1,2,66
7,01Jul2008:3:00:00,01Jul2008,2008,7,1,3,65
7,01Jul2008:4:00:00,01Jul2008,2008,7,1,4,64
7,01Jul2008:5:00:00,01Jul2008,2008,7,1,5,64
7,01Jul2008:6:00:00,01Jul2008,2008,7,1,6,63
7,01Jul2008:7:00:00,01Jul2008,2008,7,1,7,65
7,01Jul2008:8:00:00,01Jul2008,2008,7,1,8,69
7,01Jul2008:9:00:00,01Jul2008,2008,7,1,9,73
7,01Jul2008:10:00:00,01Jul2008,2008,7,1,10,75
7,01Jul2008:11:00:00,01Jul2008,2008,7,1,11,76
7,01Jul2008:12:00:00,01Jul2008,2008,7,1,12,77
7,01Jul2008:13:00:00,01Jul2008,2008,7,1,13,78
7,01Jul2008:14:00:00,01Jul2008,2008,7,1,14,80
7,01Jul2008:15:00:00,01Jul2008,2008,7,1,15,80
7,01Jul2008:16:00:00,01Jul2008,2008,7,1,16,82
7,01Jul2008:17:00:00,01Jul2008,2008,7,1,17,78
7,01Jul2008:18:00:00,01Jul2008,2008,7,1,18,79
7,01Jul2008:19:00:00,01Jul2008,2008,7,1,19,78
7,01Jul2008:20:00:00,01Jul2008,2008,7,1,20,76
7,01Jul2008:21:00:00,01Jul2008,2008,7,1,21,73
7,01Jul2008:22:00:00,01Jul2008,2008,7,1,22,70
7,01Jul2008:23:00:00,01Jul2008,2008,7,1,23,68
7,02Jul2008:0:00:00,01Jul2008,2008,7,1,24,67
7,02Jul2008:1:00:00,02Jul2008,2008,7,2,1,66
7,02Jul2008:2:00:00,02Jul2008,2008,7,2,2,66
7,02Jul2008:3:00:00,02Jul2008,2008,7,2,3,64
7,02Jul2008:4:00:00,02Jul2008,2008,7,2,4,65
7,02Jul2008:5:00:00,02Jul2008,2008,7,2,5,64
7,02Jul2008:6:00:00,02Jul2008,2008,7,2,6,63
7,02Jul2008:7:00:00,02Jul2008,2008,7,2,7,64
7,02Jul2008:8:00:00,02Jul2008,2008,7,2,8,69
7,02Jul2008:9:00:00,02Jul2008,2008,7,2,9,74
7,02Jul2008:10:00:00,02Jul2008,2008,7,2,10,78
7,02Jul2008:11:00:00,02Jul2008,2008,7,2,11,80
7,02Jul2008:12:00:00,02Jul2008,2008,7,2,12,82
7,02Jul2008:13:00:00,02Jul2008,2008,7,2,13,82
7,02Jul2008:14:00:00,02Jul2008,2008,7,2,14,84
7,02Jul2008:15:00:00,02Jul2008,2008,7,2,15,85
7,02Jul2008:16:00:00,02Jul2008,2008,7,2,16,85
7,02Jul2008:17:00:00,02Jul2008,2008,7,2,17,85
7,02Jul2008:18:00:00,02Jul2008,2008,7,2,18,86
7,02Jul2008:19:00:00,02Jul2008,2008,7,2,19,84
7,02Jul2008:20:00:00,02Jul2008,2008,7,2,20,82
7,02Jul2008:21:00:00,02Jul2008,2008,7,2,21,75
7,02Jul2008:22:00:00,02Jul2008,2008,7,2,22,72
7,02Jul2008:23:00:00,02Jul2008,2008,7,2,23,71
7,03Jul2008:0:00:00,02Jul2008,2008,7,2,24,70
7,03Jul2008:1:00:00,03Jul2008,2008,7,3,1,69
7,03Jul2008:2:00:00,03Jul2008,2008,7,3,2,67
7,03Jul2008:3:00:00,03Jul2008,2008,7,3,3,66
7,03Jul2008:4:00:00,03Jul2008,2008,7,3,4,65
7,03Jul2008:5:00:00,03Jul2008,2008,7,3,5,65
7,03Jul2008:6:00:00,03Jul2008,2008,7,3,6,65
7,03Jul2008:7:00:00,03Jul2008,2008,7,3,7,66
7,03Jul2008:8:00:00,03Jul2008,2008,7,3,8,70
7,03Jul2008:9:00:00,03Jul2008,2008,7,3,9,76
7,03Jul2008:10:00:00,03Jul2008,2008,7,3,10,81
7,03Jul2008:11:00:00,03Jul2008,2008,7,3,11,85
7,03Jul2008:12:00:00,03Jul2008,2008,7,3,12,86
7,03Jul2008:13:00:00,03Jul2008,2008,7,3,13,90
7,03Jul2008:14:00:00,03Jul2008,2008,7,3,14,90
7,03Jul2008:15:00:00,03Jul2008,2008,7,3,15,91
7,03Jul2008:16:00:00,03Jul2008,2008,7,3,16,91
7,03Jul2008:17:00:00,03Jul2008,2008,7,3,17,90
7,03Jul2008:18:00:00,03Jul2008,2008,7,3,18,89
7,03Jul2008:19:00:00,03Jul2008,2008,7,3,19,89
7,03Jul2008:20:00:00,03Jul2008,2008,7,3,20,85
7,03Jul2008:21:00:00,03Jul2008,2008,7,3,21,80
7,03Jul2008:22:00:00,03Jul2008,2008,7,3,22,77
7,03Jul2008:23:00:00,03Jul2008,2008,7,3,23,77
7,04Jul2008:0:00:00,03Jul2008,2008,7,3,24,75
7,04Jul2008:1:00:00,04Jul2008,2008,7,4,1,74
7,04Jul2008:2:00:00,04Jul2008,2008,7,4,2,74
7,04Jul2008:3:00:00,04Jul2008,2008,7,4,3,73
7,04Jul2008:4:00:00,04Jul2008,2008,7,4,4,72
7,04Jul2008:5:00:00,04Jul2008,2008,7,4,5,71
7,04Jul2008:6:00:00,04Jul2008,2008,7,4,6,68
7,04Jul2008:7:00:00,04Jul2008,2008,7,4,7,71
7,04Jul2008:8:00:00,04Jul2008,2008,7,4,8,74
7,04Jul2008:9:00:00,04Jul2008,2008,7,4,9,76
7,04Jul2008:10:00:00,04Jul2008,2008,7,4,10,80
7,04Jul2008:11:00:00,04Jul2008,2008,7,4,11,82
7,04Jul2008:12:00:00,04Jul2008,2008,7,4,12,87
7,04Jul2008:13:00:00,04Jul2008,2008,7,4,13,87
7,04Jul2008:14:00:00,04Jul2008,2008,7,4,14,89
7,04Jul2008:15:00:00,04Jul2008,2008,7,4,15,89
7,04Jul2008:16:00:00,04Jul2008,2008,7,4,16,89
7,04Jul2008:17:00:00,04Jul2008,2008,7,4,17,87
7,04Jul2008:18:00:00,04Jul2008,2008,7,4,18,74
7,04Jul2008:19:00:00,04Jul2008,2008,7,4,19,74
7,04Jul2008:20:00:00,04Jul2008,2008,7,4,20,73
7,04Jul2008:21:00:00,04Jul2008,2008,7,4,21,72
7,04Jul2008:22:00:00,04Jul2008,2008,7,4,22,71
7,04Jul2008:23:00:00,04Jul2008,2008,7,4,23,71
7,05Jul2008:0:00:00,04Jul2008,2008,7,4,24,71
7,05Jul2008:1:00:00,05Jul2008,2008,7,5,1,71
7,05Jul2008:2:00:00,05Jul2008,2008,7,5,2,71
7,05Jul2008:3:00:00,05Jul2008,2008,7,5,3,70
7,05Jul2008:4:00:00,05Jul2008,2008,7,5,4,70
7,05Jul2008:5:00:00,05Jul2008,2008,7,5,5,70
7,05Jul2008:6:00:00,05Jul2008,2008,7,5,6,70
7,05Jul2008:7:00:00,05Jul2008,2008,7,5,7,70
7,05Jul2008:8:00:00,05Jul2008,2008,7,5,8,71
7,05Jul2008:9:00:00,05Jul2008,2008,7,5,9,72
7,05Jul2008:10:00:00,05Jul2008,2008,7,5,10,74
7,05Jul2008:11:00:00,05Jul2008,2008,7,5,11,73
7,05Jul2008:12:00:00,05Jul2008,2008,7,5,12,76
7,05Jul2008:13:00:00,05Jul2008,2008,7,5,13,77
7,05Jul2008:14:00:00,05Jul2008,2008,7,5,14,79
7,05Jul2008:15:00:00,05Jul2008,2008,7,5,15,81
7,05Jul2008:16:00:00,05Jul2008,2008,7,5,16,81
7,05Jul2008:17:00:00,05Jul2008,2008,7,5,17,81
7,05Jul2008:18:00:00,05Jul2008,2008,7,5,18,81
7,05Jul2008:19:00:00,05Jul2008,2008,7,5,19,78
7,05Jul2008:20:00:00,05Jul2008,2008,7,5,20,75
7,05Jul2008:21:00:00,05Jul2008,2008,7,5,21,73
7,05Jul2008:22:00:00,05Jul2008,2008,7,5,22,73
7,05Jul2008:23:00:00,05Jul2008,2008,7,5,23,73
7,06Jul2008:0:00:00,05Jul2008,2008,7,5,24,71
7,06Jul2008:1:00:00,06Jul2008,2008,7,6,1,71
7,06Jul2008:2:00:00,06Jul2008,2008,7,6,2,70
7,06Jul2008:3:00:00,06Jul2008,2008,7,6,3,70
7,06Jul2008:4:00:00,06Jul2008,2008,7,6,4,70
7,06Jul2008:5:00:00,06Jul2008,2008,7,6,5,70
7,06Jul2008:6:00:00,06Jul2008,2008,7,6,6,70
7,06Jul2008:7:00:00,06Jul2008,2008,7,6,7,70
7,06Jul2008:8:00:00,06Jul2008,2008,7,6,8,71
7,06Jul2008:9:00:00,06Jul2008,2008,7,6,9,72
7,06Jul2008:10:00:00,06Jul2008,2008,7,6,10,74
7,06Jul2008:11:00:00,06Jul2008,2008,7,6,11,74
7,06Jul2008:12:00:00,06Jul2008,2008,7,6,12,76
7,06Jul2008:13:00:00,06Jul2008,2008,7,6,13,77
7,06Jul2008:14:00:00,06Jul2008,2008,7,6,14,79
7,06Jul2008:15:00:00,06Jul2008,2008,7,6,15,81
7,06Jul2008:16:00:00,06Jul2008,2008,7,6,16,82
7,06Jul2008:17:00:00,06Jul2008,2008,7,6,17,83
7,06Jul2008:18:00:00,06Jul2008,2008,7,6,18,82
7,06Jul2008:19:00:00,06Jul2008,2008,7,6,19,80
7,06Jul2008:20:00:00,06Jul2008,2008,7,6,20,78
7,06Jul2008:21:00:00,06Jul2008,2008,7,6,21,77
7,06Jul2008:22:00:00,06Jul2008,2008,7,6,22,75
7,06Jul2008:23:00:00,06Jul2008,2008,7,6,23,73
7,07Jul2008:0:00:00,06Jul2008,2008,7,6,24,72
7,07Jul2008:1:00:00,07Jul2008,2008,7,7,1,75
7,07Jul2008:2:00:00,07Jul2008,2008,7,7,2,70
7,07Jul2008:3:00:00,07Jul2008,2008,7,7,3,70
7,07Jul2008:4:00:00,07Jul2008,2008,7,7,4,70
7,07Jul2008:5:00:00,07Jul2008,2008,7,7,5,70
7,07Jul2008:6:00:00,07Jul2008,2008,7,7,6,71
7,07Jul2008:7:00:00,07Jul2008,2008,7,7,7,72
7,07Jul2008:8:00:00,07Jul2008,2008,7,7,8,71
7,07Jul2008:9:00:00,07Jul2008,2008,7,7,9,74
7,07Jul2008:10:00:00,07Jul2008,2008,7,7,10,76
7,07Jul2008:11:00:00,07Jul2008,2008,7,7,11,77
7,07Jul2008:12:00:00,07Jul2008,2008,7,7,12,78
7,07Jul2008:13:00:00,07Jul2008,2008,7,7,13,79
7,07Jul2008:14:00:00,07Jul2008,2008,7,7,14,81
7,07Jul2008:15:00:00,07Jul2008,2008,7,7,15,83
7,07Jul2008:16:00:00,07Jul2008,2008,7,7,16,85
7,07Jul2008:17:00:00,07Jul2008,2008,7,7,17,86
7,07Jul2008:18:00:00,07Jul2008,2008,7,7,18,84
7,07Jul2008:19:00:00,07Jul2008,2008,7,7,19,83
7,07Jul2008:20:00:00,07Jul2008,2008,7,7,20,81
7,07Jul2008:21:00:00,07Jul2008,2008,7,7,21,76
7,07Jul2008:22:00:00,07Jul2008,2008,7,7,22,74
7,07Jul2008:23:00:00,07Jul2008,2008,7,7,23,72
7,08Jul2008:0:00:00,07Jul2008,2008,7,7,24,73
8,30Jun2008:7:00:00,30Jun2008,2008,6,30,7,71
8,30Jun2008:8:00:00,30Jun2008,2008,6,30,8,71
8,30Jun2008:9:00:00,30Jun2008,2008,6,30,9,73
8,30Jun2008:10:00:00,30Jun2008,2008,6,30,10,77
8,30Jun2008:11:00:00,30Jun2008,2008,6,30,11,80
8,30Jun2008:12:00:00,30Jun2008,2008,6,30,12,83
8,30Jun2008:13:00:00,30Jun2008,2008,6,30,13,86
8,30Jun2008:14:00:00,30Jun2008,2008,6,30,14,86
8,30Jun2008:15:00:00,30Jun2008,2008,6,30,15,88
8,30Jun2008:16:00:00,30Jun2008,2008,6,30,16,87
8,30Jun2008:17:00:00,30Jun2008,2008,6,30,17,87
8,30Jun2008:18:00:00,30Jun2008,2008,6,30,18,86
8,30Jun2008:19:00:00,30Jun2008,2008,6,30,19,84
8,30Jun2008:20:00:00,30Jun2008,2008,6,30,20,80
8,30Jun2008:21:00:00,30Jun2008,2008,6,30,21,77
8,30Jun2008:22:00:00,30Jun2008,2008,6,30,22,74
8,30Jun2008:23:00:00,30Jun2008,2008,6,30,23,73
8,01Jul2008:0:00:00,30Jun2008,2008,6,30,24,72
8,01Jul2008:1:00:00,01Jul2008,2008,7,1,1,71
8,01Jul2008:2:00:00,01Jul2008,2008,7,1,2,69
8,01Jul2008:3:00:00,01Jul2008,2008,7,1,3,68
8,01Jul2008:4:00:00,01Jul2008,2008,7,1,4,66
8,01Jul2008:5:00:00,01Jul2008,2008,7,1,5,66
8,01Jul2008:6:00:00,01Jul2008,2008,7,1,6,65
8,01Jul2008:7:00:00,01Jul2008,2008,7,1,7,66
8,01Jul2008:8:00:00,01Jul2008,2008,7,1,8,70
8,01Jul2008:9:00:00,01Jul2008,2008,7,1,9,73
8,01Jul2008:10:00:00,01Jul2008,2008,7,1,10,76
8,01Jul2008:11:00:00,01Jul2008,2008,7,1,11,78
8,01Jul2008:12:00:00,01Jul2008,2008,7,1,12,79
8,01Jul2008:13:00:00,01Jul2008,2008,7,1,13,81
8,01Jul2008:14:00:00,01Jul2008,2008,7,1,14,82
8,01Jul2008:15:00:00,01Jul2008,2008,7,1,15,82
8,01Jul2008:16:00:00,01Jul2008,2008,7,1,16,84
8,01Jul2008:17:00:00,01Jul2008,2008,7,1,17,83
8,01Jul2008:18:00:00,01Jul2008,2008,7,1,18,82
8,01Jul2008:19:00:00,01Jul2008,2008,7,1,19,81
8,01Jul2008:20:00:00,01Jul2008,2008,7,1,20,78
8,01Jul2008:21:00:00,01Jul2008,2008,7,1,21,73
8,01Jul2008:22:00:00,01Jul2008,2008,7,1,22,69
8,01Jul2008:23:00:00,01Jul2008,2008,7,1,23,66
8,02Jul2008:0:00:00,01Jul2008,2008,7,1,24,64
8,02Jul2008:1:00:00,02Jul2008,2008,7,2,1,62
8,02Jul2008:2:00:00,02Jul2008,2008,7,2,2,61
8,02Jul2008:3:00:00,02Jul2008,2008,7,2,3,62
8,02Jul2008:4:00:00,02Jul2008,2008,7,2,4,60
8,02Jul2008:5:00:00,02Jul2008,2008,7,2,5,60
8,02Jul2008:6:00:00,02Jul2008,2008,7,2,6,61
8,02Jul2008:7:00:00,02Jul2008,2008,7,2,7,63
8,02Jul2008:8:00:00,02Jul2008,2008,7,2,8,70
8,02Jul2008:9:00:00,02Jul2008,2008,7,2,9,73
8,02Jul2008:10:00:00,02Jul2008,2008,7,2,10,79
8,02Jul2008:11:00:00,02Jul2008,2008,7,2,11,81
8,02Jul2008:12:00:00,02Jul2008,2008,7,2,12,82
8,02Jul2008:13:00:00,02Jul2008,2008,7,2,13,84
8,02Jul2008:14:00:00,02Jul2008,2008,7,2,14,85
8,02Jul2008:15:00:00,02Jul2008,2008,7,2,15,87
8,02Jul2008:16:00:00,02Jul2008,2008,7,2,16,87
8,02Jul2008:17:00:00,02Jul2008,2008,7,2,17,87
8,02Jul2008:18:00:00,02Jul2008,2008,7,2,18,87
8,02Jul2008:19:00:00,02Jul2008,2008,7,2,19,84
8,02Jul2008:20:00:00,02Jul2008,2008,7,2,20,81
8,02Jul2008:21:00:00,02Jul2008,2008,7,2,21,74
8,02Jul2008:22:00:00,02Jul2008,2008,7,2,22,71
8,02Jul2008:23:00:00,02Jul2008,2008,7,2,23,70
8,03Jul2008:0:00:00,02Jul2008,2008,7,2,24,64
8,03Jul2008:1:00:00,03Jul2008,2008,7,3,1,62
8,03Jul2008:2:00:00,03Jul2008,2008,7,3,2,60
8,03Jul2008:3:00:00,03Jul2008,2008,7,3,3,60
8,03Jul2008:4:00:00,03Jul2008,2008,7,3,4,64
8,03Jul2008:5:00:00,03Jul2008,2008,7,3,5,63
8,03Jul2008:6:00:00,03Jul2008,2008,7,3,6,63
8,03Jul2008:7:00:00,03Jul2008,2008,7,3,7,65
8,03Jul2008:8:00:00,03Jul2008,2008,7,3,8,72
8,03Jul2008:9:00:00,03Jul2008,2008,7,3,9,78
8,03Jul2008:10:00:00,03Jul2008,2008,7,3,10,81
8,03Jul2008:11:00:00,03Jul2008,2008,7,3,11,85
8,03Jul2008:12:00:00,03Jul2008,2008,7,3,12,89
8,03Jul2008:13:00:00,03Jul2008,2008,7,3,13,90
8,03Jul2008:14:00:00,03Jul2008,2008,7,3,14,90
8,03Jul2008:15:00:00,03Jul2008,2008,7,3,15,92
8,03Jul2008:16:00:00,03Jul2008,2008,7,3,16,91
8,03Jul2008:17:00:00,03Jul2008,2008,7,3,17,91
8,03Jul2008:18:00:00,03Jul2008,2008,7,3,18,91
8,03Jul2008:19:00:00,03Jul2008,2008,7,3,19,90
8,03Jul2008:20:00:00,03Jul2008,2008,7,3,20,86
8,03Jul2008:21:00:00,03Jul2008,2008,7,3,21,80
8,03Jul2008:22:00:00,03Jul2008,2008,7,3,22,78
8,03Jul2008:23:00:00,03Jul2008,2008,7,3,23,76
8,04Jul2008:0:00:00,03Jul2008,2008,7,3,24,75
8,04Jul2008:1:00:00,04Jul2008,2008,7,4,1,74
8,04Jul2008:2:00:00,04Jul2008,2008,7,4,2,73
8,04Jul2008:3:00:00,04Jul2008,2008,7,4,3,73
8,04Jul2008:4:00:00,04Jul2008,2008,7,4,4,72
8,04Jul2008:5:00:00,04Jul2008,2008,7,4,5,71
8,04Jul2008:6:00:00,04Jul2008,2008,7,4,6,71
8,04Jul2008:7:00:00,04Jul2008,2008,7,4,7,71
8,04Jul2008:8:00:00,04Jul2008,2008,7,4,8,74
8,04Jul2008:9:00:00,04Jul2008,2008,7,4,9,80
8,04Jul2008:10:00:00,04Jul2008,2008,7,4,10,82
8,04Jul2008:11:00:00,04Jul2008,2008,7,4,11,88
8,04Jul2008:12:00:00,04Jul2008,2008,7,4,12,92
8,04Jul2008:13:00:00,04Jul2008,2008,7,4,13,93
8,04Jul2008:14:00:00,04Jul2008,2008,7,4,14,93
8,04Jul2008:15:00:00,04Jul2008,2008,7,4,15,95
8,04Jul2008:16:00:00,04Jul2008,2008,7,4,16,95
8,04Jul2008:17:00:00,04Jul2008,2008,7,4,17,91
8,04Jul2008:18:00:00,04Jul2008,2008,7,4,18,84
8,04Jul2008:19:00:00,04Jul2008,2008,7,4,19,78
8,04Jul2008:20:00:00,04Jul2008,2008,7,4,20,76
8,04Jul2008:21:00:00,04Jul2008,2008,7,4,21,73
8,04Jul2008:22:00:00,04Jul2008,2008,7,4,22,72
8,04Jul2008:23:00:00,04Jul2008,2008,7,4,23,73
8,05Jul2008:0:00:00,04Jul2008,2008,7,4,24,73
8,05Jul2008:1:00:00,05Jul2008,2008,7,5,1,72
8,05Jul2008:2:00:00,05Jul2008,2008,7,5,2,72
8,05Jul2008:3:00:00,05Jul2008,2008,7,5,3,72
8,05Jul2008:4:00:00,05Jul2008,2008,7,5,4,70
8,05Jul2008:5:00:00,05Jul2008,2008,7,5,5,70
8,05Jul2008:6:00:00,05Jul2008,2008,7,5,6,70
8,05Jul2008:7:00:00,05Jul2008,2008,7,5,7,70
8,05Jul2008:8:00:00,05Jul2008,2008,7,5,8,72
8,05Jul2008:9:00:00,05Jul2008,2008,7,5,9,73
8,05Jul2008:10:00:00,05Jul2008,2008,7,5,10,74
8,05Jul2008:11:00:00,05Jul2008,2008,7,5,11,75
8,05Jul2008:12:00:00,05Jul2008,2008,7,5,12,76
8,05Jul2008:13:00:00,05Jul2008,2008,7,5,13,78
8,05Jul2008:14:00:00,05Jul2008,2008,7,5,14,80
8,05Jul2008:15:00:00,05Jul2008,2008,7,5,15,82
8,05Jul2008:16:00:00,05Jul2008,2008,7,5,16,82
8,05Jul2008:17:00:00,05Jul2008,2008,7,5,17,82
8,05Jul2008:18:00:00,05Jul2008,2008,7,5,18,77
8,05Jul2008:19:00:00,05Jul2008,2008,7,5,19,72
8,05Jul2008:20:00:00,05Jul2008,2008,7,5,20,71
8,05Jul2008:21:00:00,05Jul2008,2008,7,5,21,70
8,05Jul2008:22:00:00,05Jul2008,2008,7,5,22,69
8,05Jul2008:23:00:00,05Jul2008,2008,7,5,23,70
8,06Jul2008:0:00:00,05Jul2008,2008,7,5,24,70
8,06Jul2008:1:00:00,06Jul2008,2008,7,6,1,70
8,06Jul2008:2:00:00,06Jul2008,2008,7,6,2,70
8,06Jul2008:3:00:00,06Jul2008,2008,7,6,3,70
8,06Jul2008:4:00:00,06Jul2008,2008,7,6,4,70
8,06Jul2008:5:00:00,06Jul2008,2008,7,6,5,70
8,06Jul2008:6:00:00,06Jul2008,2008,7,6,6,70
8,06Jul2008:7:00:00,06Jul2008,2008,7,6,7,70
8,06Jul2008:8:00:00,06Jul2008,2008,7,6,8,71
8,06Jul2008:9:00:00,06Jul2008,2008,7,6,9,72
8,06Jul2008:10:00:00,06Jul2008,2008,7,6,10,73
8,06Jul2008:11:00:00,06Jul2008,2008,7,6,11,74
8,06Jul2008:12:00:00,06Jul2008,2008,7,6,12,78
8,06Jul2008:13:00:00,06Jul2008,2008,7,6,13,79
8,06Jul2008:14:00:00,06Jul2008,2008,7,6,14,81
8,06Jul2008:15:00:00,06Jul2008,2008,7,6,15,84
8,06Jul2008:16:00:00,06Jul2008,2008,7,6,16,84
8,06Jul2008:17:00:00,06Jul2008,2008,7,6,17,85
8,06Jul2008:18:00:00,06Jul2008,2008,7,6,18,85
8,06Jul2008:19:00:00,06Jul2008,2008,7,6,19,83
8,06Jul2008:20:00:00,06Jul2008,2008,7,6,20,81
8,06Jul2008:21:00:00,06Jul2008,2008,7,6,21,79
8,06Jul2008:22:00:00,06Jul2008,2008,7,6,22,78
8,06Jul2008:23:00:00,06Jul2008,2008,7,6,23,73
8,07Jul2008:0:00:00,06Jul2008,2008,7,6,24,71
8,07Jul2008:1:00:00,07Jul2008,2008,7,7,1,72
8,07Jul2008:2:00:00,07Jul2008,2008,7,7,2,71
8,07Jul2008:3:00:00,07Jul2008,2008,7,7,3,70
8,07Jul2008:4:00:00,07Jul2008,2008,7,7,4,70
8,07Jul2008:5:00:00,07Jul2008,2008,7,7,5,70
8,07Jul2008:6:00:00,07Jul2008,2008,7,7,6,70
8,07Jul2008:7:00:00,07Jul2008,2008,7,7,7,70
8,07Jul2008:8:00:00,07Jul2008,2008,7,7,8,72
8,07Jul2008:9:00:00,07Jul2008,2008,7,7,9,73
8,07Jul2008:10:00:00,07Jul2008,2008,7,7,10,75
8,07Jul2008:11:00:00,07Jul2008,2008,7,7,11,77
8,07Jul2008:12:00:00,07Jul2008,2008,7,7,12,81
8,07Jul2008:13:00:00,07Jul2008,2008,7,7,13,82
8,07Jul2008:14:00:00,07Jul2008,2008,7,7,14,82
8,07Jul2008:15:00:00,07Jul2008,2008,7,7,15,84
8,07Jul2008:16:00:00,07Jul2008,2008,7,7,16,88
8,07Jul2008:17:00:00,07Jul2008,2008,7,7,17,86
8,07Jul2008:18:00:00,07Jul2008,2008,7,7,18,88
8,07Jul2008:19:00:00,07Jul2008,2008,7,7,19,84
8,07Jul2008:20:00:00,07Jul2008,2008,7,7,20,82
8,07Jul2008:21:00:00,07Jul2008,2008,7,7,21,79
8,07Jul2008:22:00:00,07Jul2008,2008,7,7,22,74
8,07Jul2008:23:00:00,07Jul2008,2008,7,7,23,73
8,08Jul2008:0:00:00,07Jul2008,2008,7,7,24,72
9,30Jun2008:7:00:00,30Jun2008,2008,6,30,7,68
9,30Jun2008:8:00:00,30Jun2008,2008,6,30,8,71
9,30Jun2008:9:00:00,30Jun2008,2008,6,30,9,76
9,30Jun2008:10:00:00,30Jun2008,2008,6,30,10,79
9,30Jun2008:11:00:00,30Jun2008,2008,6,30,11,79
9,30Jun2008:12:00:00,30Jun2008,2008,6,30,12,81
9,30Jun2008:13:00:00,30Jun2008,2008,6,30,13,84
9,30Jun2008:14:00:00,30Jun2008,2008,6,30,14,84
9,30Jun2008:15:00:00,30Jun2008,2008,6,30,15,83
9,30Jun2008:16:00:00,30Jun2008,2008,6,30,16,85
9,30Jun2008:17:00:00,30Jun2008,2008,6,30,17,85
9,30Jun2008:18:00:00,30Jun2008,2008,6,30,18,83
9,30Jun2008:19:00:00,30Jun2008,2008,6,30,19,81
9,30Jun2008:20:00:00,30Jun2008,2008,6,30,20,74
9,30Jun2008:21:00:00,30Jun2008,2008,6,30,21,71
9,30Jun2008:22:00:00,30Jun2008,2008,6,30,22,70
9,30Jun2008:23:00:00,30Jun2008,2008,6,30,23,69
9,01Jul2008:0:00:00,30Jun2008,2008,6,30,24,66
9,01Jul2008:1:00:00,01Jul2008,2008,7,1,1,64
9,01Jul2008:2:00:00,01Jul2008,2008,7,1,2,62
9,01Jul2008:3:00:00,01Jul2008,2008,7,1,3,62
9,01Jul2008:4:00:00,01Jul2008,2008,7,1,4,62
9,01Jul2008:5:00:00,01Jul2008,2008,7,1,5,60
9,01Jul2008:6:00:00,01Jul2008,2008,7,1,6,60
9,01Jul2008:7:00:00,01Jul2008,2008,7,1,7,63
9,01Jul2008:8:00:00,01Jul2008,2008,7,1,8,67
9,01Jul2008:9:00:00,01Jul2008,2008,7,1,9,71
9,01Jul2008:10:00:00,01Jul2008,2008,7,1,10,73
9,01Jul2008:11:00:00,01Jul2008,2008,7,1,11,76
9,01Jul2008:12:00:00,01Jul2008,2008,7,1,12,75
9,01Jul2008:13:00:00,01Jul2008,2008,7,1,13,77
9,01Jul2008:14:00:00,01Jul2008,2008,7,1,14,75
9,01Jul2008:15:00:00,01Jul2008,2008,7,1,15,78
9,01Jul2008:16:00:00,01Jul2008,2008,7,1,16,78
9,01Jul2008:17:00:00,01Jul2008,2008,7,1,17,78
9,01Jul2008:18:00:00,01Jul2008,2008,7,1,18,77
9,01Jul2008:19:00:00,01Jul2008,2008,7,1,19,76
9,01Jul2008:20:00:00,01Jul2008,2008,7,1,20,75
9,01Jul2008:21:00:00,01Jul2008,2008,7,1,21,72
9,01Jul2008:22:00:00,01Jul2008,2008,7,1,22,67
9,01Jul2008:23:00:00,01Jul2008,2008,7,1,23,65
9,02Jul2008:0:00:00,01Jul2008,2008,7,1,24,65
9,02Jul2008:1:00:00,02Jul2008,2008,7,2,1,64
9,02Jul2008:2:00:00,02Jul2008,2008,7,2,2,64
9,02Jul2008:3:00:00,02Jul2008,2008,7,2,3,63
9,02Jul2008:4:00:00,02Jul2008,2008,7,2,4,63
9,02Jul2008:5:00:00,02Jul2008,2008,7,2,5,62
9,02Jul2008:6:00:00,02Jul2008,2008,7,2,6,62
9,02Jul2008:7:00:00,02Jul2008,2008,7,2,7,63
9,02Jul2008:8:00:00,02Jul2008,2008,7,2,8,70
9,02Jul2008:9:00:00,02Jul2008,2008,7,2,9,73
9,02Jul2008:10:00:00,02Jul2008,2008,7,2,10,77
9,02Jul2008:11:00:00,02Jul2008,2008,7,2,11,80
9,02Jul2008:12:00:00,02Jul2008,2008,7,2,12,81
9,02Jul2008:13:00:00,02Jul2008,2008,7,2,13,82
9,02Jul2008:14:00:00,02Jul2008,2008,7,2,14,83
9,02Jul2008:15:00:00,02Jul2008,2008,7,2,15,85
9,02Jul2008:16:00:00,02Jul2008,2008,7,2,16,86
9,02Jul2008:17:00:00,02Jul2008,2008,7,2,17,87
9,02Jul2008:18:00:00,02Jul2008,2008,7,2,18,87
9,02Jul2008:19:00:00,02Jul2008,2008,7,2,19,85
9,02Jul2008:20:00:00,02Jul2008,2008,7,2,20,82
9,02Jul2008:21:00:00,02Jul2008,2008,7,2,21,74
9,02Jul2008:22:00:00,02Jul2008,2008,7,2,22,70
9,02Jul2008:23:00:00,02Jul2008,2008,7,2,23,67
9,03Jul2008:0:00:00,02Jul2008,2008,7,2,24,66
9,03Jul2008:1:00:00,03Jul2008,2008,7,3,1,65
9,03Jul2008:2:00:00,03Jul2008,2008,7,3,2,64
9,03Jul2008:3:00:00,03Jul2008,2008,7,3,3,62
9,03Jul2008:4:00:00,03Jul2008,2008,7,3,4,62
9,03Jul2008:5:00:00,03Jul2008,2008,7,3,5,62
9,03Jul2008:6:00:00,03Jul2008,2008,7,3,6,61
9,03Jul2008:7:00:00,03Jul2008,2008,7,3,7,64
9,03Jul2008:8:00:00,03Jul2008,2008,7,3,8,67
9,03Jul2008:9:00:00,03Jul2008,2008,7,3,9,73
9,03Jul2008:10:00:00,03Jul2008,2008,7,3,10,79
9,03Jul2008:11:00:00,03Jul2008,2008,7,3,11,84
9,03Jul2008:12:00:00,03Jul2008,2008,7,3,12,87
9,03Jul2008:13:00:00,03Jul2008,2008,7,3,13,89
9,03Jul2008:14:00:00,03Jul2008,2008,7,3,14,89
9,03Jul2008:15:00:00,03Jul2008,2008,7,3,15,91
9,03Jul2008:16:00:00,03Jul2008,2008,7,3,16,92
9,03Jul2008:17:00:00,03Jul2008,2008,7,3,17,92
9,03Jul2008:18:00:00,03Jul2008,2008,7,3,18,90
9,03Jul2008:19:00:00,03Jul2008,2008,7,3,19,89
9,03Jul2008:20:00:00,03Jul2008,2008,7,3,20,83
9,03Jul2008:21:00:00,03Jul2008,2008,7,3,21,81
9,03Jul2008:22:00:00,03Jul2008,2008,7,3,22,74
9,03Jul2008:23:00:00,03Jul2008,2008,7,3,23,74
9,04Jul2008:0:00:00,03Jul2008,2008,7,3,24,72
9,04Jul2008:1:00:00,04Jul2008,2008,7,4,1,72
9,04Jul2008:2:00:00,04Jul2008,2008,7,4,2,72
9,04Jul2008:3:00:00,04Jul2008,2008,7,4,3,72
9,04Jul2008:4:00:00,04Jul2008,2008,7,4,4,72
9,04Jul2008:5:00:00,04Jul2008,2008,7,4,5,71
9,04Jul2008:6:00:00,04Jul2008,2008,7,4,6,70
9,04Jul2008:7:00:00,04Jul2008,2008,7,4,7,70
9,04Jul2008:8:00:00,04Jul2008,2008,7,4,8,73
9,04Jul2008:9:00:00,04Jul2008,2008,7,4,9,75
9,04Jul2008:10:00:00,04Jul2008,2008,7,4,10,78
9,04Jul2008:11:00:00,04Jul2008,2008,7,4,11,81
9,04Jul2008:12:00:00,04Jul2008,2008,7,4,12,85
9,04Jul2008:13:00:00,04Jul2008,2008,7,4,13,86
9,04Jul2008:14:00:00,04Jul2008,2008,7,4,14,85
9,04Jul2008:15:00:00,04Jul2008,2008,7,4,15,87
9,04Jul2008:16:00:00,04Jul2008,2008,7,4,16,85
9,04Jul2008:17:00:00,04Jul2008,2008,7,4,17,81
9,04Jul2008:18:00:00,04Jul2008,2008,7,4,18,73
9,04Jul2008:19:00:00,04Jul2008,2008,7,4,19,74
9,04Jul2008:20:00:00,04Jul2008,2008,7,4,20,72
9,04Jul2008:21:00:00,04Jul2008,2008,7,4,21,72
9,04Jul2008:22:00:00,04Jul2008,2008,7,4,22,71
9,04Jul2008:23:00:00,04Jul2008,2008,7,4,23,71
9,05Jul2008:0:00:00,04Jul2008,2008,7,4,24,70
9,05Jul2008:1:00:00,05Jul2008,2008,7,5,1,70
9,05Jul2008:2:00:00,05Jul2008,2008,7,5,2,70
9,05Jul2008:3:00:00,05Jul2008,2008,7,5,3,70
9,05Jul2008:4:00:00,05Jul2008,2008,7,5,4,70
9,05Jul2008:5:00:00,05Jul2008,2008,7,5,5,69
9,05Jul2008:6:00:00,05Jul2008,2008,7,5,6,70
9,05Jul2008:7:00:00,05Jul2008,2008,7,5,7,70
9,05Jul2008:8:00:00,05Jul2008,2008,7,5,8,70
9,05Jul2008:9:00:00,05Jul2008,2008,7,5,9,72
9,05Jul2008:10:00:00,05Jul2008,2008,7,5,10,73
9,05Jul2008:11:00:00,05Jul2008,2008,7,5,11,75
9,05Jul2008:12:00:00,05Jul2008,2008,7,5,12,78
9,05Jul2008:13:00:00,05Jul2008,2008,7,5,13,79
9,05Jul2008:14:00:00,05Jul2008,2008,7,5,14,82
9,05Jul2008:15:00:00,05Jul2008,2008,7,5,15,83
9,05Jul2008:16:00:00,05Jul2008,2008,7,5,16,81
9,05Jul2008:17:00:00,05Jul2008,2008,7,5,17,81
9,05Jul2008:18:00:00,05Jul2008,2008,7,5,18,81
9,05Jul2008:19:00:00,05Jul2008,2008,7,5,19,75
9,05Jul2008:20:00:00,05Jul2008,2008,7,5,20,75
9,05Jul2008:21:00:00,05Jul2008,2008,7,5,21,74
9,05Jul2008:22:00:00,05Jul2008,2008,7,5,22,73
9,05Jul2008:23:00:00,05Jul2008,2008,7,5,23,73
9,06Jul2008:0:00:00,05Jul2008,2008,7,5,24,72
9,06Jul2008:1:00:00,06Jul2008,2008,7,6,1,70
9,06Jul2008:2:00:00,06Jul2008,2008,7,6,2,70
9,06Jul2008:3:00:00,06Jul2008,2008,7,6,3,70
9,06Jul2008:4:00:00,06Jul2008,2008,7,6,4,70
9,06Jul2008:5:00:00,06Jul2008,2008,7,6,5,70
9,06Jul2008:6:00:00,06Jul2008,2008,7,6,6,70
9,06Jul2008:7:00:00,06Jul2008,2008,7,6,7,70
9,06Jul2008:8:00:00,06Jul2008,2008,7,6,8,71
9,06Jul2008:9:00:00,06Jul2008,2008,7,6,9,72
9,06Jul2008:10:00:00,06Jul2008,2008,7,6,10,73
9,06Jul2008:11:00:00,06Jul2008,2008,7,6,11,73
9,06Jul2008:12:00:00,06Jul2008,2008,7,6,12,74
9,06Jul2008:13:00:00,06Jul2008,2008,7,6,13,75
9,06Jul2008:14:00:00,06Jul2008,2008,7,6,14,78
9,06Jul2008:15:00:00,06Jul2008,2008,7,6,15,80
9,06Jul2008:16:00:00,06Jul2008,2008,7,6,16,81
9,06Jul2008:17:00:00,06Jul2008,2008,7,6,17,82
9,06Jul2008:18:00:00,06Jul2008,2008,7,6,18,81
9,06Jul2008:19:00:00,06Jul2008,2008,7,6,19,78
9,06Jul2008:20:00:00,06Jul2008,2008,7,6,20,77
9,06Jul2008:21:00:00,06Jul2008,2008,7,6,21,75
9,06Jul2008:22:00:00,06Jul2008,2008,7,6,22,72
9,06Jul2008:23:00:00,06Jul2008,2008,7,6,23,71
9,07Jul2008:0:00:00,06Jul2008,2008,7,6,24,71
9,07Jul2008:1:00:00,07Jul2008,2008,7,7,1,72
9,07Jul2008:2:00:00,07Jul2008,2008,7,7,2,70
9,07Jul2008:3:00:00,07Jul2008,2008,7,7,3,69
9,07Jul2008:4:00:00,07Jul2008,2008,7,7,4,70
9,07Jul2008:5:00:00,07Jul2008,2008,7,7,5,70
9,07Jul2008:6:00:00,07Jul2008,2008,7,7,6,69
9,07Jul2008:7:00:00,07Jul2008,2008,7,7,7,70
9,07Jul2008:8:00:00,07Jul2008,2008,7,7,8,70
9,07Jul2008:9:00:00,07Jul2008,2008,7,7,9,73
9,07Jul2008:10:00:00,07Jul2008,2008,7,7,10,74
9,07Jul2008:11:00:00,07Jul2008,2008,7,7,11,77
9,07Jul2008:12:00:00,07Jul2008,2008,7,7,12,77
9,07Jul2008:13:00:00,07Jul2008,2008,7,7,13,80
9,07Jul2008:14:00:00,07Jul2008,2008,7,7,14,81
9,07Jul2008:15:00:00,07Jul2008,2008,7,7,15,81
9,07Jul2008:16:00:00,07Jul2008,2008,7,7,16,85
9,07Jul2008:17:00:00,07Jul2008,2008,7,7,17,85
9,07Jul2008:18:00:00,07Jul2008,2008,7,7,18,85
9,07Jul2008:19:00:00,07Jul2008,2008,7,7,19,80
9,07Jul2008:20:00:00,07Jul2008,2008,7,7,20,75
9,07Jul2008:21:00:00,07Jul2008,2008,7,7,21,71
9,07Jul2008:22:00:00,07Jul2008,2008,7,7,22,69
9,07Jul2008:23:00:00,07Jul2008,2008,7,7,23,70
9,08Jul2008:0:00:00,07Jul2008,2008,7,7,24,71
10,30Jun2008:7:00:00,30Jun2008,2008,6,30,7,70
10,30Jun2008:8:00:00,30Jun2008,2008,6,30,8,71
10,30Jun2008:9:00:00,30Jun2008,2008,6,30,9,74
10,30Jun2008:10:00:00,30Jun2008,2008,6,30,10,79
10,30Jun2008:11:00:00,30Jun2008,2008,6,30,11,81
10,30Jun2008:12:00:00,30Jun2008,2008,6,30,12,82
10,30Jun2008:13:00:00,30Jun2008,2008,6,30,13,85
10,30Jun2008:14:00:00,30Jun2008,2008,6,30,14,85
10,30Jun2008:15:00:00,30Jun2008,2008,6,30,15,84
10,30Jun2008:16:00:00,30Jun2008,2008,6,30,16,84
10,30Jun2008:17:00:00,30Jun2008,2008,6,30,17,84
10,30Jun2008:18:00:00,30Jun2008,2008,6,30,18,84
10,30Jun2008:19:00:00,30Jun2008,2008,6,30,19,81
10,30Jun2008:20:00:00,30Jun2008,2008,6,30,20,76
10,30Jun2008:21:00:00,30Jun2008,2008,6,30,21,73
10,30Jun2008:22:00:00,30Jun2008,2008,6,30,22,72
10,30Jun2008:23:00:00,30Jun2008,2008,6,30,23,70
10,01Jul2008:0:00:00,30Jun2008,2008,6,30,24,68
10,01Jul2008:1:00:00,01Jul2008,2008,7,1,1,67
10,01Jul2008:2:00:00,01Jul2008,2008,7,1,2,65
10,01Jul2008:3:00:00,01Jul2008,2008,7,1,3,64
10,01Jul2008:4:00:00,01Jul2008,2008,7,1,4,63
10,01Jul2008:5:00:00,01Jul2008,2008,7,1,5,63
10,01Jul2008:6:00:00,01Jul2008,2008,7,1,6,61
10,01Jul2008:7:00:00,01Jul2008,2008,7,1,7,64
10,01Jul2008:8:00:00,01Jul2008,2008,7,1,8,68
10,01Jul2008:9:00:00,01Jul2008,2008,7,1,9,72
10,01Jul2008:10:00:00,01Jul2008,2008,7,1,10,74
10,01Jul2008:11:00:00,01Jul2008,2008,7,1,11,75
10,01Jul2008:12:00:00,01Jul2008,2008,7,1,12,77
10,01Jul2008:13:00:00,01Jul2008,2008,7,1,13,79
10,01Jul2008:14:00:00,01Jul2008,2008,7,1,14,79
10,01Jul2008:15:00:00,01Jul2008,2008,7,1,15,80
10,01Jul2008:16:00:00,01Jul2008,2008,7,1,16,81
10,01Jul2008:17:00:00,01Jul2008,2008,7,1,17,79
10,01Jul2008:18:00:00,01Jul2008,2008,7,1,18,79
10,01Jul2008:19:00:00,01Jul2008,2008,7,1,19,78
10,01Jul2008:20:00:00,01Jul2008,2008,7,1,20,76
10,01Jul2008:21:00:00,01Jul2008,2008,7,1,21,71
10,01Jul2008:22:00:00,01Jul2008,2008,7,1,22,68
10,01Jul2008:23:00:00,01Jul2008,2008,7,1,23,64
10,02Jul2008:0:00:00,01Jul2008,2008,7,1,24,62
10,02Jul2008:1:00:00,02Jul2008,2008,7,2,1,60
10,02Jul2008:2:00:00,02Jul2008,2008,7,2,2,60
10,02Jul2008:3:00:00,02Jul2008,2008,7,2,3,59
10,02Jul2008:4:00:00,02Jul2008,2008,7,2,4,58
10,02Jul2008:5:00:00,02Jul2008,2008,7,2,5,57
10,02Jul2008:6:00:00,02Jul2008,2008,7,2,6,57
10,02Jul2008:7:00:00,02Jul2008,2008,7,2,7,59
10,02Jul2008:8:00:00,02Jul2008,2008,7,2,8,66
10,02Jul2008:9:00:00,02Jul2008,2008,7,2,9,71
10,02Jul2008:10:00:00,02Jul2008,2008,7,2,10,78
10,02Jul2008:11:00:00,02Jul2008,2008,7,2,11,80
10,02Jul2008:12:00:00,02Jul2008,2008,7,2,12,82
10,02Jul2008:13:00:00,02Jul2008,2008,7,2,13,83
10,02Jul2008:14:00:00,02Jul2008,2008,7,2,14,84
10,02Jul2008:15:00:00,02Jul2008,2008,7,2,15,86
10,02Jul2008:16:00:00,02Jul2008,2008,7,2,16,87
10,02Jul2008:17:00:00,02Jul2008,2008,7,2,17,87
10,02Jul2008:18:00:00,02Jul2008,2008,7,2,18,86
10,02Jul2008:19:00:00,02Jul2008,2008,7,2,19,85
10,02Jul2008:20:00:00,02Jul2008,2008,7,2,20,80
10,02Jul2008:21:00:00,02Jul2008,2008,7,2,21,72
10,02Jul2008:22:00:00,02Jul2008,2008,7,2,22,69
10,02Jul2008:23:00:00,02Jul2008,2008,7,2,23,67
10,03Jul2008:0:00:00,02Jul2008,2008,7,2,24,65
10,03Jul2008:1:00:00,03Jul2008,2008,7,3,1,63
10,03Jul2008:2:00:00,03Jul2008,2008,7,3,2,63
10,03Jul2008:3:00:00,03Jul2008,2008,7,3,3,60
10,03Jul2008:4:00:00,03Jul2008,2008,7,3,4,61
10,03Jul2008:5:00:00,03Jul2008,2008,7,3,5,60
10,03Jul2008:6:00:00,03Jul2008,2008,7,3,6,60
10,03Jul2008:7:00:00,03Jul2008,2008,7,3,7,63
10,03Jul2008:8:00:00,03Jul2008,2008,7,3,8,70
10,03Jul2008:9:00:00,03Jul2008,2008,7,3,9,76
10,03Jul2008:10:00:00,03Jul2008,2008,7,3,10,79
10,03Jul2008:11:00:00,03Jul2008,2008,7,3,11,83
10,03Jul2008:12:00:00,03Jul2008,2008,7,3,12,87
10,03Jul2008:13:00:00,03Jul2008,2008,7,3,13,89
10,03Jul2008:14:00:00,03Jul2008,2008,7,3,14,90
10,03Jul2008:15:00:00,03Jul2008,2008,7,3,15,90
10,03Jul2008:16:00:00,03Jul2008,2008,7,3,16,90
10,03Jul2008:17:00:00,03Jul2008,2008,7,3,17,90
10,03Jul2008:18:00:00,03Jul2008,2008,7,3,18,89
10,03Jul2008:19:00:00,03Jul2008,2008,7,3,19,88
10,03Jul2008:20:00:00,03Jul2008,2008,7,3,20,83
10,03Jul2008:21:00:00,03Jul2008,2008,7,3,21,78
10,03Jul2008:22:00:00,03Jul2008,2008,7,3,22,73
10,03Jul2008:23:00:00,03Jul2008,2008,7,3,23,71
10,04Jul2008:0:00:00,03Jul2008,2008,7,3,24,71
10,04Jul2008:1:00:00,04Jul2008,2008,7,4,1,69
10,04Jul2008:2:00:00,04Jul2008,2008,7,4,2,69
10,04Jul2008:3:00:00,04Jul2008,2008,7,4,3,69
10,04Jul2008:4:00:00,04Jul2008,2008,7,4,4,70
10,04Jul2008:5:00:00,04Jul2008,2008,7,4,5,70
10,04Jul2008:6:00:00,04Jul2008,2008,7,4,6,69
10,04Jul2008:7:00:00,04Jul2008,2008,7,4,7,70
10,04Jul2008:8:00:00,04Jul2008,2008,7,4,8,73
10,04Jul2008:9:00:00,04Jul2008,2008,7,4,9,78
10,04Jul2008:10:00:00,04Jul2008,2008,7,4,10,81
10,04Jul2008:11:00:00,04Jul2008,2008,7,4,11,86
10,04Jul2008:12:00:00,04Jul2008,2008,7,4,12,89
10,04Jul2008:13:00:00,04Jul2008,2008,7,4,13,91
10,04Jul2008:14:00:00,04Jul2008,2008,7,4,14,92
10,04Jul2008:15:00:00,04Jul2008,2008,7,4,15,90
10,04Jul2008:16:00:00,04Jul2008,2008,7,4,16,87
10,04Jul2008:17:00:00,04Jul2008,2008,7,4,17,84
10,04Jul2008:18:00:00,04Jul2008,2008,7,4,18,84
10,04Jul2008:19:00:00,04Jul2008,2008,7,4,19,81
10,04Jul2008:20:00:00,04Jul2008,2008,7,4,20,78
10,04Jul2008:21:00:00,04Jul2008,2008,7,4,21,76
10,04Jul2008:22:00:00,04Jul2008,2008,7,4,22,77
10,04Jul2008:23:00:00,04Jul2008,2008,7,4,23,73
10,05Jul2008:0:00:00,04Jul2008,2008,7,4,24,73
10,05Jul2008:1:00:00,05Jul2008,2008,7,5,1,73
10,05Jul2008:2:00:00,05Jul2008,2008,7,5,2,72
10,05Jul2008:3:00:00,05Jul2008,2008,7,5,3,72
10,05Jul2008:4:00:00,05Jul2008,2008,7,5,4,71
10,05Jul2008:5:00:00,05Jul2008,2008,7,5,5,71
10,05Jul2008:6:00:00,05Jul2008,2008,7,5,6,70
10,05Jul2008:7:00:00,05Jul2008,2008,7,5,7,71
10,05Jul2008:8:00:00,05Jul2008,2008,7,5,8,71
10,05Jul2008:9:00:00,05Jul2008,2008,7,5,9,72
10,05Jul2008:10:00:00,05Jul2008,2008,7,5,10,74
10,05Jul2008:11:00:00,05Jul2008,2008,7,5,11,75
10,05Jul2008:12:00:00,05Jul2008,2008,7,5,12,76
10,05Jul2008:13:00:00,05Jul2008,2008,7,5,13,79
10,05Jul2008:14:00:00,05Jul2008,2008,7,5,14,80
10,05Jul2008:15:00:00,05Jul2008,2008,7,5,15,81
10,05Jul2008:16:00:00,05Jul2008,2008,7,5,16,80
10,05Jul2008:17:00:00,05Jul2008,2008,7,5,17,78
10,05Jul2008:18:00:00,05Jul2008,2008,7,5,18,78
10,05Jul2008:19:00:00,05Jul2008,2008,7,5,19,77
10,05Jul2008:20:00:00,05Jul2008,2008,7,5,20,76
10,05Jul2008:21:00:00,05Jul2008,2008,7,5,21,74
10,05Jul2008:22:00:00,05Jul2008,2008,7,5,22,73
10,05Jul2008:23:00:00,05Jul2008,2008,7,5,23,73
10,06Jul2008:0:00:00,05Jul2008,2008,7,5,24,72
10,06Jul2008:1:00:00,06Jul2008,2008,7,6,1,72
10,06Jul2008:2:00:00,06Jul2008,2008,7,6,2,71
10,06Jul2008:3:00:00,06Jul2008,2008,7,6,3,71
10,06Jul2008:4:00:00,06Jul2008,2008,7,6,4,71
10,06Jul2008:5:00:00,06Jul2008,2008,7,6,5,71
10,06Jul2008:6:00:00,06Jul2008,2008,7,6,6,71
10,06Jul2008:7:00:00,06Jul2008,2008,7,6,7,71
10,06Jul2008:8:00:00,06Jul2008,2008,7,6,8,71
10,06Jul2008:9:00:00,06Jul2008,2008,7,6,9,72
10,06Jul2008:10:00:00,06Jul2008,2008,7,6,10,73
10,06Jul2008:11:00:00,06Jul2008,2008,7,6,11,74
10,06Jul2008:12:00:00,06Jul2008,2008,7,6,12,77
10,06Jul2008:13:00:00,06Jul2008,2008,7,6,13,80
10,06Jul2008:14:00:00,06Jul2008,2008,7,6,14,83
10,06Jul2008:15:00:00,06Jul2008,2008,7,6,15,83
10,06Jul2008:16:00:00,06Jul2008,2008,7,6,16,84
10,06Jul2008:17:00:00,06Jul2008,2008,7,6,17,83
10,06Jul2008:18:00:00,06Jul2008,2008,7,6,18,83
10,06Jul2008:19:00:00,06Jul2008,2008,7,6,19,82
10,06Jul2008:20:00:00,06Jul2008,2008,7,6,20,80
10,06Jul2008:21:00:00,06Jul2008,2008,7,6,21,76
10,06Jul2008:22:00:00,06Jul2008,2008,7,6,22,74
10,06Jul2008:23:00:00,06Jul2008,2008,7,6,23,72
10,07Jul2008:0:00:00,06Jul2008,2008,7,6,24,71
10,07Jul2008:1:00:00,07Jul2008,2008,7,7,1,72
10,07Jul2008:2:00:00,07Jul2008,2008,7,7,2,71
10,07Jul2008:3:00:00,07Jul2008,2008,7,7,3,71
10,07Jul2008:4:00:00,07Jul2008,2008,7,7,4,70
10,07Jul2008:5:00:00,07Jul2008,2008,7,7,5,71
10,07Jul2008:6:00:00,07Jul2008,2008,7,7,6,71
10,07Jul2008:7:00:00,07Jul2008,2008,7,7,7,71
10,07Jul2008:8:00:00,07Jul2008,2008,7,7,8,72
10,07Jul2008:9:00:00,07Jul2008,2008,7,7,9,74
10,07Jul2008:10:00:00,07Jul2008,2008,7,7,10,76
10,07Jul2008:11:00:00,07Jul2008,2008,7,7,11,77
10,07Jul2008:12:00:00,07Jul2008,2008,7,7,12,81
10,07Jul2008:13:00:00,07Jul2008,2008,7,7,13,83
10,07Jul2008:14:00:00,07Jul2008,2008,7,7,14,84
10,07Jul2008:15:00:00,07Jul2008,2008,7,7,15,85
10,07Jul2008:16:00:00,07Jul2008,2008,7,7,16,87
10,07Jul2008:17:00:00,07Jul2008,2008,7,7,17,87
10,07Jul2008:18:00:00,07Jul2008,2008,7,7,18,82
10,07Jul2008:19:00:00,07Jul2008,2008,7,7,19,75
10,07Jul2008:20:00:00,07Jul2008,2008,7,7,20,74
10,07Jul2008:21:00:00,07Jul2008,2008,7,7,21,72
10,07Jul2008:22:00:00,07Jul2008,2008,7,7,22,70
10,07Jul2008:23:00:00,07Jul2008,2008,7,7,23,69
10,08Jul2008:0:00:00,07Jul2008,2008,7,7,24,69
11,30Jun2008:7:00:00,30Jun2008,2008,6,30,7,64
11,30Jun2008:8:00:00,30Jun2008,2008,6,30,8,68
11,30Jun2008:9:00:00,30Jun2008,2008,6,30,9,70
11,30Jun2008:10:00:00,30Jun2008,2008,6,30,10,71
11,30Jun2008:11:00:00,30Jun2008,2008,6,30,11,75
11,30Jun2008:12:00:00,30Jun2008,2008,6,30,12,77
11,30Jun2008:13:00:00,30Jun2008,2008,6,30,13,74
11,30Jun2008:14:00:00,30Jun2008,2008,6,30,14,78
11,30Jun2008:15:00:00,30Jun2008,2008,6,30,15,74
11,30Jun2008:16:00:00,30Jun2008,2008,6,30,16,76
11,30Jun2008:17:00:00,30Jun2008,2008,6,30,17,77
11,30Jun2008:18:00:00,30Jun2008,2008,6,30,18,75
11,30Jun2008:19:00:00,30Jun2008,2008,6,30,19,72
11,30Jun2008:20:00:00,30Jun2008,2008,6,30,20,69
11,30Jun2008:21:00:00,30Jun2008,2008,6,30,21,68
11,30Jun2008:22:00:00,30Jun2008,2008,6,30,22,65
11,30Jun2008:23:00:00,30Jun2008,2008,6,30,23,63
11,01Jul2008:0:00:00,30Jun2008,2008,6,30,24,61
11,01Jul2008:1:00:00,01Jul2008,2008,7,1,1,59
11,01Jul2008:2:00:00,01Jul2008,2008,7,1,2,58
11,01Jul2008:3:00:00,01Jul2008,2008,7,1,3,59
11,01Jul2008:4:00:00,01Jul2008,2008,7,1,4,56
11,01Jul2008:5:00:00,01Jul2008,2008,7,1,5,56
11,01Jul2008:6:00:00,01Jul2008,2008,7,1,6,57
11,01Jul2008:7:00:00,01Jul2008,2008,7,1,7,58
11,01Jul2008:8:00:00,01Jul2008,2008,7,1,8,60
11,01Jul2008:9:00:00,01Jul2008,2008,7,1,9,63
11,01Jul2008:10:00:00,01Jul2008,2008,7,1,10,65
11,01Jul2008:11:00:00,01Jul2008,2008,7,1,11,68
11,01Jul2008:12:00:00,01Jul2008,2008,7,1,12,69
11,01Jul2008:13:00:00,01Jul2008,2008,7,1,13,68
11,01Jul2008:14:00:00,01Jul2008,2008,7,1,14,70
11,01Jul2008:15:00:00,01Jul2008,2008,7,1,15,70
11,01Jul2008:16:00:00,01Jul2008,2008,7,1,16,72
11,01Jul2008:17:00:00,01Jul2008,2008,7,1,17,72
11,01Jul2008:18:00:00,01Jul2008,2008,7,1,18,70
11,01Jul2008:19:00:00,01Jul2008,2008,7,1,19,70
11,01Jul2008:20:00:00,01Jul2008,2008,7,1,20,69
11,01Jul2008:21:00:00,01Jul2008,2008,7,1,21,65
11,01Jul2008:22:00:00,01Jul2008,2008,7,1,22,64
11,01Jul2008:23:00:00,01Jul2008,2008,7,1,23,62
11,02Jul2008:0:00:00,01Jul2008,2008,7,1,24,60
11,02Jul2008:1:00:00,02Jul2008,2008,7,2,1,57
11,02Jul2008:2:00:00,02Jul2008,2008,7,2,2,55
11,02Jul2008:3:00:00,02Jul2008,2008,7,2,3,55
11,02Jul2008:4:00:00,02Jul2008,2008,7,2,4,53
11,02Jul2008:5:00:00,02Jul2008,2008,7,2,5,52
11,02Jul2008:6:00:00,02Jul2008,2008,7,2,6,51
11,02Jul2008:7:00:00,02Jul2008,2008,7,2,7,53
11,02Jul2008:8:00:00,02Jul2008,2008,7,2,8,59
11,02Jul2008:9:00:00,02Jul2008,2008,7,2,9,64
11,02Jul2008:10:00:00,02Jul2008,2008,7,2,10,69
11,02Jul2008:11:00:00,02Jul2008,2008,7,2,11,74
11,02Jul2008:12:00:00,02Jul2008,2008,7,2,12,77
11,02Jul2008:13:00:00,02Jul2008,2008,7,2,13,79
11,02Jul2008:14:00:00,02Jul2008,2008,7,2,14,80
11,02Jul2008:15:00:00,02Jul2008,2008,7,2,15,81
11,02Jul2008:16:00:00,02Jul2008,2008,7,2,16,82
11,02Jul2008:17:00:00,02Jul2008,2008,7,2,17,82
11,02Jul2008:18:00:00,02Jul2008,2008,7,2,18,82
11,02Jul2008:19:00:00,02Jul2008,2008,7,2,19,81
11,02Jul2008:20:00:00,02Jul2008,2008,7,2,20,79
11,02Jul2008:21:00:00,02Jul2008,2008,7,2,21,73
11,02Jul2008:22:00:00,02Jul2008,2008,7,2,22,69
11,02Jul2008:23:00:00,02Jul2008,2008,7,2,23,66
11,03Jul2008:0:00:00,02Jul2008,2008,7,2,24,64
11,03Jul2008:1:00:00,03Jul2008,2008,7,3,1,61
11,03Jul2008:2:00:00,03Jul2008,2008,7,3,2,60
11,03Jul2008:3:00:00,03Jul2008,2008,7,3,3,58
11,03Jul2008:4:00:00,03Jul2008,2008,7,3,4,58
11,03Jul2008:5:00:00,03Jul2008,2008,7,3,5,56
11,03Jul2008:6:00:00,03Jul2008,2008,7,3,6,55
11,03Jul2008:7:00:00,03Jul2008,2008,7,3,7,57
11,03Jul2008:8:00:00,03Jul2008,2008,7,3,8,63
11,03Jul2008:9:00:00,03Jul2008,2008,7,3,9,71
11,03Jul2008:10:00:00,03Jul2008,2008,7,3,10,78
11,03Jul2008:11:00:00,03Jul2008,2008,7,3,11,80
11,03Jul2008:12:00:00,03Jul2008,2008,7,3,12,82
11,03Jul2008:13:00:00,03Jul2008,2008,7,3,13,84
11,03Jul2008:14:00:00,03Jul2008,2008,7,3,14,86
11,03Jul2008:15:00:00,03Jul2008,2008,7,3,15,86
11,03Jul2008:16:00:00,03Jul2008,2008,7,3,16,88
11,03Jul2008:17:00:00,03Jul2008,2008,7,3,17,87
11,03Jul2008:18:00:00,03Jul2008,2008,7,3,18,86
11,03Jul2008:19:00:00,03Jul2008,2008,7,3,19,83
11,03Jul2008:20:00:00,03Jul2008,2008,7,3,20,80
11,03Jul2008:21:00:00,03Jul2008,2008,7,3,21,74
11,03Jul2008:22:00:00,03Jul2008,2008,7,3,22,72
11,03Jul2008:23:00:00,03Jul2008,2008,7,3,23,72
11,04Jul2008:0:00:00,03Jul2008,2008,7,3,24,72
11,04Jul2008:1:00:00,04Jul2008,2008,7,4,1,71
11,04Jul2008:2:00:00,04Jul2008,2008,7,4,2,69
11,04Jul2008:3:00:00,04Jul2008,2008,7,4,3,69
11,04Jul2008:4:00:00,04Jul2008,2008,7,4,4,67
11,04Jul2008:5:00:00,04Jul2008,2008,7,4,5,66
11,04Jul2008:6:00:00,04Jul2008,2008,7,4,6,66
11,04Jul2008:7:00:00,04Jul2008,2008,7,4,7,67
11,04Jul2008:8:00:00,04Jul2008,2008,7,4,8,70
11,04Jul2008:9:00:00,04Jul2008,2008,7,4,9,73
11,04Jul2008:10:00:00,04Jul2008,2008,7,4,10,76
11,04Jul2008:11:00:00,04Jul2008,2008,7,4,11,77
11,04Jul2008:12:00:00,04Jul2008,2008,7,4,12,79
11,04Jul2008:13:00:00,04Jul2008,2008,7,4,13,79
11,04Jul2008:14:00:00,04Jul2008,2008,7,4,14,79
11,04Jul2008:15:00:00,04Jul2008,2008,7,4,15,78
11,04Jul2008:16:00:00,04Jul2008,2008,7,4,16,77
11,04Jul2008:17:00:00,04Jul2008,2008,7,4,17,76
11,04Jul2008:18:00:00,04Jul2008,2008,7,4,18,75
11,04Jul2008:19:00:00,04Jul2008,2008,7,4,19,75
11,04Jul2008:20:00:00,04Jul2008,2008,7,4,20,70
11,04Jul2008:21:00:00,04Jul2008,2008,7,4,21,69
11,04Jul2008:22:00:00,04Jul2008,2008,7,4,22,69
11,04Jul2008:23:00:00,04Jul2008,2008,7,4,23,68
11,05Jul2008:0:00:00,04Jul2008,2008,7,4,24,66
11,05Jul2008:1:00:00,05Jul2008,2008,7,5,1,66
11,05Jul2008:2:00:00,05Jul2008,2008,7,5,2,65
11,05Jul2008:3:00:00,05Jul2008,2008,7,5,3,67
11,05Jul2008:4:00:00,05Jul2008,2008,7,5,4,65
11,05Jul2008:5:00:00,05Jul2008,2008,7,5,5,65
11,05Jul2008:6:00:00,05Jul2008,2008,7,5,6,65
11,05Jul2008:7:00:00,05Jul2008,2008,7,5,7,65
11,05Jul2008:8:00:00,05Jul2008,2008,7,5,8,67
11,05Jul2008:9:00:00,05Jul2008,2008,7,5,9,69
11,05Jul2008:10:00:00,05Jul2008,2008,7,5,10,71
11,05Jul2008:11:00:00,05Jul2008,2008,7,5,11,74
11,05Jul2008:12:00:00,05Jul2008,2008,7,5,12,78
11,05Jul2008:13:00:00,05Jul2008,2008,7,5,13,79
11,05Jul2008:14:00:00,05Jul2008,2008,7,5,14,79
11,05Jul2008:15:00:00,05Jul2008,2008,7,5,15,81
11,05Jul2008:16:00:00,05Jul2008,2008,7,5,16,80
11,05Jul2008:17:00:00,05Jul2008,2008,7,5,17,75
11,05Jul2008:18:00:00,05Jul2008,2008,7,5,18,74
11,05Jul2008:19:00:00,05Jul2008,2008,7,5,19,73
11,05Jul2008:20:00:00,05Jul2008,2008,7,5,20,72
11,05Jul2008:21:00:00,05Jul2008,2008,7,5,21,71
11,05Jul2008:22:00:00,05Jul2008,2008,7,5,22,69
11,05Jul2008:23:00:00,05Jul2008,2008,7,5,23,69
11,06Jul2008:0:00:00,05Jul2008,2008,7,5,24,69
11,06Jul2008:1:00:00,06Jul2008,2008,7,6,1,69
11,06Jul2008:2:00:00,06Jul2008,2008,7,6,2,68
11,06Jul2008:3:00:00,06Jul2008,2008,7,6,3,68
11,06Jul2008:4:00:00,06Jul2008,2008,7,6,4,67
11,06Jul2008:5:00:00,06Jul2008,2008,7,6,5,67
11,06Jul2008:6:00:00,06Jul2008,2008,7,6,6,66
11,06Jul2008:7:00:00,06Jul2008,2008,7,6,7,67
11,06Jul2008:8:00:00,06Jul2008,2008,7,6,8,67
11,06Jul2008:9:00:00,06Jul2008,2008,7,6,9,69
11,06Jul2008:10:00:00,06Jul2008,2008,7,6,10,69
11,06Jul2008:11:00:00,06Jul2008,2008,7,6,11,71
11,06Jul2008:12:00:00,06Jul2008,2008,7,6,12,73
11,06Jul2008:13:00:00,06Jul2008,2008,7,6,13,75
11,06Jul2008:14:00:00,06Jul2008,2008,7,6,14,77
11,06Jul2008:15:00:00,06Jul2008,2008,7,6,15,79
11,06Jul2008:16:00:00,06Jul2008,2008,7,6,16,78
11,06Jul2008:17:00:00,06Jul2008,2008,7,6,17,80
11,06Jul2008:18:00:00,06Jul2008,2008,7,6,18,72
11,06Jul2008:19:00:00,06Jul2008,2008,7,6,19,68
11,06Jul2008:20:00:00,06Jul2008,2008,7,6,20,68
11,06Jul2008:21:00:00,06Jul2008,2008,7,6,21,67
11,06Jul2008:22:00:00,06Jul2008,2008,7,6,22,67
11,06Jul2008:23:00:00,06Jul2008,2008,7,6,23,66
11,07Jul2008:0:00:00,06Jul2008,2008,7,6,24,65
11,07Jul2008:1:00:00,07Jul2008,2008,7,7,1,65
11,07Jul2008:2:00:00,07Jul2008,2008,7,7,2,66
11,07Jul2008:3:00:00,07Jul2008,2008,7,7,3,64
11,07Jul2008:4:00:00,07Jul2008,2008,7,7,4,65
11,07Jul2008:5:00:00,07Jul2008,2008,7,7,5,63
11,07Jul2008:6:00:00,07Jul2008,2008,7,7,6,64
11,07Jul2008:7:00:00,07Jul2008,2008,7,7,7,63
11,07Jul2008:8:00:00,07Jul2008,2008,7,7,8,65
11,07Jul2008:9:00:00,07Jul2008,2008,7,7,9,65
11,07Jul2008:10:00:00,07Jul2008,2008,7,7,10,70
11,07Jul2008:11:00:00,07Jul2008,2008,7,7,11,76
11,07Jul2008:12:00:00,07Jul2008,2008,7,7,12,80
11,07Jul2008:13:00:00,07Jul2008,2008,7,7,13,80
11,07Jul2008:14:00:00,07Jul2008,2008,7,7,14,82
11,07Jul2008:15:00:00,07Jul2008,2008,7,7,15,81
11,07Jul2008:16:00:00,07Jul2008,2008,7,7,16,79
11,07Jul2008:17:00:00,07Jul2008,2008,7,7,17,71
11,07Jul2008:18:00:00,07Jul2008,2008,7,7,18,72
11,07Jul2008:19:00:00,07Jul2008,2008,7,7,19,69
11,07Jul2008:20:00:00,07Jul2008,2008,7,7,20,69
11,07Jul2008:21:00:00,07Jul2008,2008,7,7,21,68
11,07Jul2008:22:00:00,07Jul2008,2008,7,7,22,67
11,07Jul2008:23:00:00,07Jul2008,2008,7,7,23,67
11,08Jul2008:0:00:00,07Jul2008,2008,7,7,24,66
