,zone,year,month,day,hour,actual,predicted_NN
0,17,2005,3,6,0,36845,32791.72265625
1,17,2005,3,6,1,36745,33034.72265625
2,17,2005,3,6,2,37248,29651.625
3,17,2005,3,6,3,37825,29574.330078125
4,17,2005,3,6,4,38986,32099.08984375
5,17,2005,3,6,5,39069,30799.935546875
6,17,2005,3,6,6,41571,32169.37109375
7,17,2005,3,6,7,43663,35603.14453125
8,17,2005,3,6,8,42086,40681.39453125
9,17,2005,3,6,9,38372,35395.16796875
10,17,2005,3,6,10,34226,30956.412109375
11,17,2005,3,6,11,30815,28315.404296875
12,17,2005,3,6,12,28918,30332.48828125
13,17,2005,3,6,13,27543,29497.759765625
14,17,2005,3,6,14,26261,29027.05078125
15,17,2005,3,6,15,25267,28353.19921875
16,17,2005,3,6,16,25420,23293.3515625
17,17,2005,3,6,17,26961,24279.30078125
18,17,2005,3,6,18,30660,26940.796875
19,17,2005,3,6,19,32524,28608.048828125
20,17,2005,3,6,20,32431,27343.888671875
21,17,2005,3,6,21,31223,26845.87109375
22,17,2005,3,6,22,30289,25424.46484375
23,17,2005,3,6,23,28477,24907.466796875
24,17,2005,3,7,0,27518,25315.736328125
25,17,2005,3,7,1,27269,22771.2578125
26,17,2005,3,7,2,27823,22696.740234375
27,17,2005,3,7,3,28445,23134.890625
28,17,2005,3,7,4,30498,24238.216796875
29,17,2005,3,7,5,33716,29954.986328125
30,17,2005,3,7,6,39079,32834.18359375
31,17,2005,3,7,7,36540,37104.6171875
32,17,2005,3,7,8,32626,30218.138671875
33,17,2005,3,7,9,30838,33616.62109375
34,17,2005,3,7,10,28678,31978.50390625
35,17,2005,3,7,11,27277,30165.169921875
36,17,2005,3,7,12,26136,25686.486328125
37,17,2005,3,7,13,25293,27864.314453125
38,17,2005,3,7,14,24421,26142.71875
39,17,2005,3,7,15,24249,27529.84765625
40,17,2005,3,7,16,25520,27881.54296875
41,17,2005,3,7,17,26729,28909.3203125
42,17,2005,3,7,18,30264,30072.48828125
43,17,2005,3,7,19,31446,31625.326171875
44,17,2005,3,7,20,30746,33872.23046875
45,17,2005,3,7,21,29238,32140.765625
46,17,2005,3,7,22,27392,29735.8046875
47,17,2005,3,7,23,24671,26330.2265625
48,17,2005,3,8,0,22370,24701.32421875
49,17,2005,3,8,1,21249,24023.48046875
50,17,2005,3,8,2,20962,24903.453125
51,17,2005,3,8,3,21130,20130.3125
52,17,2005,3,8,4,22373,21303.994140625
53,17,2005,3,8,5,25437,26395.0625
54,17,2005,3,8,6,30428,26455.296875
55,17,2005,3,8,7,30117,29414.59375
56,17,2005,3,8,8,29157,27313.576171875
57,17,2005,3,8,9,27805,28612.91015625
58,17,2005,3,8,10,29449,29711.92578125
59,17,2005,3,8,11,31560,29315.12890625
60,17,2005,3,8,12,33922,36554.6484375
61,17,2005,3,8,13,34461,37072.77734375
62,17,2005,3,8,14,32811,32322.068359375
63,17,2005,3,8,15,31878,32075.2578125
64,17,2005,3,8,16,33245,32440.0625
65,17,2005,3,8,17,36132,35711.41015625
66,17,2005,3,8,18,40763,39773.51171875
67,17,2005,3,8,19,42377,41129.58984375
68,17,2005,3,8,20,42143,41861.03515625
69,17,2005,3,8,21,41190,41183.71875
70,17,2005,3,8,22,40091,40545.76171875
71,17,2005,3,8,23,37965,38301.78515625
72,17,2005,3,9,0,37744,37053.90234375
73,17,2005,3,9,1,37663,36868.359375
74,17,2005,3,9,2,37507,39932.05859375
75,17,2005,3,9,3,38675,40844.51953125
76,17,2005,3,9,4,40999,42779.48828125
77,17,2005,3,9,5,43627,47893.28515625
78,17,2005,3,9,6,48205,50949.1328125
79,17,2005,3,9,7,45482,48506.97265625
80,17,2005,3,9,8,40840,41119.89453125
81,17,2005,3,9,9,36918,40474.9453125
82,17,2005,3,9,10,34943,35787.90234375
83,17,2005,3,9,11,33426,33901.28125
84,17,2005,3,9,12,32114,34444.4140625
85,17,2005,3,9,13,30463,30779.1171875
86,17,2005,3,9,14,29883,29685.55859375
87,17,2005,3,9,15,29426,29674.41796875
88,17,2005,3,9,16,30662,30819.265625
89,17,2005,3,9,17,33580,32526.38671875
90,17,2005,3,9,18,38773,37041.9453125
91,17,2005,3,9,19,41339,39491.16015625
92,17,2005,3,9,20,42049,40378.52734375
93,17,2005,3,9,21,41406,39893.2734375
94,17,2005,3,9,22,40635,39592.87109375
95,17,2005,3,9,23,38372,38318.5625
96,17,2005,3,10,0,37130,37062.90625
97,17,2005,3,10,1,36095,36868.50390625
98,17,2005,3,10,2,36177,39921.45703125
99,17,2005,3,10,3,36093,40830.0390625
100,17,2005,3,10,4,37828,42765.89453125
101,17,2005,3,10,5,40627,47867.484375
102,17,2005,3,10,6,45922,50928.39453125
103,17,2005,3,10,7,43985,48476.75390625
104,17,2005,3,10,8,38879,43888.58984375
105,17,2005,3,10,9,35365,36859.5703125
106,17,2005,3,10,10,33223,34208.21484375
107,17,2005,3,10,11,31880,31726.90625
108,17,2005,3,10,12,30166,29644.77734375
109,17,2005,3,10,13,29457,28675.85546875
110,17,2005,3,10,14,28386,27108.5078125
111,17,2005,3,10,15,28072,29093.375
112,17,2005,3,10,16,28753,28973.556640625
113,17,2005,3,10,17,31108,28085.9296875
114,17,2005,3,10,18,35456,34653.4765625
115,17,2005,3,10,19,38235,39066.28515625
116,17,2005,3,10,20,39445,42189.765625
117,17,2005,3,10,21,39012,41951.84375
118,17,2005,3,10,22,37705,38910.66796875
119,17,2005,3,10,23,34640,31097.978515625
120,17,2005,3,11,0,33069,29658.1953125
121,17,2005,3,11,1,32268,28917.44921875
122,17,2005,3,11,2,32232,29718.306640625
123,17,2005,3,11,3,33053,28836.515625
124,17,2005,3,11,4,34672,31705.12890625
125,17,2005,3,11,5,36752,34651.625
126,17,2005,3,11,6,41563,39077.56640625
127,17,2005,3,11,7,39633,38286.39453125
128,17,2005,3,11,8,35385,31562.697265625
129,17,2005,3,11,9,32228,28263.423828125
130,17,2005,3,11,10,30490,28898.015625
131,17,2005,3,11,11,29152,30187.451171875
132,17,2005,3,11,12,27886,28191.6953125
133,17,2005,3,11,13,26909,27913.23046875
134,17,2005,3,11,14,27405,27520.671875
135,17,2005,3,11,15,28457,26663.41015625
136,17,2005,3,11,16,29529,31203.078125
137,17,2005,3,11,17,31283,31211.111328125
138,17,2005,3,11,18,33236,32318.4296875
139,17,2005,3,11,19,33892,35610.05859375
140,17,2005,3,11,20,33656,35508.83203125
141,17,2005,3,11,21,32804,30106.75
142,17,2005,3,11,22,33092,31270.56640625
143,17,2005,3,11,23,32040,27776.203125
144,17,2005,3,12,0,30509,28098.85546875
145,17,2005,3,12,1,30196,24633.1171875
146,17,2005,3,12,2,30668,25023.46484375
147,17,2005,3,12,3,30889,29385.69140625
148,17,2005,3,12,4,31903,32158.568359375
149,17,2005,3,12,5,33021,34217.44921875
150,17,2005,3,12,6,35446,34169.26171875
151,17,2005,3,12,7,38159,35878.1171875
152,17,2005,3,12,8,39726,41920.64453125
153,17,2005,3,12,9,39645,39333.69921875
154,17,2005,3,12,10,37601,34253.0
155,17,2005,3,12,11,33507,30317.396484375
156,17,2005,3,12,12,30922,26677.21875
157,17,2005,3,12,13,29004,26391.21875
158,17,2005,3,12,14,28213,24725.345703125
159,17,2005,3,12,15,26971,26671.486328125
160,17,2005,3,12,16,26123,27209.994140625
161,17,2005,3,12,17,26944,28060.41015625
162,17,2005,3,12,18,29355,28733.888671875
163,17,2005,3,12,19,30345,29217.453125
164,17,2005,3,12,20,29942,28188.908203125
165,17,2005,3,12,21,29436,28297.7734375
166,17,2005,3,12,22,28846,27336.337890625
167,17,2005,3,12,23,26646,26213.98828125
168,17,2005,6,20,0,23929,27851.05078125
169,17,2005,6,20,1,22248,25852.470703125
170,17,2005,6,20,2,21399,24552.3984375
171,17,2005,6,20,3,22175,20626.5234375
172,17,2005,6,20,4,22483,21376.37109375
173,17,2005,6,20,5,24393,23718.916015625
174,17,2005,6,20,6,26764,27863.720703125
175,17,2005,6,20,7,27562,28307.36328125
176,17,2005,6,20,8,27987,29089.470703125
177,17,2005,6,20,9,28627,28417.4609375
178,17,2005,6,20,10,29510,28734.23046875
179,17,2005,6,20,11,30271,29259.64453125
180,17,2005,6,20,12,30625,31365.4765625
181,17,2005,6,20,13,30976,30896.919921875
182,17,2005,6,20,14,27570,25903.86328125
183,17,2005,6,20,15,27946,26461.12890625
184,17,2005,6,20,16,29157,31195.94921875
185,17,2005,6,20,17,29612,31848.7890625
186,17,2005,6,20,18,33415,34575.71484375
187,17,2005,6,20,19,33050,30870.810546875
188,17,2005,6,20,20,32789,38051.0859375
189,17,2005,6,20,21,33077,32033.6875
190,17,2005,6,20,22,29762,27800.5390625
191,17,2005,6,20,23,26010,26811.765625
192,17,2005,6,21,0,23646,22823.3828125
193,17,2005,6,21,1,22234,21248.375
194,17,2005,6,21,2,21343,20592.48828125
195,17,2005,6,21,3,20547,20038.58984375
196,17,2005,6,21,4,21072,20056.94921875
197,17,2005,6,21,5,22912,22346.5703125
198,17,2005,6,21,6,25281,26347.91015625
199,17,2005,6,21,7,26337,28264.84765625
200,17,2005,6,21,8,26910,31380.328125
201,17,2005,6,21,9,28525,29096.62109375
202,17,2005,6,21,10,29914,33438.125
203,17,2005,6,21,11,31376,35320.85546875
204,17,2005,6,21,12,33428,37269.55859375
205,17,2005,6,21,13,34786,35059.8203125
206,17,2005,6,21,14,35165,38650.015625
207,17,2005,6,21,15,34103,36190.03125
208,17,2005,6,21,16,37183,41420.5234375
209,17,2005,6,21,17,38407,35364.24609375
210,17,2005,6,21,18,41273,38190.21484375
211,17,2005,6,21,19,39947,38389.671875
212,17,2005,6,21,20,39252,35391.34765625
213,17,2005,6,21,21,38576,36968.8359375
214,17,2005,6,21,22,34768,33476.40234375
215,17,2005,6,21,23,30250,29873.13671875
216,17,2005,6,22,0,26819,26631.1484375
217,17,2005,6,22,1,24169,24085.943359375
218,17,2005,6,22,2,22625,26867.80078125
219,17,2005,6,22,3,22643,25124.609375
220,17,2005,6,22,4,22981,25237.6796875
221,17,2005,6,22,5,25075,26410.2734375
222,17,2005,6,22,6,27371,28159.4765625
223,17,2005,6,22,7,28931,32171.849609375
224,17,2005,6,22,8,30255,34166.55859375
225,17,2005,6,22,9,32197,36261.875
226,17,2005,6,22,10,34802,42021.3984375
227,17,2005,6,22,11,38060,32089.859375
228,17,2005,6,22,12,40197,33866.27734375
229,17,2005,6,22,13,41761,35223.359375
230,17,2005,6,22,14,40588,40872.4296875
231,17,2005,6,22,15,39829,38179.6875
232,17,2005,6,22,16,41475,43330.171875
233,17,2005,6,22,17,42212,41276.76171875
234,17,2005,6,22,18,43768,38195.36328125
235,17,2005,6,22,19,42030,38427.66796875
236,17,2005,6,22,20,40848,37251.37890625
237,17,2005,6,22,21,40598,36930.71484375
238,17,2005,6,22,22,36418,36327.828125
239,17,2005,6,22,23,31573,32171.228515625
240,17,2005,6,23,0,28331,29739.576171875
241,17,2005,6,23,1,26316,24501.4609375
242,17,2005,6,23,2,24792,26827.546875
243,17,2005,6,23,3,24069,26253.72265625
244,17,2005,6,23,4,24207,26228.11328125
245,17,2005,6,23,5,26162,25590.90234375
246,17,2005,6,23,6,27859,27076.046875
247,17,2005,6,23,7,29845,27731.3203125
248,17,2005,6,23,8,31780,32162.791015625
249,17,2005,6,23,9,33406,29639.896484375
250,17,2005,6,23,10,35548,30371.5
251,17,2005,6,23,11,37914,31465.990234375
252,17,2005,6,23,12,39952,37775.609375
253,17,2005,6,23,13,41382,39465.76953125
254,17,2005,6,23,14,42184,33918.015625
255,17,2005,6,23,15,41509,38191.33203125
256,17,2005,6,23,16,42333,40217.35546875
257,17,2005,6,23,17,44380,41824.7578125
258,17,2005,6,23,18,44796,42804.63671875
259,17,2005,6,23,19,42288,47089.26171875
260,17,2005,6,23,20,40278,36913.04296875
261,17,2005,6,23,21,39859,36892.01171875
262,17,2005,6,23,22,36006,33442.20703125
263,17,2005,6,23,23,31296,32142.16015625
264,17,2005,6,24,0,27803,26559.681640625
265,17,2005,6,24,1,25571,22504.978515625
266,17,2005,6,24,2,23924,24543.4453125
267,17,2005,6,24,3,23097,20599.76171875
268,17,2005,6,24,4,23245,21687.376953125
269,17,2005,6,24,5,24858,26099.1953125
270,17,2005,6,24,6,27470,27881.9453125
271,17,2005,6,24,7,28973,29888.54296875
272,17,2005,6,24,8,30442,27490.03125
273,17,2005,6,24,9,32381,32530.12109375
274,17,2005,6,24,10,34593,35161.71484375
275,17,2005,6,24,11,37036,38850.33984375
276,17,2005,6,24,12,39472,41026.98828125
277,17,2005,6,24,13,41928,44536.18359375
278,17,2005,6,24,14,42261,41072.00390625
279,17,2005,6,24,15,43784,43432.08203125
280,17,2005,6,24,16,44629,45413.30078125
281,17,2005,6,24,17,46190,46148.36328125
282,17,2005,6,24,18,44905,47723.46484375
283,17,2005,6,24,19,41923,47387.6953125
284,17,2005,6,24,20,39623,46464.03125
285,17,2005,6,24,21,38425,35517.72265625
286,17,2005,6,24,22,35262,33434.2421875
287,17,2005,6,24,23,31092,32159.193359375
288,17,2005,6,25,0,27893,22809.984375
289,17,2005,6,25,1,25167,23994.21875
290,17,2005,6,25,2,23756,21461.92578125
291,17,2005,6,25,3,22674,19620.32421875
292,17,2005,6,25,4,22386,19387.03125
293,17,2005,6,25,5,22291,19953.083984375
294,17,2005,6,25,6,22943,21138.28125
295,17,2005,6,25,7,25343,25812.6015625
296,17,2005,6,25,8,28640,29549.41796875
297,17,2005,6,25,9,32376,33908.63671875
298,17,2005,6,25,10,35195,36392.6015625
299,17,2005,6,25,11,37908,37845.78515625
300,17,2005,6,25,12,39937,39708.46875
301,17,2005,6,25,13,41131,38719.86328125
302,17,2005,6,25,14,40170,43633.01171875
303,17,2005,6,25,15,41221,43673.43359375
304,17,2005,6,25,16,41610,35982.6796875
305,17,2005,6,25,17,40291,41598.23828125
306,17,2005,6,25,18,41860,39404.90234375
307,17,2005,6,25,19,40020,38827.28515625
308,17,2005,6,25,20,38648,36546.0625
309,17,2005,6,25,21,38043,34038.21484375
310,17,2005,6,25,22,34324,33460.2578125
311,17,2005,6,25,23,29832,29053.912109375
312,17,2005,6,26,0,26384,26105.82421875
313,17,2005,6,26,1,24009,24051.92578125
314,17,2005,6,26,2,22409,23218.23828125
315,17,2005,6,26,3,21458,21961.0390625
316,17,2005,6,26,4,20961,21949.947265625
317,17,2005,6,26,5,21369,21936.22265625
318,17,2005,6,26,6,22067,23957.95703125
319,17,2005,6,26,7,25125,27655.28515625
320,17,2005,6,26,8,28507,29311.783203125
321,17,2005,6,26,9,31325,29623.291015625
322,17,2005,6,26,10,32814,31853.724609375
323,17,2005,6,26,11,33447,36726.51953125
324,17,2005,6,26,12,34008,38388.91796875
325,17,2005,6,26,13,34117,39796.74609375
326,17,2005,6,26,14,30040,40438.46484375
327,17,2005,6,26,15,30411,40274.69140625
328,17,2005,6,26,16,31221,36515.875
329,17,2005,6,26,17,31184,35330.8359375
330,17,2005,6,26,18,35065,39337.23828125
331,17,2005,6,26,19,35002,41221.96484375
332,17,2005,6,26,20,34566,37247.625
333,17,2005,6,26,21,35498,38327.82421875
334,17,2005,6,26,22,34122,34764.18359375
335,17,2005,6,26,23,30321,32870.44140625
336,17,2005,9,10,0,25596,25368.921875
337,17,2005,9,10,1,23720,22180.044921875
338,17,2005,9,10,2,22494,20651.875
339,17,2005,9,10,3,21562,19855.91796875
340,17,2005,9,10,4,21472,19669.419921875
341,17,2005,9,10,5,22180,23264.12890625
342,17,2005,9,10,6,23224,19952.1875
343,17,2005,9,10,7,23985,27420.234375
344,17,2005,9,10,8,26928,25992.03125
345,17,2005,9,10,9,29575,28242.29296875
346,17,2005,9,10,10,31769,35109.56640625
347,17,2005,9,10,11,34128,34872.80078125
348,17,2005,9,10,12,35695,36638.2890625
349,17,2005,9,10,13,36984,38508.984375
350,17,2005,9,10,14,36970,38435.8828125
351,17,2005,9,10,15,36284,37004.2890625
352,17,2005,9,10,16,36266,34613.171875
353,17,2005,9,10,17,37008,34507.1796875
354,17,2005,9,10,18,35644,36139.13671875
355,17,2005,9,10,19,34458,33605.18359375
356,17,2005,9,10,20,34157,33641.43359375
357,17,2005,9,10,21,31467,33441.75390625
358,17,2005,9,10,22,28187,30668.787109375
359,17,2005,9,10,23,24546,27800.732421875
360,17,2005,9,11,0,21797,25312.90625
361,17,2005,9,11,1,19879,23509.00390625
362,17,2005,9,11,2,18663,22233.47265625
363,17,2005,9,11,3,18070,21697.76953125
364,17,2005,9,11,4,18189,21446.884765625
365,17,2005,9,11,5,18773,21742.390625
366,17,2005,9,11,6,19939,22070.3984375
367,17,2005,9,11,7,21848,23033.62890625
368,17,2005,9,11,8,25196,26111.578125
369,17,2005,9,11,9,28032,29336.658203125
370,17,2005,9,11,10,29359,29834.203125
371,17,2005,9,11,11,30335,32553.21484375
372,17,2005,9,11,12,31547,34030.734375
373,17,2005,9,11,13,31984,35311.16015625
374,17,2005,9,11,14,32001,35923.70703125
375,17,2005,9,11,15,31795,36838.11328125
376,17,2005,9,11,16,32543,37578.33984375
377,17,2005,9,11,17,33221,35583.1171875
378,17,2005,9,11,18,34293,38744.94921875
379,17,2005,9,11,19,34191,36076.0546875
380,17,2005,9,11,20,34795,26255.912109375
381,17,2005,9,11,21,31761,33342.12890625
382,17,2005,9,11,22,28071,23841.638671875
383,17,2005,9,11,23,25137,21661.34765625
384,17,2005,9,12,0,22669,25373.359375
385,17,2005,9,12,1,21386,20198.140625
386,17,2005,9,12,2,20643,19928.8125
387,17,2005,9,12,3,20565,21083.93359375
388,17,2005,9,12,4,20977,23343.45703125
389,17,2005,9,12,5,23453,23884.361328125
390,17,2005,9,12,6,28019,29127.1171875
391,17,2005,9,12,7,27280,28845.244140625
392,17,2005,9,12,8,26638,27518.505859375
393,17,2005,9,12,9,27815,27542.50390625
394,17,2005,9,12,10,29058,28897.37109375
395,17,2005,9,12,11,30136,32911.29296875
396,17,2005,9,12,12,31762,37318.53125
397,17,2005,9,12,13,33544,32854.47265625
398,17,2005,9,12,14,33685,34306.78515625
399,17,2005,9,12,15,35362,34311.6640625
400,17,2005,9,12,16,37333,35664.25
401,17,2005,9,12,17,39945,41792.4609375
402,17,2005,9,12,18,39954,42777.0625
403,17,2005,9,12,19,39579,37932.88671875
404,17,2005,9,12,20,39039,40106.05078125
405,17,2005,9,12,21,36420,31608.337890625
406,17,2005,9,12,22,32300,27920.33203125
407,17,2005,9,12,23,27971,27991.11328125
408,17,2005,9,13,0,25379,26210.390625
409,17,2005,9,13,1,23349,25029.869140625
410,17,2005,9,13,2,22270,24006.32421875
411,17,2005,9,13,3,21785,23827.3671875
412,17,2005,9,13,4,22022,24110.001953125
413,17,2005,9,13,5,24575,26607.00390625
414,17,2005,9,13,6,29483,30721.46484375
415,17,2005,9,13,7,29039,28248.033203125
416,17,2005,9,13,8,28651,31020.9453125
417,17,2005,9,13,9,29239,30756.798828125
418,17,2005,9,13,10,31490,32642.98828125
419,17,2005,9,13,11,33830,34980.78515625
420,17,2005,9,13,12,35896,37554.87890625
421,17,2005,9,13,13,38079,37821.21484375
422,17,2005,9,13,14,39708,38858.42578125
423,17,2005,9,13,15,40935,38613.546875
424,17,2005,9,13,16,41411,40197.05859375
425,17,2005,9,13,17,43402,41821.83203125
426,17,2005,9,13,18,42587,41791.12890625
427,17,2005,9,13,19,42766,39638.265625
428,17,2005,9,13,20,42174,39338.32421875
429,17,2005,9,13,21,40067,43182.06640625
430,17,2005,9,13,22,35986,29522.396484375
431,17,2005,9,13,23,32089,34970.5
432,17,2005,9,14,0,29083,32249.39453125
433,17,2005,9,14,1,27263,28101.8515625
434,17,2005,9,14,2,26272,23886.47265625
435,17,2005,9,14,3,25807,23553.59375
436,17,2005,9,14,4,26008,24260.1484375
437,17,2005,9,14,5,28612,25381.94921875
438,17,2005,9,14,6,33326,30311.068359375
439,17,2005,9,14,7,32543,30579.314453125
440,17,2005,9,14,8,31552,31355.73828125
441,17,2005,9,14,9,32182,33177.75
442,17,2005,9,14,10,33624,35640.65234375
443,17,2005,9,14,11,36226,35021.92578125
444,17,2005,9,14,12,38677,37549.7734375
445,17,2005,9,14,13,39299,30872.203125
446,17,2005,9,14,14,39638,39113.52734375
447,17,2005,9,14,15,38598,39753.296875
448,17,2005,9,14,16,37906,42303.51953125
449,17,2005,9,14,17,39307,39718.5390625
450,17,2005,9,14,18,39537,44136.4140625
451,17,2005,9,14,19,39544,41480.30859375
452,17,2005,9,14,20,40271,40364.73828125
453,17,2005,9,14,21,39096,43633.19140625
454,17,2005,9,14,22,35954,39377.28515625
455,17,2005,9,14,23,31950,35084.234375
456,17,2005,9,15,0,29730,32359.69140625
457,17,2005,9,15,1,28114,27808.103515625
458,17,2005,9,15,2,27268,27387.0625
459,17,2005,9,15,3,26835,27231.033203125
460,17,2005,9,15,4,27127,24318.8984375
461,17,2005,9,15,5,29830,25440.109375
462,17,2005,9,15,6,34816,32775.19140625
463,17,2005,9,15,7,34277,30626.61328125
464,17,2005,9,15,8,33956,35191.77734375
465,17,2005,9,15,9,34057,32652.4453125
466,17,2005,9,15,10,35504,35068.74609375
467,17,2005,9,15,11,37211,37603.65234375
468,17,2005,9,15,12,39428,39800.35546875
469,17,2005,9,15,13,40659,41874.11328125
470,17,2005,9,15,14,40315,38880.375
471,17,2005,9,15,15,41998,39883.78515625
472,17,2005,9,15,16,44353,42486.56640625
473,17,2005,9,15,17,44430,44225.87890625
474,17,2005,9,15,18,44252,48888.80078125
475,17,2005,9,15,19,43867,44682.87890625
476,17,2005,9,15,20,44019,40408.08203125
477,17,2005,9,15,21,41981,38301.76171875
478,17,2005,9,15,22,37513,36302.08203125
479,17,2005,9,15,23,33420,32820.47265625
480,17,2005,9,16,0,30420,32370.234375
481,17,2005,9,16,1,28608,27808.166015625
482,17,2005,9,16,2,27537,23923.39453125
483,17,2005,9,16,3,27003,23571.228515625
484,17,2005,9,16,4,27189,24284.3984375
485,17,2005,9,16,5,29791,25420.14453125
486,17,2005,9,16,6,34992,30354.33984375
487,17,2005,9,16,7,34870,30609.728515625
488,17,2005,9,16,8,34368,35190.57421875
489,17,2005,9,16,9,34965,32670.35546875
490,17,2005,9,16,10,36744,37894.21875
491,17,2005,9,16,11,38826,39727.88671875
492,17,2005,9,16,12,41737,43565.33203125
493,17,2005,9,16,13,43728,36161.84375
494,17,2005,9,16,14,44662,43380.48046875
495,17,2005,9,16,15,46138,38739.97265625
496,17,2005,9,16,16,47381,43718.25
497,17,2005,9,16,17,47308,45049.78125
498,17,2005,9,16,18,46085,45170.77734375
499,17,2005,9,16,19,44164,39655.75390625
500,17,2005,9,16,20,42631,39362.2734375
501,17,2005,9,16,21,39582,35656.48828125
502,17,2005,9,16,22,36881,33766.87890625
503,17,2005,9,16,23,32547,29519.509765625
504,17,2005,12,25,0,33318,33527.12890625
505,17,2005,12,25,1,31993,31851.8515625
506,17,2005,12,25,2,31625,30539.97265625
507,17,2005,12,25,3,31349,31083.099609375
508,17,2005,12,25,4,31350,31756.109375
509,17,2005,12,25,5,31923,34214.46484375
510,17,2005,12,25,6,32501,36635.14453125
511,17,2005,12,25,7,37331,34868.41796875
512,17,2005,12,25,8,39418,34939.58984375
513,17,2005,12,25,9,39876,30566.30859375
514,17,2005,12,25,10,38706,35153.53125
515,17,2005,12,25,11,36752,34166.75390625
516,17,2005,12,25,12,35390,29001.22265625
517,17,2005,12,25,13,33632,30473.470703125
518,17,2005,12,25,14,31414,30000.708984375
519,17,2005,12,25,15,30058,30473.93359375
520,17,2005,12,25,16,29691,29983.048828125
521,17,2005,12,25,17,29747,34798.66015625
522,17,2005,12,25,18,30841,32831.8125
523,17,2005,12,25,19,32200,30878.515625
524,17,2005,12,25,20,31861,33993.9296875
525,17,2005,12,25,21,31488,32215.9921875
526,17,2005,12,25,22,30338,32140.421875
527,17,2005,12,25,23,28688,29655.134765625
528,17,2005,12,26,0,27093,27681.67578125
529,17,2005,12,26,1,26451,27002.33984375
530,17,2005,12,26,2,26242,24425.48046875
531,17,2005,12,26,3,26444,27086.046875
532,17,2005,12,26,4,27307,27993.765625
533,17,2005,12,26,5,29292,30758.892578125
534,17,2005,12,26,6,29872,32946.546875
535,17,2005,12,26,7,30947,32732.537109375
536,17,2005,12,26,8,34216,31001.1015625
537,17,2005,12,26,9,35440,31851.650390625
538,17,2005,12,26,10,34992,34867.47265625
539,17,2005,12,26,11,34005,33300.4375
540,17,2005,12,26,12,33171,32284.119140625
541,17,2005,12,26,13,31956,27829.22265625
542,17,2005,12,26,14,30716,27533.056640625
543,17,2005,12,26,15,30616,28690.271484375
544,17,2005,12,26,16,32827,30664.4375
545,17,2005,12,26,17,32967,33829.02734375
546,17,2005,12,26,18,35461,32108.318359375
547,17,2005,12,26,19,37559,35025.88671875
548,17,2005,12,26,20,41026,40644.546875
549,17,2005,12,26,21,39822,32527.197265625
550,17,2005,12,26,22,38079,33269.87109375
551,17,2005,12,26,23,35887,30734.86328125
552,17,2005,12,27,0,34471,30901.32421875
553,17,2005,12,27,1,33784,30352.01953125
554,17,2005,12,27,2,33916,30771.1640625
555,17,2005,12,27,3,34602,31687.98046875
556,17,2005,12,27,4,36280,32910.83984375
557,17,2005,12,27,5,39326,33426.51171875
558,17,2005,12,27,6,43360,46690.796875
559,17,2005,12,27,7,44541,43653.43359375
560,17,2005,12,27,8,44281,38522.82421875
561,17,2005,12,27,9,41949,32711.95703125
562,17,2005,12,27,10,38936,31991.431640625
563,17,2005,12,27,11,36466,33981.51171875
564,17,2005,12,27,12,34903,28722.9296875
565,17,2005,12,27,13,33446,27780.06640625
566,17,2005,12,27,14,32527,28738.744140625
567,17,2005,12,27,15,31920,31472.333984375
568,17,2005,12,27,16,33838,33866.13671875
569,17,2005,12,27,17,36586,32037.11328125
570,17,2005,12,27,18,38508,39522.04296875
571,17,2005,12,27,19,41398,35602.36328125
572,17,2005,12,27,20,43121,36191.32421875
573,17,2005,12,27,21,44619,41517.265625
574,17,2005,12,27,22,43064,33974.76171875
575,17,2005,12,27,23,40806,36981.30078125
576,17,2005,12,28,0,39243,36030.50390625
577,17,2005,12,28,1,38465,37778.16015625
578,17,2005,12,28,2,38602,36498.44140625
579,17,2005,12,28,3,39228,36971.1640625
580,17,2005,12,28,4,39967,35868.6796875
581,17,2005,12,28,5,42832,36299.35546875
582,17,2005,12,28,6,46267,44842.22265625
583,17,2005,12,28,7,46464,43656.21875
584,17,2005,12,28,8,44629,38501.96875
585,17,2005,12,28,9,42029,34832.0625
586,17,2005,12,28,10,38107,36009.24609375
587,17,2005,12,28,11,34819,33317.01171875
588,17,2005,12,28,12,32843,27803.015625
589,17,2005,12,28,13,31790,30893.490234375
590,17,2005,12,28,14,30425,26970.1328125
591,17,2005,12,28,15,30514,26897.84375
592,17,2005,12,28,16,32254,28212.0703125
593,17,2005,12,28,17,34045,34095.73046875
594,17,2005,12,28,18,35969,33714.75390625
595,17,2005,12,28,19,35776,33344.73046875
596,17,2005,12,28,20,36861,32551.33984375
597,17,2005,12,28,21,37188,30891.30859375
598,17,2005,12,28,22,34908,29223.2421875
599,17,2005,12,28,23,32187,26445.5234375
600,17,2005,12,29,0,29334,24829.94921875
601,17,2005,12,29,1,28080,23709.03125
602,17,2005,12,29,2,27181,24528.23828125
603,17,2005,12,29,3,27103,25778.583984375
604,17,2005,12,29,4,28291,26777.13671875
605,17,2005,12,29,5,30661,29871.328125
606,17,2005,12,29,6,32187,29386.76953125
607,17,2005,12,29,7,32881,30647.609375
608,17,2005,12,29,8,33325,30762.21484375
609,17,2005,12,29,9,34842,29953.572265625
610,17,2005,12,29,10,34252,29069.05859375
611,17,2005,12,29,11,33542,28204.8046875
612,17,2005,12,29,12,32788,31381.3984375
613,17,2005,12,29,13,32182,31300.251953125
614,17,2005,12,29,14,32354,30633.078125
615,17,2005,12,29,15,32577,28305.541015625
616,17,2005,12,29,16,34431,30765.75
617,17,2005,12,29,17,34683,31205.638671875
618,17,2005,12,29,18,36186,32220.677734375
619,17,2005,12,29,19,36579,32519.88671875
620,17,2005,12,29,20,38348,29958.46875
621,17,2005,12,29,21,38332,37827.8515625
622,17,2005,12,29,22,36797,37212.26171875
623,17,2005,12,29,23,34978,29271.083984375
624,17,2005,12,30,0,33555,29759.2109375
625,17,2005,12,30,1,33246,29600.353515625
626,17,2005,12,30,2,33931,30749.19921875
627,17,2005,12,30,3,34885,33487.0625
628,17,2005,12,30,4,36118,32999.9921875
629,17,2005,12,30,5,39226,36110.08203125
630,17,2005,12,30,6,41601,41388.68359375
631,17,2005,12,30,7,42976,41563.70703125
632,17,2005,12,30,8,41881,38490.9375
633,17,2005,12,30,9,40487,39673.56640625
634,17,2005,12,30,10,36767,34802.68359375
635,17,2005,12,30,11,33590,33661.01171875
636,17,2005,12,30,12,31087,28188.30078125
637,17,2005,12,30,13,29579,31285.580078125
638,17,2005,12,30,14,28409,28510.12890625
639,17,2005,12,30,15,27952,28694.51953125
640,17,2005,12,30,16,30059,30286.4765625
641,17,2005,12,30,17,32309,32587.43359375
642,17,2005,12,30,18,34802,38736.22265625
643,17,2005,12,30,19,35854,41220.08203125
644,17,2005,12,30,20,38019,33334.12109375
645,17,2005,12,30,21,39572,39906.82421875
646,17,2005,12,30,22,37843,38791.01953125
647,17,2005,12,30,23,36711,36920.96484375
648,17,2005,12,31,0,35101,31913.775390625
649,17,2005,12,31,1,34165,30984.31640625
650,17,2005,12,31,2,34106,30700.32421875
651,17,2005,12,31,3,34818,31589.373046875
652,17,2005,12,31,4,35631,32031.24609375
653,17,2005,12,31,5,36711,33606.81640625
654,17,2005,12,31,6,36408,34804.7890625
655,17,2005,12,31,7,37320,37032.98828125
656,17,2005,12,31,8,38313,34030.87890625
657,17,2005,12,31,9,40424,31977.732421875
658,17,2005,12,31,10,40053,37609.41015625
659,17,2005,12,31,11,37036,34361.9453125
660,17,2005,12,31,12,33587,30945.80859375
661,17,2005,12,31,13,31708,25159.43359375
662,17,2005,12,31,14,30465,28943.45703125
663,17,2005,12,31,15,29919,28573.51953125
664,17,2005,12,31,16,30927,29646.78515625
665,17,2005,12,31,17,30323,30523.8046875
666,17,2005,12,31,18,32272,33339.33984375
667,17,2005,12,31,19,32190,32589.142578125
668,17,2005,12,31,20,35289,32426.611328125
669,17,2005,12,31,21,35867,34070.38671875
670,17,2005,12,31,22,34508,29762.830078125
671,17,2005,12,31,23,33348,28224.84765625
672,17,2006,2,13,0,40219,41068.85546875
673,17,2006,2,13,1,40552,41851.01953125
674,17,2006,2,13,2,42047,42959.0625
675,17,2006,2,13,3,43690,44112.9296875
676,17,2006,2,13,4,45999,46536.4296875
677,17,2006,2,13,5,48498,46686.27734375
678,17,2006,2,13,6,54220,41241.36328125
679,17,2006,2,13,7,51996,54753.65234375
680,17,2006,2,13,8,46425,52028.140625
681,17,2006,2,13,9,42041,41081.85546875
682,17,2006,2,13,10,38342,35733.23046875
683,17,2006,2,13,11,37569,38952.30859375
684,17,2006,2,13,12,34957,33102.85546875
685,17,2006,2,13,13,33465,32005.30859375
686,17,2006,2,13,14,32308,30861.890625
687,17,2006,2,13,15,32155,30874.060546875
688,17,2006,2,13,16,34358,32663.623046875
689,17,2006,2,13,17,36361,37181.97265625
690,17,2006,2,13,18,42144,39779.28125
691,17,2006,2,13,19,43512,43948.3828125
692,17,2006,2,13,20,44573,41948.0078125
693,17,2006,2,13,21,45545,40763.91015625
694,17,2006,2,13,22,42643,40724.9921875
695,17,2006,2,13,23,39720,37859.46875
696,17,2006,2,14,0,37633,34426.515625
697,17,2006,2,14,1,36900,34188.85546875
698,17,2006,2,14,2,37217,39477.09765625
699,17,2006,2,14,3,38318,40173.8046875
700,17,2006,2,14,4,40254,42105.2890625
701,17,2006,2,14,5,42600,44531.85546875
702,17,2006,2,14,6,48529,45375.234375
703,17,2006,2,14,7,46859,45110.5859375
704,17,2006,2,14,8,41298,44030.7421875
705,17,2006,2,14,9,36585,40143.65625
706,17,2006,2,14,10,32856,30761.91015625
707,17,2006,2,14,11,30252,28007.166015625
708,17,2006,2,14,12,30477,27739.212890625
709,17,2006,2,14,13,29031,26830.75
710,17,2006,2,14,14,27746,26011.21484375
711,17,2006,2,14,15,27306,25701.5078125
712,17,2006,2,14,16,29027,25120.1015625
713,17,2006,2,14,17,29798,27037.251953125
714,17,2006,2,14,18,34772,32328.96875
715,17,2006,2,14,19,36638,35755.6328125
716,17,2006,2,14,20,36708,34577.22265625
717,17,2006,2,14,21,36101,34707.33203125
718,17,2006,2,14,22,35886,31562.8671875
719,17,2006,2,14,23,33418,33996.6484375
720,17,2006,2,15,0,32473,32282.328125
721,17,2006,2,15,1,32588,25575.873046875
722,17,2006,2,15,2,33288,26112.484375
723,17,2006,2,15,3,34150,34454.14453125
724,17,2006,2,15,4,33642,29037.15625
725,17,2006,2,15,5,38659,33449.6015625
726,17,2006,2,15,6,45108,39545.89453125
727,17,2006,2,15,7,43153,38118.91015625
728,17,2006,2,15,8,37394,37630.67578125
729,17,2006,2,15,9,33104,37700.703125
730,17,2006,2,15,10,29950,31166.015625
731,17,2006,2,15,11,29603,26337.8671875
732,17,2006,2,15,12,27939,25654.33984375
733,17,2006,2,15,13,26691,25034.095703125
734,17,2006,2,15,14,25588,29025.54296875
735,17,2006,2,15,15,25400,27768.45703125
736,17,2006,2,15,16,27037,28183.04296875
737,17,2006,2,15,17,27547,29956.3125
738,17,2006,2,15,18,32155,30279.708984375
739,17,2006,2,15,19,33377,32511.5234375
740,17,2006,2,15,20,33049,32833.48046875
741,17,2006,2,15,21,31561,31877.888671875
742,17,2006,2,15,22,31634,30038.7265625
743,17,2006,2,15,23,28918,27735.83203125
744,17,2006,2,16,0,28026,26292.98828125
745,17,2006,2,16,1,28223,27876.763671875
746,17,2006,2,16,2,28487,27966.37890625
747,17,2006,2,16,3,29357,28516.01171875
748,17,2006,2,16,4,31191,29926.50390625
749,17,2006,2,16,5,36237,36785.93359375
750,17,2006,2,16,6,40340,37532.41015625
751,17,2006,2,16,7,38612,40995.58984375
752,17,2006,2,16,8,36019,37092.30078125
753,17,2006,2,16,9,32081,28727.990234375
754,17,2006,2,16,10,29277,27428.501953125
755,17,2006,2,16,11,27566,25743.90234375
756,17,2006,2,16,12,26142,25292.67578125
757,17,2006,2,16,13,24819,28160.390625
758,17,2006,2,16,14,24312,28012.056640625
759,17,2006,2,16,15,24602,23744.8203125
760,17,2006,2,16,16,25725,22100.50390625
761,17,2006,2,16,17,28074,23798.87109375
762,17,2006,2,16,18,30195,31212.791015625
763,17,2006,2,16,19,31551,33195.8984375
764,17,2006,2,16,20,33805,32320.40625
765,17,2006,2,16,21,32388,27130.59375
766,17,2006,2,16,22,29335,27369.833984375
767,17,2006,2,16,23,26560,25576.39453125
768,17,2006,2,17,0,24466,25348.265625
769,17,2006,2,17,1,23429,24419.84765625
770,17,2006,2,17,2,23289,23572.03515625
771,17,2006,2,17,3,23580,23536.67578125
772,17,2006,2,17,4,24762,24296.50390625
773,17,2006,2,17,5,28718,25108.640625
774,17,2006,2,17,6,34601,29658.697265625
775,17,2006,2,17,7,33534,29050.8515625
776,17,2006,2,17,8,31140,30953.439453125
777,17,2006,2,17,9,29785,29814.83203125
778,17,2006,2,17,10,28310,29376.302734375
779,17,2006,2,17,11,26879,25731.7890625
780,17,2006,2,17,12,25636,25197.09765625
781,17,2006,2,17,13,24761,25057.8125
782,17,2006,2,17,14,24264,27706.169921875
783,17,2006,2,17,15,23263,25082.599609375
784,17,2006,2,17,16,24169,28873.7265625
785,17,2006,2,17,17,26173,30858.978515625
786,17,2006,2,17,18,29908,32782.23046875
787,17,2006,2,17,19,30901,30358.19140625
788,17,2006,2,17,20,31336,34289.02734375
789,17,2006,2,17,21,31125,29851.572265625
790,17,2006,2,17,22,30057,32736.01953125
791,17,2006,2,17,23,28785,26452.75390625
792,17,2006,2,18,0,27455,32802.375
793,17,2006,2,18,1,27209,27217.994140625
794,17,2006,2,18,2,27609,29379.83984375
795,17,2006,2,18,3,28034,29523.646484375
796,17,2006,2,18,4,29013,30033.919921875
797,17,2006,2,18,5,29907,31697.16796875
798,17,2006,2,18,6,32148,38623.2265625
799,17,2006,2,18,7,35328,39954.4375
800,17,2006,2,18,8,37648,40956.703125
801,17,2006,2,18,9,38138,40049.48046875
802,17,2006,2,18,10,37965,35605.53515625
803,17,2006,2,18,11,38762,36854.2421875
804,17,2006,2,18,12,39032,36025.30859375
805,17,2006,2,18,13,38329,38293.83984375
806,17,2006,2,18,14,37878,36424.83203125
807,17,2006,2,18,15,37918,35626.56640625
808,17,2006,2,18,16,37626,36467.74609375
809,17,2006,2,18,17,38772,38746.55859375
810,17,2006,2,18,18,41699,41581.72265625
811,17,2006,2,18,19,41853,42919.06640625
812,17,2006,2,18,20,41317,42438.3515625
813,17,2006,2,18,21,41305,41005.43359375
814,17,2006,2,18,22,41089,45659.61328125
815,17,2006,2,18,23,40399,44233.8671875
816,17,2006,2,19,0,40694,38001.48828125
817,17,2006,2,19,1,41719,38074.171875
818,17,2006,2,19,2,42917,47400.859375
819,17,2006,2,19,3,44382,48597.54296875
820,17,2006,2,19,4,46630,46220.77734375
821,17,2006,2,19,5,48988,48598.22265625
822,17,2006,2,19,6,52608,51162.8828125
823,17,2006,2,19,7,55908,54600.296875
824,17,2006,2,19,8,56513,53903.23046875
825,17,2006,2,19,9,53781,43888.58984375
826,17,2006,2,19,10,49259,40087.05859375
827,17,2006,2,19,11,44795,37766.01171875
828,17,2006,2,19,12,42196,35225.09765625
829,17,2006,2,19,13,39686,33595.79296875
830,17,2006,2,19,14,37515,32158.2265625
831,17,2006,2,19,15,35973,31445.68359375
832,17,2006,2,19,16,36229,32289.52734375
833,17,2006,2,19,17,39900,35726.01171875
834,17,2006,2,19,18,44038,38589.9765625
835,17,2006,2,19,19,46525,37139.875
836,17,2006,2,19,20,46916,37794.55078125
837,17,2006,2,19,21,45785,37099.8671875
838,17,2006,2,19,22,44232,37710.79296875
839,17,2006,2,19,23,42637,36021.14453125
840,17,2006,5,25,0,22734,22647.802734375
841,17,2006,5,25,1,21360,22244.0546875
842,17,2006,5,25,2,21450,20309.359375
843,17,2006,5,25,3,21425,20268.9765625
844,17,2006,5,25,4,21975,20546.73046875
845,17,2006,5,25,5,24417,23569.9375
846,17,2006,5,25,6,28817,20546.80078125
847,17,2006,5,25,7,29357,27986.69140625
848,17,2006,5,25,8,28166,30047.88671875
849,17,2006,5,25,9,28218,29961.01953125
850,17,2006,5,25,10,28969,30347.93359375
851,17,2006,5,25,11,29650,31204.501953125
852,17,2006,5,25,12,30997,32184.669921875
853,17,2006,5,25,13,29669,33176.1796875
854,17,2006,5,25,14,30373,32869.3359375
855,17,2006,5,25,15,31767,34048.2109375
856,17,2006,5,25,16,32919,38965.76171875
857,17,2006,5,25,17,31997,39347.34765625
858,17,2006,5,25,18,35203,38611.390625
859,17,2006,5,25,19,35629,37928.16015625
860,17,2006,5,25,20,33290,43815.56640625
861,17,2006,5,25,21,36985,41452.046875
862,17,2006,5,25,22,34498,36203.68359375
863,17,2006,5,25,23,30725,30407.7734375
864,17,2006,5,26,0,27544,24678.51171875
865,17,2006,5,26,1,25721,24674.046875
866,17,2006,5,26,2,24831,23572.49609375
867,17,2006,5,26,3,24283,23029.83984375
868,17,2006,5,26,4,24256,23776.3203125
869,17,2006,5,26,5,26308,24537.70703125
870,17,2006,5,26,6,29104,28075.66015625
871,17,2006,5,26,7,31439,29419.001953125
872,17,2006,5,26,8,32510,28972.3984375
873,17,2006,5,26,9,34494,29265.07421875
874,17,2006,5,26,10,36328,32000.84765625
875,17,2006,5,26,11,37879,33471.84765625
876,17,2006,5,26,12,39034,38109.08984375
877,17,2006,5,26,13,37568,39778.609375
878,17,2006,5,26,14,39168,41563.99609375
879,17,2006,5,26,15,38665,37968.3984375
880,17,2006,5,26,16,37369,36266.75390625
881,17,2006,5,26,17,37958,39061.63671875
882,17,2006,5,26,18,40529,31173.869140625
883,17,2006,5,26,19,38277,37854.66796875
884,17,2006,5,26,20,37357,43791.75390625
885,17,2006,5,26,21,37131,35996.58984375
886,17,2006,5,26,22,33760,31557.06640625
887,17,2006,5,26,23,30239,32500.701171875
888,17,2006,5,27,0,27092,26509.873046875
889,17,2006,5,27,1,24777,19521.134765625
890,17,2006,5,27,2,23201,20084.05078125
891,17,2006,5,27,3,22372,18560.634765625
892,17,2006,5,27,4,21782,18309.55859375
893,17,2006,5,27,5,22328,19716.412109375
894,17,2006,5,27,6,22723,22160.24609375
895,17,2006,5,27,7,25119,24857.40234375
896,17,2006,5,27,8,28126,27367.125
897,17,2006,5,27,9,30705,30456.2421875
898,17,2006,5,27,10,32829,32411.720703125
899,17,2006,5,27,11,34393,28447.837890625
900,17,2006,5,27,12,35428,33265.80859375
901,17,2006,5,27,13,35866,34468.5703125
902,17,2006,5,27,14,36136,33715.1328125
903,17,2006,5,27,15,36951,29338.392578125
904,17,2006,5,27,16,37174,29891.357421875
905,17,2006,5,27,17,36200,37727.73828125
906,17,2006,5,27,18,34667,39695.484375
907,17,2006,5,27,19,33390,37896.01171875
908,17,2006,5,27,20,32948,36977.8359375
909,17,2006,5,27,21,32744,35791.36328125
910,17,2006,5,27,22,29545,28313.4375
911,17,2006,5,27,23,26312,25147.623046875
912,17,2006,5,28,0,23244,21875.36328125
913,17,2006,5,28,1,21548,21855.96875
914,17,2006,5,28,2,20389,21490.591796875
915,17,2006,5,28,3,19516,20113.92578125
916,17,2006,5,28,4,19111,20709.015625
917,17,2006,5,28,5,19785,20431.8984375
918,17,2006,5,28,6,20187,20905.34765625
919,17,2006,5,28,7,23434,24256.2421875
920,17,2006,5,28,8,27240,27371.421875
921,17,2006,5,28,9,30416,30453.48828125
922,17,2006,5,28,10,32393,31573.728515625
923,17,2006,5,28,11,34263,28534.4375
924,17,2006,5,28,12,36064,29833.3671875
925,17,2006,5,28,13,37592,35399.16015625
926,17,2006,5,28,14,38503,29546.58984375
927,17,2006,5,28,15,39150,31126.83984375
928,17,2006,5,28,16,39487,32008.830078125
929,17,2006,5,28,17,39949,32763.162109375
930,17,2006,5,28,18,39267,32597.978515625
931,17,2006,5,28,19,37499,32233.265625
932,17,2006,5,28,20,36517,33486.10546875
933,17,2006,5,28,21,36355,25841.35546875
934,17,2006,5,28,22,33182,25014.55078125
935,17,2006,5,28,23,29233,23778.40234375
936,17,2006,5,29,0,26086,24130.8359375
937,17,2006,5,29,1,23879,25849.8359375
938,17,2006,5,29,2,22467,22312.826171875
939,17,2006,5,29,3,21742,22272.033203125
940,17,2006,5,29,4,21590,22516.91796875
941,17,2006,5,29,5,22487,24983.0625
942,17,2006,5,29,6,22610,26607.087890625
943,17,2006,5,29,7,24226,30121.38671875
944,17,2006,5,29,8,26562,30307.3671875
945,17,2006,5,29,9,29398,31024.6171875
946,17,2006,5,29,10,32737,32409.009765625
947,17,2006,5,29,11,35592,35690.80078125
948,17,2006,5,29,12,35286,35900.953125
949,17,2006,5,29,13,36804,37784.1328125
950,17,2006,5,29,14,38020,39725.8515625
951,17,2006,5,29,15,39739,41652.98828125
952,17,2006,5,29,16,41402,37951.71484375
953,17,2006,5,29,17,44296,44612.48828125
954,17,2006,5,29,18,43352,42278.19921875
955,17,2006,5,29,19,42297,35393.80859375
956,17,2006,5,29,20,41098,34408.9453125
957,17,2006,5,29,21,40283,33437.609375
958,17,2006,5,29,22,35050,31533.1015625
959,17,2006,5,29,23,30340,27585.716796875
960,17,2006,5,30,0,26629,22946.234375
961,17,2006,5,30,1,24500,21588.41796875
962,17,2006,5,30,2,23218,20915.1328125
963,17,2006,5,30,3,22544,20856.7421875
964,17,2006,5,30,4,22755,22685.52734375
965,17,2006,5,30,5,25217,23195.76171875
966,17,2006,5,30,6,29408,27132.59765625
967,17,2006,5,30,7,30980,28282.96484375
968,17,2006,5,30,8,31238,30829.66796875
969,17,2006,5,30,9,32887,32622.80078125
970,17,2006,5,30,10,35010,34926.1953125
971,17,2006,5,30,11,37935,37218.0390625
972,17,2006,5,30,12,41431,39287.81640625
973,17,2006,5,30,13,41731,41016.96875
974,17,2006,5,30,14,43926,41979.90625
975,17,2006,5,30,15,45868,41864.9453125
976,17,2006,5,30,16,47566,42698.62890625
977,17,2006,5,30,17,47641,42939.59375
978,17,2006,5,30,18,49760,43338.1796875
979,17,2006,5,30,19,48786,43024.11328125
980,17,2006,5,30,20,46279,39754.02734375
981,17,2006,5,30,21,44578,35171.0390625
982,17,2006,5,30,22,41707,31986.80859375
983,17,2006,5,30,23,35814,30685.640625
984,17,2006,5,31,0,32217,27932.912109375
985,17,2006,5,31,1,29691,28133.99609375
986,17,2006,5,31,2,28190,26660.36328125
987,17,2006,5,31,3,27162,25936.26953125
988,17,2006,5,31,4,26773,21949.91015625
989,17,2006,5,31,5,29511,20535.25390625
990,17,2006,5,31,6,33052,21285.69921875
991,17,2006,5,31,7,34419,30176.513671875
992,17,2006,5,31,8,34980,30415.90234375
993,17,2006,5,31,9,36296,31323.32421875
994,17,2006,5,31,10,38318,29928.8984375
995,17,2006,5,31,11,38036,28410.03125
996,17,2006,5,31,12,40775,33801.51171875
997,17,2006,5,31,13,43093,35163.71875
998,17,2006,5,31,14,44635,33182.83203125
999,17,2006,5,31,15,45912,33410.734375
1000,17,2006,5,31,16,46698,44050.05859375
1001,17,2006,5,31,17,49143,38302.73828125
1002,17,2006,5,31,18,49317,38030.12109375
1003,17,2006,5,31,19,47374,42935.61328125
1004,17,2006,5,31,20,46757,39698.70703125
1005,17,2006,5,31,21,45541,40747.78515625
1006,17,2006,5,31,22,40712,31967.330078125
1007,17,2006,5,31,23,35227,28453.619140625
1008,17,2006,8,2,0,42216,40733.36328125
1009,17,2006,8,2,1,39352,37718.10546875
1010,17,2006,8,2,2,37040,35835.6796875
1011,17,2006,8,2,3,35289,34688.02734375
1012,17,2006,8,2,4,35239,31755.53515625
1013,17,2006,8,2,5,36938,33114.9453125
1014,17,2006,8,2,6,38533,34783.08203125
1015,17,2006,8,2,7,39464,36983.8203125
1016,17,2006,8,2,8,42429,41843.20703125
1017,17,2006,8,2,9,46006,42904.60546875
1018,17,2006,8,2,10,50325,46675.26953125
1019,17,2006,8,2,11,54150,50490.8671875
1020,17,2006,8,2,12,57318,56617.91796875
1021,17,2006,8,2,13,59276,55631.6640625
1022,17,2006,8,2,14,57639,54809.859375
1023,17,2006,8,2,15,57805,55137.1015625
1024,17,2006,8,2,16,58047,55846.6953125
1025,17,2006,8,2,17,58911,55637.22265625
1026,17,2006,8,2,18,60400,57588.66796875
1027,17,2006,8,2,19,58155,55664.22265625
1028,17,2006,8,2,20,56876,54455.92578125
1029,17,2006,8,2,21,55430,52543.61328125
1030,17,2006,8,2,22,51667,48991.31640625
1031,17,2006,8,2,23,46912,44118.95703125
1032,17,2006,8,3,0,43102,42867.28515625
1033,17,2006,8,3,1,40304,37770.90625
1034,17,2006,8,3,2,38344,35896.93359375
1035,17,2006,8,3,3,36159,34750.59765625
1036,17,2006,8,3,4,35645,34941.15234375
1037,17,2006,8,3,5,37232,36997.36328125
1038,17,2006,8,3,6,38699,38829.23828125
1039,17,2006,8,3,7,39544,39949.15234375
1040,17,2006,8,3,8,41467,41867.984375
1041,17,2006,8,3,9,44561,45398.3984375
1042,17,2006,8,3,10,48784,49711.71484375
1043,17,2006,8,3,11,53084,53986.13671875
1044,17,2006,8,3,12,56485,56642.85546875
1045,17,2006,8,3,13,58252,58427.83984375
1046,17,2006,8,3,14,57033,56478.9765625
1047,17,2006,8,3,15,57798,55171.20703125
1048,17,2006,8,3,16,58937,55804.3046875
1049,17,2006,8,3,17,58084,55606.3515625
1050,17,2006,8,3,18,60466,57577.2890625
1051,17,2006,8,3,19,58546,55658.27734375
1052,17,2006,8,3,20,57891,56990.98046875
1053,17,2006,8,3,21,55526,55457.70703125
1054,17,2006,8,3,22,51091,51104.60546875
1055,17,2006,8,3,23,46203,46690.41015625
1056,17,2006,8,4,0,42475,42863.84765625
1057,17,2006,8,4,1,39422,40668.76953125
1058,17,2006,8,4,2,37473,35917.49609375
1059,17,2006,8,4,3,35880,34752.78125
1060,17,2006,8,4,4,35413,34943.66796875
1061,17,2006,8,4,5,36743,36997.84765625
1062,17,2006,8,4,6,38306,38873.16796875
1063,17,2006,8,4,7,39637,40473.65234375
1064,17,2006,8,4,8,41962,41865.05859375
1065,17,2006,8,4,9,45008,42214.11328125
1066,17,2006,8,4,10,49084,46638.32421875
1067,17,2006,8,4,11,52895,50434.42578125
1068,17,2006,8,4,12,55483,53267.76171875
1069,17,2006,8,4,13,57611,52732.29296875
1070,17,2006,8,4,14,58079,51174.19140625
1071,17,2006,8,4,15,54932,51038.79296875
1072,17,2006,8,4,16,50684,46903.19921875
1073,17,2006,8,4,17,50563,46748.29296875
1074,17,2006,8,4,18,49292,44853.81640625
1075,17,2006,8,4,19,47524,48734.50390625
1076,17,2006,8,4,20,47142,47401.56640625
1077,17,2006,8,4,21,45808,49086.359375
1078,17,2006,8,4,22,42966,37647.98828125
1079,17,2006,8,4,23,39534,38826.75390625
1080,17,2006,8,5,0,36632,36948.91015625
1081,17,2006,8,5,1,34251,33879.94140625
1082,17,2006,8,5,2,32772,31489.564453125
1083,17,2006,8,5,3,31574,30754.046875
1084,17,2006,8,5,4,30950,30615.681640625
1085,17,2006,8,5,5,30780,28806.666015625
1086,17,2006,8,5,6,31113,29260.81640625
1087,17,2006,8,5,7,33625,30059.939453125
1088,17,2006,8,5,8,37260,31698.453125
1089,17,2006,8,5,9,40616,35219.60546875
1090,17,2006,8,5,10,43243,39692.25390625
1091,17,2006,8,5,11,45398,43206.85546875
1092,17,2006,8,5,12,47354,44257.98828125
1093,17,2006,8,5,13,48813,47239.1875
1094,17,2006,8,5,14,49680,45877.88671875
1095,17,2006,8,5,15,50046,46898.1171875
1096,17,2006,8,5,16,50166,45839.46484375
1097,17,2006,8,5,17,49853,52355.91796875
1098,17,2006,8,5,18,48396,52104.62890625
1099,17,2006,8,5,19,45988,42128.78515625
1100,17,2006,8,5,20,43990,38408.80078125
1101,17,2006,8,5,21,41717,36865.40625
1102,17,2006,8,5,22,36727,33649.36328125
1103,17,2006,8,5,23,32529,33374.65234375
1104,17,2006,8,6,0,29052,28113.72265625
1105,17,2006,8,6,1,26328,25288.69921875
1106,17,2006,8,6,2,24797,24010.078125
1107,17,2006,8,6,3,23678,23116.78515625
1108,17,2006,8,6,4,23163,21928.265625
1109,17,2006,8,6,5,23318,22014.16796875
1110,17,2006,8,6,6,23511,22601.23046875
1111,17,2006,8,6,7,25930,26597.78515625
1112,17,2006,8,6,8,29985,31437.48046875
1113,17,2006,8,6,9,34447,39682.74609375
1114,17,2006,8,6,10,38358,38833.06640625
1115,17,2006,8,6,11,41200,40898.546875
1116,17,2006,8,6,12,44095,44265.16796875
1117,17,2006,8,6,13,46223,45101.69140625
1118,17,2006,8,6,14,47844,45906.75390625
1119,17,2006,8,6,15,48869,46902.109375
1120,17,2006,8,6,16,49668,45832.47265625
1121,17,2006,8,6,17,50215,45717.68359375
1122,17,2006,8,6,18,48847,52076.0859375
1123,17,2006,8,6,19,46396,42163.3515625
1124,17,2006,8,6,20,44634,43061.28125
1125,17,2006,8,6,21,42461,40990.45703125
1126,17,2006,8,6,22,38173,38327.3203125
1127,17,2006,8,6,23,34037,34742.203125
1128,17,2006,8,7,0,30736,31249.9296875
1129,17,2006,8,7,1,29319,29153.37890625
1130,17,2006,8,7,2,28105,28138.015625
1131,17,2006,8,7,3,27734,27623.30859375
1132,17,2006,8,7,4,28176,29232.4453125
1133,17,2006,8,7,5,29696,29210.64453125
1134,17,2006,8,7,6,32163,31071.125
1135,17,2006,8,7,7,33074,33921.65234375
1136,17,2006,8,7,8,35083,37331.8359375
1137,17,2006,8,7,9,38233,36567.68359375
1138,17,2006,8,7,10,41655,36582.5234375
1139,17,2006,8,7,11,45988,42365.1875
1140,17,2006,8,7,12,49902,48492.4296875
1141,17,2006,8,7,13,52674,48314.46875
1142,17,2006,8,7,14,52149,47613.66015625
1143,17,2006,8,7,15,52979,52127.09765625
1144,17,2006,8,7,16,54056,48722.65234375
1145,17,2006,8,7,17,53856,49511.0234375
1146,17,2006,8,7,18,56153,50251.67578125
1147,17,2006,8,7,19,54838,48547.5390625
1148,17,2006,8,7,20,54493,52413.51171875
1149,17,2006,8,7,21,52564,52481.33203125
1150,17,2006,8,7,22,47855,45812.41796875
1151,17,2006,8,7,23,42442,40732.6796875
1152,17,2006,8,8,0,38575,33186.11328125
1153,17,2006,8,8,1,36080,33265.15625
1154,17,2006,8,8,2,34683,32000.08984375
1155,17,2006,8,8,3,32795,31438.01953125
1156,17,2006,8,8,4,32657,31656.962890625
1157,17,2006,8,8,5,34275,33379.18359375
1158,17,2006,8,8,6,36394,35766.77734375
1159,17,2006,8,8,7,36704,35892.234375
1160,17,2006,8,8,8,38782,37780.06640625
1161,17,2006,8,8,9,42665,35651.48828125
1162,17,2006,8,8,10,45198,39780.20703125
1163,17,2006,8,8,11,47096,41694.84375
1164,17,2006,8,8,12,49544,45168.9921875
1165,17,2006,8,8,13,51228,42996.85546875
1166,17,2006,8,8,14,48814,46067.46484375
1167,17,2006,8,8,15,48827,46913.41015625
1168,17,2006,8,8,16,51339,47144.29296875
1169,17,2006,8,8,17,49096,45936.47265625
1170,17,2006,8,8,18,47497,38634.5390625
1171,17,2006,8,8,19,46184,39767.453125
1172,17,2006,8,8,20,46648,47210.578125
1173,17,2006,8,8,21,44620,40521.02734375
1174,17,2006,8,8,22,41058,39467.60546875
1175,17,2006,8,8,23,36874,35453.92578125
1176,17,2006,11,22,0,35944,30036.9375
1177,17,2006,11,22,1,34785,21032.0546875
1178,17,2006,11,22,2,33172,20792.58203125
1179,17,2006,11,22,3,30607,21269.099609375
1180,17,2006,11,22,4,31743,22460.51171875
1181,17,2006,11,22,5,35177,27761.4609375
1182,17,2006,11,22,6,39945,31702.671875
1183,17,2006,11,22,7,40307,30051.416015625
1184,17,2006,11,22,8,38562,33921.453125
1185,17,2006,11,22,9,37582,32706.2265625
1186,17,2006,11,22,10,36925,32205.091796875
1187,17,2006,11,22,11,36700,28770.130859375
1188,17,2006,11,22,12,36986,30163.24609375
1189,17,2006,11,22,13,36907,32414.3359375
1190,17,2006,11,22,14,37180,31307.97265625
1191,17,2006,11,22,15,37786,33823.34765625
1192,17,2006,11,22,16,39442,36811.82421875
1193,17,2006,11,22,17,40905,40575.62109375
1194,17,2006,11,22,18,41601,37267.83203125
1195,17,2006,11,22,19,41340,37535.15234375
1196,17,2006,11,22,20,40059,31450.935546875
1197,17,2006,11,22,21,38729,31871.33984375
1198,17,2006,11,22,22,36805,36011.34765625
1199,17,2006,11,22,23,35019,35543.83984375
1200,17,2006,11,23,0,32677,22738.953125
1201,17,2006,11,23,1,31342,21819.0546875
1202,17,2006,11,23,2,30400,28015.521484375
1203,17,2006,11,23,3,27827,21223.830078125
1204,17,2006,11,23,4,28483,22412.1328125
1205,17,2006,11,23,5,29243,25471.326171875
1206,17,2006,11,23,6,31295,35849.57421875
1207,17,2006,11,23,7,34137,34104.56640625
1208,17,2006,11,23,8,37544,33853.98046875
1209,17,2006,11,23,9,39492,33652.8828125
1210,17,2006,11,23,10,39527,33659.6796875
1211,17,2006,11,23,11,39469,31862.76953125
1212,17,2006,11,23,12,37524,32450.93359375
1213,17,2006,11,23,13,35166,29856.69140625
1214,17,2006,11,23,14,33408,30704.439453125
1215,17,2006,11,23,15,31397,30621.91015625
1216,17,2006,11,23,16,30639,28158.87890625
1217,17,2006,11,23,17,31621,36540.15234375
1218,17,2006,11,23,18,31136,32457.33203125
1219,17,2006,11,23,19,31424,32721.03515625
1220,17,2006,11,23,20,31606,34492.72265625
1221,17,2006,11,23,21,30791,28635.142578125
1222,17,2006,11,23,22,29280,31750.578125
1223,17,2006,11,23,23,29918,23278.734375
1224,17,2006,11,24,0,28385,28126.216796875
1225,17,2006,11,24,1,27750,21841.341796875
1226,17,2006,11,24,2,27161,20772.09765625
1227,17,2006,11,24,3,25975,21213.208984375
1228,17,2006,11,24,4,27573,22378.375
1229,17,2006,11,24,5,29402,25389.34765625
1230,17,2006,11,24,6,31422,29432.46484375
1231,17,2006,11,24,7,32140,28884.625
1232,17,2006,11,24,8,31748,33803.58984375
1233,17,2006,11,24,9,30510,31850.396484375
1234,17,2006,11,24,10,28953,28258.37890625
1235,17,2006,11,24,11,26982,27216.78515625
1236,17,2006,11,24,12,25425,26099.08984375
1237,17,2006,11,24,13,24284,24180.28125
1238,17,2006,11,24,14,23771,24110.13671875
1239,17,2006,11,24,15,23543,24868.59765625
1240,17,2006,11,24,16,25160,26279.8359375
1241,17,2006,11,24,17,28350,28108.248046875
1242,17,2006,11,24,18,30330,33219.90234375
1243,17,2006,11,24,19,31135,36321.19921875
1244,17,2006,11,24,20,31877,31171.83984375
1245,17,2006,11,24,21,31718,34465.8203125
1246,17,2006,11,24,22,31359,28561.265625
1247,17,2006,11,24,23,32895,28867.58984375
1248,17,2006,11,25,0,32332,30351.345703125
1249,17,2006,11,25,1,32457,30411.59375
1250,17,2006,11,25,2,32973,34011.80859375
1251,17,2006,11,25,3,33788,29962.7734375
1252,17,2006,11,25,4,34910,32997.08984375
1253,17,2006,11,25,5,36650,41140.41796875
1254,17,2006,11,25,6,39246,42735.30078125
1255,17,2006,11,25,7,40412,43213.01171875
1256,17,2006,11,25,8,37112,38655.02734375
1257,17,2006,11,25,9,34423,34693.86328125
1258,17,2006,11,25,10,31254,31112.76171875
1259,17,2006,11,25,11,30772,28910.5
1260,17,2006,11,25,12,28273,27488.96875
1261,17,2006,11,25,13,26583,25655.04296875
1262,17,2006,11,25,14,25817,25722.28515625
1263,17,2006,11,25,15,25627,25744.04296875
1264,17,2006,11,25,16,26922,24348.125
1265,17,2006,11,25,17,31015,31966.86328125
1266,17,2006,11,25,18,32811,32347.603515625
1267,17,2006,11,25,19,31177,32478.8046875
1268,17,2006,11,25,20,31036,32178.810546875
1269,17,2006,11,25,21,30940,30842.052734375
1270,17,2006,11,25,22,32537,29322.185546875
1271,17,2006,11,25,23,31016,30959.68359375
1272,17,2006,11,26,0,30333,32728.4296875
1273,17,2006,11,26,1,30545,31294.892578125
1274,17,2006,11,26,2,31035,34025.05078125
1275,17,2006,11,26,3,31709,29963.025390625
1276,17,2006,11,26,4,32694,30281.62109375
1277,17,2006,11,26,5,34015,41134.95703125
1278,17,2006,11,26,6,36058,32908.76171875
1279,17,2006,11,26,7,38684,42298.6796875
1280,17,2006,11,26,8,37854,38680.59375
1281,17,2006,11,26,9,36313,37042.14453125
1282,17,2006,11,26,10,33286,32039.671875
1283,17,2006,11,26,11,31593,28125.55078125
1284,17,2006,11,26,12,28657,27489.51953125
1285,17,2006,11,26,13,27130,25674.4609375
1286,17,2006,11,26,14,26369,24562.0078125
1287,17,2006,11,26,15,26624,25789.45703125
1288,17,2006,11,26,16,28228,26339.47265625
1289,17,2006,11,26,17,32539,30085.025390625
1290,17,2006,11,26,18,34336,30671.71484375
1291,17,2006,11,26,19,33773,30273.734375
1292,17,2006,11,26,20,33995,32254.046875
1293,17,2006,11,26,21,32793,34681.01171875
1294,17,2006,11,26,22,33715,29406.484375
1295,17,2006,11,26,23,33093,27700.91796875
1296,17,2006,11,27,0,32607,30071.138671875
1297,17,2006,11,27,1,31638,29884.04296875
1298,17,2006,11,27,2,30787,26976.494140625
1299,17,2006,11,27,3,30751,28748.5234375
1300,17,2006,11,27,4,31878,29908.26171875
1301,17,2006,11,27,5,32866,31867.16796875
1302,17,2006,11,27,6,38409,37290.84765625
1303,17,2006,11,27,7,37509,35109.87890625
1304,17,2006,11,27,8,35377,33085.68359375
1305,17,2006,11,27,9,33273,31824.83984375
1306,17,2006,11,27,10,30950,31377.34765625
1307,17,2006,11,27,11,28514,28722.615234375
1308,17,2006,11,27,12,27086,29761.79296875
1309,17,2006,11,27,13,26357,29176.58984375
1310,17,2006,11,27,14,25732,29266.87890625
1311,17,2006,11,27,15,25964,28706.26953125
1312,17,2006,11,27,16,27922,30120.779296875
1313,17,2006,11,27,17,32036,31753.6953125
1314,17,2006,11,27,18,34800,29453.046875
1315,17,2006,11,27,19,35681,33384.20703125
1316,17,2006,11,27,20,35998,38037.12109375
1317,17,2006,11,27,21,34178,36294.25390625
1318,17,2006,11,27,22,34211,31721.48046875
1319,17,2006,11,27,23,31527,30980.79296875
1320,17,2006,11,28,0,30494,29971.421875
1321,17,2006,11,28,1,30146,29754.083984375
1322,17,2006,11,28,2,29988,27022.21484375
1323,17,2006,11,28,3,30722,30359.986328125
1324,17,2006,11,28,4,31988,29896.42578125
1325,17,2006,11,28,5,33639,31840.955078125
1326,17,2006,11,28,6,39210,28174.67578125
1327,17,2006,11,28,7,38008,30364.53125
1328,17,2006,11,28,8,34323,31758.17578125
1329,17,2006,11,28,9,30738,32680.53125
1330,17,2006,11,28,10,28320,27024.12109375
1331,17,2006,11,28,11,27259,24505.4765625
1332,17,2006,11,28,12,26019,28438.453125
1333,17,2006,11,28,13,25744,28229.57421875
1334,17,2006,11,28,14,25203,28018.7890625
1335,17,2006,11,28,15,25557,28250.9140625
1336,17,2006,11,28,16,27370,27086.50390625
1337,17,2006,11,28,17,32226,32472.62109375
1338,17,2006,11,28,18,33683,29563.0390625
1339,17,2006,11,28,19,34025,29299.96484375
1340,17,2006,11,28,20,33548,29513.83984375
1341,17,2006,11,28,21,31893,28748.263671875
1342,17,2006,11,28,22,31326,29443.326171875
1343,17,2006,11,28,23,29001,26950.40234375
