,zone,year,month,day,hour,predicted_NN
0,1,2005,3,6,0,24553.34375
1,1,2005,3,6,1,22393.787109375
2,1,2005,3,6,2,21254.181640625
3,1,2005,3,6,3,21268.001953125
4,1,2005,3,6,4,22470.490234375
5,1,2005,3,6,5,22667.767578125
6,1,2005,3,6,6,24632.44921875
7,1,2005,3,6,7,27602.853515625
8,1,2005,3,6,8,22719.798828125
9,1,2005,3,6,9,19723.798828125
10,1,2005,3,6,10,19734.673828125
11,1,2005,3,6,11,18619.880859375
12,1,2005,3,6,12,18036.150390625
13,1,2005,3,6,13,14096.025390625
14,1,2005,3,6,14,13542.4384765625
15,1,2005,3,6,15,13456.69921875
16,1,2005,3,6,16,13840.1708984375
17,1,2005,3,6,17,15271.26953125
18,1,2005,3,6,18,16391.654296875
19,1,2005,3,6,19,16938.7265625
20,1,2005,3,6,20,17407.2421875
21,1,2005,3,6,21,18028.12890625
22,1,2005,3,6,22,16946.076171875
23,1,2005,3,6,23,15905.5986328125
24,1,2005,3,7,0,15084.30078125
25,1,2005,3,7,1,14431.91796875
26,1,2005,3,7,2,14616.51953125
27,1,2005,3,7,3,14692.1328125
28,1,2005,3,7,4,15201.2685546875
29,1,2005,3,7,5,18780.041015625
30,1,2005,3,7,6,20808.232421875
31,1,2005,3,7,7,19593.3203125
32,1,2005,3,7,8,19120.439453125
33,1,2005,3,7,9,16091.509765625
34,1,2005,3,7,10,14905.6474609375
35,1,2005,3,7,11,14041.2353515625
36,1,2005,3,7,12,13186.3271484375
37,1,2005,3,7,13,13089.7529296875
38,1,2005,3,7,14,12821.767578125
39,1,2005,3,7,15,13236.021484375
40,1,2005,3,7,16,13565.4921875
41,1,2005,3,7,17,13891.634765625
42,1,2005,3,7,18,14885.8408203125
43,1,2005,3,7,19,15932.2958984375
44,1,2005,3,7,20,16674.646484375
45,1,2005,3,7,21,15831.919921875
46,1,2005,3,7,22,14521.2119140625
47,1,2005,3,7,23,13089.998046875
48,1,2005,3,8,0,12065.294921875
49,1,2005,3,8,1,11890.787109375
50,1,2005,3,8,2,12282.55078125
51,1,2005,3,8,3,12850.787109375
52,1,2005,3,8,4,13928.388671875
53,1,2005,3,8,5,15505.8935546875
54,1,2005,3,8,6,17275.025390625
55,1,2005,3,8,7,19034.654296875
56,1,2005,3,8,8,18173.7578125
57,1,2005,3,8,9,21159.28515625
58,1,2005,3,8,10,21337.451171875
59,1,2005,3,8,11,24056.833984375
60,1,2005,3,8,12,22068.978515625
61,1,2005,3,8,13,20388.87890625
62,1,2005,3,8,14,19608.888671875
63,1,2005,3,8,15,19916.439453125
64,1,2005,3,8,16,22285.056640625
65,1,2005,3,8,17,24566.99609375
66,1,2005,3,8,18,27044.935546875
67,1,2005,3,8,19,28203.43359375
68,1,2005,3,8,20,28133.1171875
69,1,2005,3,8,21,27732.115234375
70,1,2005,3,8,22,27093.314453125
71,1,2005,3,8,23,25879.671875
72,1,2005,3,9,0,25389.119140625
73,1,2005,3,9,1,25725.869140625
74,1,2005,3,9,2,26067.23828125
75,1,2005,3,9,3,26447.025390625
76,1,2005,3,9,4,26960.587890625
77,1,2005,3,9,5,29038.951171875
78,1,2005,3,9,6,31364.9296875
79,1,2005,3,9,7,31213.966796875
80,1,2005,3,9,8,28076.626953125
81,1,2005,3,9,9,26191.24609375
82,1,2005,3,9,10,24616.5625
83,1,2005,3,9,11,22820.421875
84,1,2005,3,9,12,22014.953125
85,1,2005,3,9,13,20163.24609375
86,1,2005,3,9,14,19412.548828125
87,1,2005,3,9,15,19013.31640625
88,1,2005,3,9,16,19581.9140625
89,1,2005,3,9,17,21196.173828125
90,1,2005,3,9,18,23774.798828125
91,1,2005,3,9,19,25814.634765625
92,1,2005,3,9,20,27463.896484375
93,1,2005,3,9,21,26653.310546875
94,1,2005,3,9,22,25384.619140625
95,1,2005,3,9,23,25735.380859375
96,1,2005,3,10,0,25451.896484375
97,1,2005,3,10,1,25621.55078125
98,1,2005,3,10,2,26275.392578125
99,1,2005,3,10,3,26650.458984375
100,1,2005,3,10,4,26104.662109375
101,1,2005,3,10,5,29197.0703125
102,1,2005,3,10,6,31294.357421875
103,1,2005,3,10,7,30594.669921875
104,1,2005,3,10,8,28356.923828125
105,1,2005,3,10,9,23611.763671875
106,1,2005,3,10,10,21663.5703125
107,1,2005,3,10,11,19863.548828125
108,1,2005,3,10,12,18450.013671875
109,1,2005,3,10,13,17291.001953125
110,1,2005,3,10,14,17163.5546875
111,1,2005,3,10,15,17575.994140625
112,1,2005,3,10,16,18571.140625
113,1,2005,3,10,17,19771.46875
114,1,2005,3,10,18,21156.484375
115,1,2005,3,10,19,21847.1796875
116,1,2005,3,10,20,23109.923828125
117,1,2005,3,10,21,22488.626953125
118,1,2005,3,10,22,19401.544921875
119,1,2005,3,10,23,18341.904296875
120,1,2005,3,11,0,17880.748046875
121,1,2005,3,11,1,21684.935546875
122,1,2005,3,11,2,22190.689453125
123,1,2005,3,11,3,22711.787109375
124,1,2005,3,11,4,23364.353515625
125,1,2005,3,11,5,24904.279296875
126,1,2005,3,11,6,26653.01171875
127,1,2005,3,11,7,26948.427734375
128,1,2005,3,11,8,21957.888671875
129,1,2005,3,11,9,20081.802734375
130,1,2005,3,11,10,16682.564453125
131,1,2005,3,11,11,15628.330078125
132,1,2005,3,11,12,14703.1455078125
133,1,2005,3,11,13,14509.466796875
134,1,2005,3,11,14,17319.44140625
135,1,2005,3,11,15,18614.333984375
136,1,2005,3,11,16,19356.4140625
137,1,2005,3,11,17,19525.685546875
138,1,2005,3,11,18,19664.95703125
139,1,2005,3,11,19,19915.751953125
140,1,2005,3,11,20,19809.212890625
141,1,2005,3,11,21,19261.28125
142,1,2005,3,11,22,18774.953125
143,1,2005,3,11,23,16313.3515625
144,1,2005,3,12,0,15972.7041015625
145,1,2005,3,12,1,20398.146484375
146,1,2005,3,12,2,21179.51171875
147,1,2005,3,12,3,21864.0703125
148,1,2005,3,12,4,23894.09375
149,1,2005,3,12,5,27514.587890625
150,1,2005,3,12,6,29083.953125
151,1,2005,3,12,7,27260.169921875
152,1,2005,3,12,8,24745.876953125
153,1,2005,3,12,9,22850.814453125
154,1,2005,3,12,10,21609.216796875
155,1,2005,3,12,11,19901.595703125
156,1,2005,3,12,12,16068.5498046875
157,1,2005,3,12,13,14875.6845703125
158,1,2005,3,12,14,14549.513671875
159,1,2005,3,12,15,14000.5107421875
160,1,2005,3,12,16,14147.560546875
161,1,2005,3,12,17,15331.2783203125
162,1,2005,3,12,18,16889.41015625
163,1,2005,3,12,19,18982.884765625
164,1,2005,3,12,20,18859.220703125
165,1,2005,3,12,21,17036.748046875
166,1,2005,3,12,22,17981.751953125
167,1,2005,3,12,23,16682.68359375
168,1,2005,6,20,0,11403.857421875
169,1,2005,6,20,1,10597.9521484375
170,1,2005,6,20,2,10717.125
171,1,2005,6,20,3,10685.98046875
172,1,2005,6,20,4,11128.6513671875
173,1,2005,6,20,5,12286.564453125
174,1,2005,6,20,6,13989.81640625
175,1,2005,6,20,7,14735.951171875
176,1,2005,6,20,8,14448.845703125
177,1,2005,6,20,9,15841.4140625
178,1,2005,6,20,10,16571.033203125
179,1,2005,6,20,11,17112.275390625
180,1,2005,6,20,12,14878.2890625
181,1,2005,6,20,13,15115.0087890625
182,1,2005,6,20,14,15135.5263671875
183,1,2005,6,20,15,15622.712890625
184,1,2005,6,20,16,15738.650390625
185,1,2005,6,20,17,18127.833984375
186,1,2005,6,20,18,17855.4140625
187,1,2005,6,20,19,17485.904296875
188,1,2005,6,20,20,16775.876953125
189,1,2005,6,20,21,16081.43359375
190,1,2005,6,20,22,14281.5234375
191,1,2005,6,20,23,12736.861328125
192,1,2005,6,21,0,11584.884765625
193,1,2005,6,21,1,11132.1630859375
194,1,2005,6,21,2,10996.345703125
195,1,2005,6,21,3,10882.2275390625
196,1,2005,6,21,4,11282.068359375
197,1,2005,6,21,5,12457.892578125
198,1,2005,6,21,6,14256.8212890625
199,1,2005,6,21,7,14778.986328125
200,1,2005,6,21,8,14613.740234375
201,1,2005,6,21,9,14157.8701171875
202,1,2005,6,21,10,17532.640625
203,1,2005,6,21,11,18288.443359375
204,1,2005,6,21,12,19490.685546875
205,1,2005,6,21,13,20394.353515625
206,1,2005,6,21,14,20580.083984375
207,1,2005,6,21,15,20922.470703125
208,1,2005,6,21,16,22307.279296875
209,1,2005,6,21,17,23131.419921875
210,1,2005,6,21,18,25432.513671875
211,1,2005,6,21,19,23149.8984375
212,1,2005,6,21,20,20361.685546875
213,1,2005,6,21,21,19257.451171875
214,1,2005,6,21,22,17327.828125
215,1,2005,6,21,23,15374.431640625
216,1,2005,6,22,0,13343.7119140625
217,1,2005,6,22,1,10661.1611328125
218,1,2005,6,22,2,10235.490234375
219,1,2005,6,22,3,10708.13671875
220,1,2005,6,22,4,12624.6064453125
221,1,2005,6,22,5,13244.0302734375
222,1,2005,6,22,6,15289.1416015625
223,1,2005,6,22,7,16564.123046875
224,1,2005,6,22,8,18012.28125
225,1,2005,6,22,9,18733.083984375
226,1,2005,6,22,10,20275.6875
227,1,2005,6,22,11,22501.36328125
228,1,2005,6,22,12,19659.953125
229,1,2005,6,22,13,20521.513671875
230,1,2005,6,22,14,20630.822265625
231,1,2005,6,22,15,25075.68359375
232,1,2005,6,22,16,28148.837890625
233,1,2005,6,22,17,25689.419921875
234,1,2005,6,22,18,25472.658203125
235,1,2005,6,22,19,23179.98046875
236,1,2005,6,22,20,20391.193359375
237,1,2005,6,22,21,19256.55859375
238,1,2005,6,22,22,17349.693359375
239,1,2005,6,22,23,13703.9443359375
240,1,2005,6,23,0,11936.658203125
241,1,2005,6,23,1,10908.1298828125
242,1,2005,6,23,2,10314.640625
243,1,2005,6,23,3,10794.056640625
244,1,2005,6,23,4,10880.501953125
245,1,2005,6,23,5,11066.28125
246,1,2005,6,23,6,11052.2421875
247,1,2005,6,23,7,13396.095703125
248,1,2005,6,23,8,15736.1142578125
249,1,2005,6,23,9,16238.2333984375
250,1,2005,6,23,10,17294.251953125
251,1,2005,6,23,11,18358.947265625
252,1,2005,6,23,12,19548.40625
253,1,2005,6,23,13,20438.287109375
254,1,2005,6,23,14,27925.986328125
255,1,2005,6,23,15,25060.73046875
256,1,2005,6,23,16,25503.642578125
257,1,2005,6,23,17,23093.177734375
258,1,2005,6,23,18,22239.462890625
259,1,2005,6,23,19,24363.505859375
260,1,2005,6,23,20,20321.248046875
261,1,2005,6,23,21,17505.591796875
262,1,2005,6,23,22,15957.9404296875
263,1,2005,6,23,23,13670.34375
264,1,2005,6,24,0,11473.08984375
265,1,2005,6,24,1,10906.306640625
266,1,2005,6,24,2,10531.62890625
267,1,2005,6,24,3,10685.875
268,1,2005,6,24,4,11456.359375
269,1,2005,6,24,5,12567.6123046875
270,1,2005,6,24,6,11861.720703125
271,1,2005,6,24,7,12755.1005859375
272,1,2005,6,24,8,15654.109375
273,1,2005,6,24,9,19084.04296875
274,1,2005,6,24,10,19942.759765625
275,1,2005,6,24,11,20345.3671875
276,1,2005,6,24,12,22201.099609375
277,1,2005,6,24,13,23976.001953125
278,1,2005,6,24,14,24936.5703125
279,1,2005,6,24,15,27365.892578125
280,1,2005,6,24,16,26954.048828125
281,1,2005,6,24,17,27532.728515625
282,1,2005,6,24,18,26905.119140625
283,1,2005,6,24,19,25846.115234375
284,1,2005,6,24,20,23366.998046875
285,1,2005,6,24,21,19263.091796875
286,1,2005,6,24,22,17357.671875
287,1,2005,6,24,23,15366.3349609375
288,1,2005,6,25,0,13296.48828125
289,1,2005,6,25,1,10613.5478515625
290,1,2005,6,25,2,10256.4345703125
291,1,2005,6,25,3,10373.939453125
292,1,2005,6,25,4,10397.68359375
293,1,2005,6,25,5,12267.228515625
294,1,2005,6,25,6,11602.55859375
295,1,2005,6,25,7,13375.634765625
296,1,2005,6,25,8,16297.7421875
297,1,2005,6,25,9,20104.40234375
298,1,2005,6,25,10,20981.01171875
299,1,2005,6,25,11,21777.177734375
300,1,2005,6,25,12,22749.390625
301,1,2005,6,25,13,23997.462890625
302,1,2005,6,25,14,24982.42578125
303,1,2005,6,25,15,27091.884765625
304,1,2005,6,25,16,28166.240234375
305,1,2005,6,25,17,27516.404296875
306,1,2005,6,25,18,25439.044921875
307,1,2005,6,25,19,25834.630859375
308,1,2005,6,25,20,23371.744140625
309,1,2005,6,25,21,23671.474609375
310,1,2005,6,25,22,21455.599609375
311,1,2005,6,25,23,17601.947265625
312,1,2005,6,26,0,13070.7666015625
313,1,2005,6,26,1,10690.8662109375
314,1,2005,6,26,2,13361.16796875
315,1,2005,6,26,3,12655.787109375
316,1,2005,6,26,4,12666.951171875
317,1,2005,6,26,5,11668.76171875
318,1,2005,6,26,6,15779.8232421875
319,1,2005,6,26,7,17022.166015625
320,1,2005,6,26,8,16481.2265625
321,1,2005,6,26,9,17696.818359375
322,1,2005,6,26,10,21718.197265625
323,1,2005,6,26,11,21951.140625
324,1,2005,6,26,12,22420.595703125
325,1,2005,6,26,13,26489.189453125
326,1,2005,6,26,14,27871.751953125
327,1,2005,6,26,15,27697.638671875
328,1,2005,6,26,16,24384.087890625
329,1,2005,6,26,17,25847.537109375
330,1,2005,6,26,18,25047.39453125
331,1,2005,6,26,19,23542.556640625
332,1,2005,6,26,20,24209.392578125
333,1,2005,6,26,21,22482.27734375
334,1,2005,6,26,22,19759.650390625
335,1,2005,6,26,23,16591.017578125
336,1,2005,9,10,0,13692.201171875
337,1,2005,9,10,1,10883.375
338,1,2005,9,10,2,11217.09765625
339,1,2005,9,10,3,10937.0849609375
340,1,2005,9,10,4,10813.451171875
341,1,2005,9,10,5,10858.609375
342,1,2005,9,10,6,11160.4794921875
343,1,2005,9,10,7,13134.26171875
344,1,2005,9,10,8,16008.2060546875
345,1,2005,9,10,9,18185.80078125
346,1,2005,9,10,10,20216.427734375
347,1,2005,9,10,11,21318.087890625
348,1,2005,9,10,12,22598.576171875
349,1,2005,9,10,13,21807.9140625
350,1,2005,9,10,14,22757.798828125
351,1,2005,9,10,15,24002.232421875
352,1,2005,9,10,16,24993.33203125
353,1,2005,9,10,17,25576.61328125
354,1,2005,9,10,18,24643.373046875
355,1,2005,9,10,19,19076.58203125
356,1,2005,9,10,20,22625.763671875
357,1,2005,9,10,21,19949.74609375
358,1,2005,9,10,22,14799.568359375
359,1,2005,9,10,23,14570.1826171875
360,1,2005,9,11,0,12167.4609375
361,1,2005,9,11,1,10930.87109375
362,1,2005,9,11,2,11884.828125
363,1,2005,9,11,3,11651.1943359375
364,1,2005,9,11,4,10623.85546875
365,1,2005,9,11,5,11378.662109375
366,1,2005,9,11,6,14935.2724609375
367,1,2005,9,11,7,14821.2236328125
368,1,2005,9,11,8,14816.533203125
369,1,2005,9,11,9,18138.01171875
370,1,2005,9,11,10,19615.908203125
371,1,2005,9,11,11,19342.419921875
372,1,2005,9,11,12,16903.154296875
373,1,2005,9,11,13,20493.517578125
374,1,2005,9,11,14,17967.408203125
375,1,2005,9,11,15,20122.521484375
376,1,2005,9,11,16,21391.2109375
377,1,2005,9,11,17,22264.591796875
378,1,2005,9,11,18,21503.482421875
379,1,2005,9,11,19,20364.224609375
380,1,2005,9,11,20,19581.068359375
381,1,2005,9,11,21,18414.462890625
382,1,2005,9,11,22,15475.12109375
383,1,2005,9,11,23,13130.802734375
384,1,2005,9,12,0,12090.98046875
385,1,2005,9,12,1,11476.361328125
386,1,2005,9,12,2,11311.552734375
387,1,2005,9,12,3,11100.2626953125
388,1,2005,9,12,4,11243.53515625
389,1,2005,9,12,5,12787.7568359375
390,1,2005,9,12,6,15086.185546875
391,1,2005,9,12,7,15266.400390625
392,1,2005,9,12,8,13690.10546875
393,1,2005,9,12,9,15538.7216796875
394,1,2005,9,12,10,15260.2568359375
395,1,2005,9,12,11,16023.8515625
396,1,2005,9,12,12,20546.728515625
397,1,2005,9,12,13,18381.73828125
398,1,2005,9,12,14,19527.3125
399,1,2005,9,12,15,22849.6484375
400,1,2005,9,12,16,25608.556640625
401,1,2005,9,12,17,25727.958984375
402,1,2005,9,12,18,25794.978515625
403,1,2005,9,12,19,20670.572265625
404,1,2005,9,12,20,20459.13671875
405,1,2005,9,12,21,18458.048828125
406,1,2005,9,12,22,15384.3291015625
407,1,2005,9,12,23,13243.1435546875
408,1,2005,9,13,0,12035.310546875
409,1,2005,9,13,1,12726.9638671875
410,1,2005,9,13,2,10998.7109375
411,1,2005,9,13,3,11161.4326171875
412,1,2005,9,13,4,11426.419921875
413,1,2005,9,13,5,12790.1904296875
414,1,2005,9,13,6,14597.80078125
415,1,2005,9,13,7,14689.140625
416,1,2005,9,13,8,14856.013671875
417,1,2005,9,13,9,16763.6953125
418,1,2005,9,13,10,17741.951171875
419,1,2005,9,13,11,19316.595703125
420,1,2005,9,13,12,21081.841796875
421,1,2005,9,13,13,22077.34375
422,1,2005,9,13,14,25912.728515625
423,1,2005,9,13,15,24622.337890625
424,1,2005,9,13,16,25610.787109375
425,1,2005,9,13,17,25736.654296875
426,1,2005,9,13,18,24759.373046875
427,1,2005,9,13,19,23892.640625
428,1,2005,9,13,20,21951.287109375
429,1,2005,9,13,21,21768.283203125
430,1,2005,9,13,22,18676.287109375
431,1,2005,9,13,23,16084.6162109375
432,1,2005,9,14,0,14250.47265625
433,1,2005,9,14,1,13235.806640625
434,1,2005,9,14,2,12490.4560546875
435,1,2005,9,14,3,12043.3701171875
436,1,2005,9,14,4,11944.009765625
437,1,2005,9,14,5,13311.43359375
438,1,2005,9,14,6,15788.25390625
439,1,2005,9,14,7,16476.6484375
440,1,2005,9,14,8,16771.013671875
441,1,2005,9,14,9,17286.076171875
442,1,2005,9,14,10,18798.259765625
443,1,2005,9,14,11,19362.970703125
444,1,2005,9,14,12,21132.716796875
445,1,2005,9,14,13,24021.703125
446,1,2005,9,14,14,22800.666015625
447,1,2005,9,14,15,24052.017578125
448,1,2005,9,14,16,25025.123046875
449,1,2005,9,14,17,24200.154296875
450,1,2005,9,14,18,24841.697265625
451,1,2005,9,14,19,23174.619140625
452,1,2005,9,14,20,24595.423828125
453,1,2005,9,14,21,20972.662109375
454,1,2005,9,14,22,18499.521484375
455,1,2005,9,14,23,18565.00390625
456,1,2005,9,15,0,16483.373046875
457,1,2005,9,15,1,15064.388671875
458,1,2005,9,15,2,12540.666015625
459,1,2005,9,15,3,12079.640625
460,1,2005,9,15,4,12003.5458984375
461,1,2005,9,15,5,12179.96875
462,1,2005,9,15,6,15857.1865234375
463,1,2005,9,15,7,16522.001953125
464,1,2005,9,15,8,16774.22265625
465,1,2005,9,15,9,17471.619140625
466,1,2005,9,15,10,19173.708984375
467,1,2005,9,15,11,20704.66015625
468,1,2005,9,15,12,22687.4375
469,1,2005,9,15,13,24714.908203125
470,1,2005,9,15,14,25920.419921875
471,1,2005,9,15,15,24615.9609375
472,1,2005,9,15,16,25609.998046875
473,1,2005,9,15,17,27254.353515625
474,1,2005,9,15,18,27627.443359375
475,1,2005,9,15,19,25883.080078125
476,1,2005,9,15,20,24599.419921875
477,1,2005,9,15,21,23230.669921875
478,1,2005,9,15,22,21019.482421875
479,1,2005,9,15,23,18548.39453125
480,1,2005,9,16,0,16464.857421875
481,1,2005,9,16,1,15046.8603515625
482,1,2005,9,16,2,12520.310546875
483,1,2005,9,16,3,12082.251953125
484,1,2005,9,16,4,11987.08984375
485,1,2005,9,16,5,13359.744140625
486,1,2005,9,16,6,15845.8134765625
487,1,2005,9,16,7,16503.712890625
488,1,2005,9,16,8,16754.142578125
489,1,2005,9,16,9,18668.330078125
490,1,2005,9,16,10,19155.162109375
491,1,2005,9,16,11,21576.8984375
492,1,2005,9,16,12,22695.380859375
493,1,2005,9,16,13,20206.166015625
494,1,2005,9,16,14,21477.052734375
495,1,2005,9,16,15,22906.744140625
496,1,2005,9,16,16,26297.220703125
497,1,2005,9,16,17,27158.322265625
498,1,2005,9,16,18,27521.634765625
499,1,2005,9,16,19,23945.619140625
500,1,2005,9,16,20,21997.001953125
501,1,2005,9,16,21,21795.525390625
502,1,2005,9,16,22,18424.939453125
503,1,2005,9,16,23,16352.111328125
504,1,2005,12,25,0,22537.330078125
505,1,2005,12,25,1,21904.1796875
506,1,2005,12,25,2,21437.15625
507,1,2005,12,25,3,20269.146484375
508,1,2005,12,25,4,21170.701171875
509,1,2005,12,25,5,22113.033203125
510,1,2005,12,25,6,23630.193359375
511,1,2005,12,25,7,23716.861328125
512,1,2005,12,25,8,22298.29296875
513,1,2005,12,25,9,21473.771484375
514,1,2005,12,25,10,20575.8359375
515,1,2005,12,25,11,21623.822265625
516,1,2005,12,25,12,21519.5234375
517,1,2005,12,25,13,21192.021484375
518,1,2005,12,25,14,21077.513671875
519,1,2005,12,25,15,19775.224609375
520,1,2005,12,25,16,17302.861328125
521,1,2005,12,25,17,19604.455078125
522,1,2005,12,25,18,20552.716796875
523,1,2005,12,25,19,20365.66015625
524,1,2005,12,25,20,20035.005859375
525,1,2005,12,25,21,18680.607421875
526,1,2005,12,25,22,19701.673828125
527,1,2005,12,25,23,19576.009765625
528,1,2005,12,26,0,18308.43359375
529,1,2005,12,26,1,16198.7783203125
530,1,2005,12,26,2,16406.115234375
531,1,2005,12,26,3,17842.115234375
532,1,2005,12,26,4,17948.107421875
533,1,2005,12,26,5,18818.826171875
534,1,2005,12,26,6,19847.81640625
535,1,2005,12,26,7,21540.400390625
536,1,2005,12,26,8,22599.970703125
537,1,2005,12,26,9,20755.73828125
538,1,2005,12,26,10,20814.236328125
539,1,2005,12,26,11,21096.619140625
540,1,2005,12,26,12,21104.259765625
541,1,2005,12,26,13,20204.830078125
542,1,2005,12,26,14,21220.328125
543,1,2005,12,26,15,21699.859375
544,1,2005,12,26,16,22268.443359375
545,1,2005,12,26,17,23717.005859375
546,1,2005,12,26,18,19461.822265625
547,1,2005,12,26,19,21888.390625
548,1,2005,12,26,20,22401.634765625
549,1,2005,12,26,21,22251.37109375
550,1,2005,12,26,22,20990.384765625
551,1,2005,12,26,23,20205.541015625
552,1,2005,12,27,0,19806.048828125
553,1,2005,12,27,1,19694.251953125
554,1,2005,12,27,2,19523.94921875
555,1,2005,12,27,3,19874.478515625
556,1,2005,12,27,4,20622.9765625
557,1,2005,12,27,5,22253.896484375
558,1,2005,12,27,6,25269.576171875
559,1,2005,12,27,7,25381.029296875
560,1,2005,12,27,8,23170.791015625
561,1,2005,12,27,9,22960.591796875
562,1,2005,12,27,10,20782.333984375
563,1,2005,12,27,11,21718.021484375
564,1,2005,12,27,12,22410.056640625
565,1,2005,12,27,13,20299.107421875
566,1,2005,12,27,14,21026.302734375
567,1,2005,12,27,15,19709.6328125
568,1,2005,12,27,16,18261.58984375
569,1,2005,12,27,17,20919.23046875
570,1,2005,12,27,18,22519.826171875
571,1,2005,12,27,19,25446.240234375
572,1,2005,12,27,20,25062.228515625
573,1,2005,12,27,21,25205.810546875
574,1,2005,12,27,22,23855.341796875
575,1,2005,12,27,23,23203.814453125
576,1,2005,12,28,0,23230.21484375
577,1,2005,12,28,1,23137.994140625
578,1,2005,12,28,2,23780.0078125
579,1,2005,12,28,3,24076.724609375
580,1,2005,12,28,4,23711.009765625
581,1,2005,12,28,5,23639.396484375
582,1,2005,12,28,6,25595.931640625
583,1,2005,12,28,7,25619.8828125
584,1,2005,12,28,8,22829.013671875
585,1,2005,12,28,9,21923.44140625
586,1,2005,12,28,10,20722.701171875
587,1,2005,12,28,11,21141.19140625
588,1,2005,12,28,12,18053.919921875
589,1,2005,12,28,13,16577.66015625
590,1,2005,12,28,14,16021.2041015625
591,1,2005,12,28,15,16093.5439453125
592,1,2005,12,28,16,16709.296875
593,1,2005,12,28,17,18160.474609375
594,1,2005,12,28,18,19185.060546875
595,1,2005,12,28,19,19120.361328125
596,1,2005,12,28,20,18873.076171875
597,1,2005,12,28,21,18007.443359375
598,1,2005,12,28,22,17184.189453125
599,1,2005,12,28,23,15934.92578125
600,1,2005,12,29,0,15041.3330078125
601,1,2005,12,29,1,14684.92578125
602,1,2005,12,29,2,14736.076171875
603,1,2005,12,29,3,14984.681640625
604,1,2005,12,29,4,16657.779296875
605,1,2005,12,29,5,17237.626953125
606,1,2005,12,29,6,18317.548828125
607,1,2005,12,29,7,20242.2734375
608,1,2005,12,29,8,21454.291015625
609,1,2005,12,29,9,21664.037109375
610,1,2005,12,29,10,20384.21484375
611,1,2005,12,29,11,18799.841796875
612,1,2005,12,29,12,18296.6171875
613,1,2005,12,29,13,17294.619140625
614,1,2005,12,29,14,20377.123046875
615,1,2005,12,29,15,19258.521484375
616,1,2005,12,29,16,21645.451171875
617,1,2005,12,29,17,19221.26171875
618,1,2005,12,29,18,21106.591796875
619,1,2005,12,29,19,21568.7109375
620,1,2005,12,29,20,21546.1875
621,1,2005,12,29,21,21226.333984375
622,1,2005,12,29,22,20585.177734375
623,1,2005,12,29,23,19801.15625
624,1,2005,12,30,0,19265.212890625
625,1,2005,12,30,1,19463.693359375
626,1,2005,12,30,2,19474.546875
627,1,2005,12,30,3,20795.767578125
628,1,2005,12,30,4,21227.248046875
629,1,2005,12,30,5,22670.845703125
630,1,2005,12,30,6,22847.064453125
631,1,2005,12,30,7,23349.427734375
632,1,2005,12,30,8,22855.166015625
633,1,2005,12,30,9,21348.876953125
634,1,2005,12,30,10,20932.705078125
635,1,2005,12,30,11,19945.986328125
636,1,2005,12,30,12,18454.140625
637,1,2005,12,30,13,17182.58203125
638,1,2005,12,30,14,20047.341796875
639,1,2005,12,30,15,18946.357421875
640,1,2005,12,30,16,17722.208984375
641,1,2005,12,30,17,18716.8359375
642,1,2005,12,30,18,19745.029296875
643,1,2005,12,30,19,22883.02734375
644,1,2005,12,30,20,25176.146484375
645,1,2005,12,30,21,24970.57421875
646,1,2005,12,30,22,23907.02734375
647,1,2005,12,30,23,22821.935546875
648,1,2005,12,31,0,19583.94921875
649,1,2005,12,31,1,21246.576171875
650,1,2005,12,31,2,21578.0390625
651,1,2005,12,31,3,21719.7578125
652,1,2005,12,31,4,21205.908203125
653,1,2005,12,31,5,21586.873046875
654,1,2005,12,31,6,23723.494140625
655,1,2005,12,31,7,24172.9765625
656,1,2005,12,31,8,22947.87109375
657,1,2005,12,31,9,21499.458984375
658,1,2005,12,31,10,21072.62890625
659,1,2005,12,31,11,20658.4296875
660,1,2005,12,31,12,18001.509765625
661,1,2005,12,31,13,16444.384765625
662,1,2005,12,31,14,15915.6572265625
663,1,2005,12,31,15,15996.228515625
664,1,2005,12,31,16,17005.806640625
665,1,2005,12,31,17,18154.220703125
666,1,2005,12,31,18,20434.060546875
667,1,2005,12,31,19,20857.150390625
668,1,2005,12,31,20,21090.59375
669,1,2005,12,31,21,21523.26171875
670,1,2005,12,31,22,20748.734375
671,1,2005,12,31,23,19018.9453125
672,1,2006,2,13,0,25730.126953125
673,1,2006,2,13,1,25554.37109375
674,1,2006,2,13,2,26099.681640625
675,1,2006,2,13,3,26553.41796875
676,1,2006,2,13,4,27938.6015625
677,1,2006,2,13,5,29709.095703125
678,1,2006,2,13,6,31900.07421875
679,1,2006,2,13,7,32501.8828125
680,1,2006,2,13,8,29953.404296875
681,1,2006,2,13,9,28307.646484375
682,1,2006,2,13,10,24128.962890625
683,1,2006,2,13,11,22374.91796875
684,1,2006,2,13,12,21358.974609375
685,1,2006,2,13,13,20357.595703125
686,1,2006,2,13,14,19667.283203125
687,1,2006,2,13,15,19839.48046875
688,1,2006,2,13,16,20708.513671875
689,1,2006,2,13,17,22820.712890625
690,1,2006,2,13,18,25612.591796875
691,1,2006,2,13,19,26888.634765625
692,1,2006,2,13,20,25177.369140625
693,1,2006,2,13,21,26642.51171875
694,1,2006,2,13,22,24211.82421875
695,1,2006,2,13,23,23260.8203125
696,1,2006,2,14,0,20698.109375
697,1,2006,2,14,1,23457.650390625
698,1,2006,2,14,2,23427.142578125
699,1,2006,2,14,3,23996.037109375
700,1,2006,2,14,4,24371.646484375
701,1,2006,2,14,5,26539.66796875
702,1,2006,2,14,6,28328.216796875
703,1,2006,2,14,7,29035.107421875
704,1,2006,2,14,8,26966.689453125
705,1,2006,2,14,9,23232.755859375
706,1,2006,2,14,10,20952.876953125
707,1,2006,2,14,11,19005.587890625
708,1,2006,2,14,12,17170.916015625
709,1,2006,2,14,13,16310.521484375
710,1,2006,2,14,14,15579.966796875
711,1,2006,2,14,15,15322.58984375
712,1,2006,2,14,16,15671.5517578125
713,1,2006,2,14,17,16977.3515625
714,1,2006,2,14,18,19747.580078125
715,1,2006,2,14,19,21103.12890625
716,1,2006,2,14,20,20977.009765625
717,1,2006,2,14,21,20438.384765625
718,1,2006,2,14,22,19655.974609375
719,1,2006,2,14,23,18793.01953125
720,1,2006,2,15,0,18619.671875
721,1,2006,2,15,1,18759.748046875
722,1,2006,2,15,2,19100.048828125
723,1,2006,2,15,3,20109.697265625
724,1,2006,2,15,4,20883.466796875
725,1,2006,2,15,5,21827.3984375
726,1,2006,2,15,6,27689.970703125
727,1,2006,2,15,7,27933.224609375
728,1,2006,2,15,8,25732.9453125
729,1,2006,2,15,9,20353.56640625
730,1,2006,2,15,10,20185.3984375
731,1,2006,2,15,11,19131.748046875
732,1,2006,2,15,12,15209.7421875
733,1,2006,2,15,13,15755.4912109375
734,1,2006,2,15,14,14941.458984375
735,1,2006,2,15,15,14873.029296875
736,1,2006,2,15,16,15765.18359375
737,1,2006,2,15,17,16646.375
738,1,2006,2,15,18,18333.55078125
739,1,2006,2,15,19,20155.728515625
740,1,2006,2,15,20,17135.958984375
741,1,2006,2,15,21,17288.294921875
742,1,2006,2,15,22,17111.43359375
743,1,2006,2,15,23,16475.87109375
744,1,2006,2,16,0,16385.916015625
745,1,2006,2,16,1,17757.150390625
746,1,2006,2,16,2,17646.623046875
747,1,2006,2,16,3,17460.525390625
748,1,2006,2,16,4,20261.501953125
749,1,2006,2,16,5,21301.056640625
750,1,2006,2,16,6,22483.0625
751,1,2006,2,16,7,24203.498046875
752,1,2006,2,16,8,21149.595703125
753,1,2006,2,16,9,20700.419921875
754,1,2006,2,16,10,19563.83203125
755,1,2006,2,16,11,14018.05078125
756,1,2006,2,16,12,13200.39453125
757,1,2006,2,16,13,12728.8525390625
758,1,2006,2,16,14,12459.11328125
759,1,2006,2,16,15,12536.4384765625
760,1,2006,2,16,16,13398.326171875
761,1,2006,2,16,17,14542.828125
762,1,2006,2,16,18,17540.529296875
763,1,2006,2,16,19,17616.400390625
764,1,2006,2,16,20,17135.169921875
765,1,2006,2,16,21,17569.17578125
766,1,2006,2,16,22,16176.583984375
767,1,2006,2,16,23,14544.7841796875
768,1,2006,2,17,0,13830.0478515625
769,1,2006,2,17,1,13868.2421875
770,1,2006,2,17,2,14062.228515625
771,1,2006,2,17,3,13923.728515625
772,1,2006,2,17,4,14565.5830078125
773,1,2006,2,17,5,15860.0595703125
774,1,2006,2,17,6,18231.40234375
775,1,2006,2,17,7,18868.533203125
776,1,2006,2,17,8,17581.78515625
777,1,2006,2,17,9,16209.06640625
778,1,2006,2,17,10,14952.515625
779,1,2006,2,17,11,14158.72265625
780,1,2006,2,17,12,13848.6796875
781,1,2006,2,17,13,13629.78515625
782,1,2006,2,17,14,17458.794921875
783,1,2006,2,17,15,18045.693359375
784,1,2006,2,17,16,18303.201171875
785,1,2006,2,17,17,19139.15234375
786,1,2006,2,17,18,19558.841796875
787,1,2006,2,17,19,17980.697265625
788,1,2006,2,17,20,17867.6015625
789,1,2006,2,17,21,17985.80859375
790,1,2006,2,17,22,18922.30859375
791,1,2006,2,17,23,18005.22265625
792,1,2006,2,18,0,17556.51953125
793,1,2006,2,18,1,17722.244140625
794,1,2006,2,18,2,17764.2890625
795,1,2006,2,18,3,19067.22265625
796,1,2006,2,18,4,18534.892578125
797,1,2006,2,18,5,20217.466796875
798,1,2006,2,18,6,22430.859375
799,1,2006,2,18,7,24869.103515625
800,1,2006,2,18,8,23967.466796875
801,1,2006,2,18,9,23139.548828125
802,1,2006,2,18,10,22486.634765625
803,1,2006,2,18,11,22282.318359375
804,1,2006,2,18,12,21653.775390625
805,1,2006,2,18,13,22423.103515625
806,1,2006,2,18,14,22138.857421875
807,1,2006,2,18,15,22301.982421875
808,1,2006,2,18,16,22702.08203125
809,1,2006,2,18,17,24471.255859375
810,1,2006,2,18,18,26596.2421875
811,1,2006,2,18,19,27275.564453125
812,1,2006,2,18,20,27442.755859375
813,1,2006,2,18,21,27488.48828125
814,1,2006,2,18,22,26434.728515625
815,1,2006,2,18,23,26495.708984375
816,1,2006,2,19,0,26674.505859375
817,1,2006,2,19,1,27530.865234375
818,1,2006,2,19,2,28335.859375
819,1,2006,2,19,3,29095.63671875
820,1,2006,2,19,4,30733.146484375
821,1,2006,2,19,5,32663.744140625
822,1,2006,2,19,6,35376.94140625
823,1,2006,2,19,7,35506.60546875
824,1,2006,2,19,8,31981.421875
825,1,2006,2,19,9,31859.84375
826,1,2006,2,19,10,29526.345703125
827,1,2006,2,19,11,27978.498046875
828,1,2006,2,19,12,26694.86328125
829,1,2006,2,19,13,25174.69921875
830,1,2006,2,19,14,24344.431640625
831,1,2006,2,19,15,23372.712890625
832,1,2006,2,19,16,23641.63671875
833,1,2006,2,19,17,22961.216796875
834,1,2006,2,19,18,25813.240234375
835,1,2006,2,19,19,27741.71875
836,1,2006,2,19,20,27909.470703125
837,1,2006,2,19,21,26750.091796875
838,1,2006,2,19,22,25873.25
839,1,2006,2,19,23,25034.9140625
840,1,2006,5,25,0,11942.98046875
841,1,2006,5,25,1,11474.2119140625
842,1,2006,5,25,2,12220.716796875
843,1,2006,5,25,3,11214.6767578125
844,1,2006,5,25,4,12052.673828125
845,1,2006,5,25,5,14124.357421875
846,1,2006,5,25,6,15832.7421875
847,1,2006,5,25,7,14036.134765625
848,1,2006,5,25,8,14926.5888671875
849,1,2006,5,25,9,15950.6826171875
850,1,2006,5,25,10,16289.185546875
851,1,2006,5,25,11,16630.431640625
852,1,2006,5,25,12,17042.251953125
853,1,2006,5,25,13,16850.96484375
854,1,2006,5,25,14,17509.20703125
855,1,2006,5,25,15,17953.888671875
856,1,2006,5,25,16,18481.1640625
857,1,2006,5,25,17,19610.095703125
858,1,2006,5,25,18,19870.75390625
859,1,2006,5,25,19,18724.412109375
860,1,2006,5,25,20,18358.0234375
861,1,2006,5,25,21,17919.353515625
862,1,2006,5,25,22,15686.0
863,1,2006,5,25,23,13545.9140625
864,1,2006,5,26,0,12078.1328125
865,1,2006,5,26,1,11084.6669921875
866,1,2006,5,26,2,10215.71875
867,1,2006,5,26,3,9860.2177734375
868,1,2006,5,26,4,9925.068359375
869,1,2006,5,26,5,10410.2939453125
870,1,2006,5,26,6,14474.201171875
871,1,2006,5,26,7,14992.0380859375
872,1,2006,5,26,8,14759.5166015625
873,1,2006,5,26,9,15083.9111328125
874,1,2006,5,26,10,15366.9697265625
875,1,2006,5,26,11,15713.7734375
876,1,2006,5,26,12,17209.919921875
877,1,2006,5,26,13,17242.921875
878,1,2006,5,26,14,17763.064453125
879,1,2006,5,26,15,17519.392578125
880,1,2006,5,26,16,18732.701171875
881,1,2006,5,26,17,19559.2890625
882,1,2006,5,26,18,19978.158203125
883,1,2006,5,26,19,18746.587890625
884,1,2006,5,26,20,18369.0859375
885,1,2006,5,26,21,17956.9921875
886,1,2006,5,26,22,14949.83203125
887,1,2006,5,26,23,13242.5625
888,1,2006,5,27,0,11993.791015625
889,1,2006,5,27,1,10974.83984375
890,1,2006,5,27,2,10111.033203125
891,1,2006,5,27,3,10434.865234375
892,1,2006,5,27,4,9769.8623046875
893,1,2006,5,27,5,12105.90234375
894,1,2006,5,27,6,14373.701171875
895,1,2006,5,27,7,14875.8017578125
896,1,2006,5,27,8,14635.1728515625
897,1,2006,5,27,9,14981.369140625
898,1,2006,5,27,10,15298.77734375
899,1,2006,5,27,11,15573.517578125
900,1,2006,5,27,12,15898.658203125
901,1,2006,5,27,13,16292.353515625
902,1,2006,5,27,14,16733.541015625
903,1,2006,5,27,15,17427.130859375
904,1,2006,5,27,16,18581.630859375
905,1,2006,5,27,17,19642.095703125
906,1,2006,5,27,18,19917.626953125
907,1,2006,5,27,19,19278.435546875
908,1,2006,5,27,20,18384.724609375
909,1,2006,5,27,21,16611.185546875
910,1,2006,5,27,22,14876.6103515625
911,1,2006,5,27,23,13182.822265625
912,1,2006,5,28,0,11963.404296875
913,1,2006,5,28,1,11201.1552734375
914,1,2006,5,28,2,10452.546875
915,1,2006,5,28,3,10385.640625
916,1,2006,5,28,4,10626.8046875
917,1,2006,5,28,5,11332.9921875
918,1,2006,5,28,6,11895.2421875
919,1,2006,5,28,7,14886.1171875
920,1,2006,5,28,8,14662.9130859375
921,1,2006,5,28,9,15002.77734375
922,1,2006,5,28,10,15315.421875
923,1,2006,5,28,11,15608.9248046875
924,1,2006,5,28,12,15937.078125
925,1,2006,5,28,13,16350.015625
926,1,2006,5,28,14,16758.490234375
927,1,2006,5,28,15,17430.3515625
928,1,2006,5,28,16,18599.650390625
929,1,2006,5,28,17,19659.7734375
930,1,2006,5,28,18,19870.357421875
931,1,2006,5,28,19,19228.283203125
932,1,2006,5,28,20,18061.19921875
933,1,2006,5,28,21,16552.994140625
934,1,2006,5,28,22,14794.4091796875
935,1,2006,5,28,23,13729.2099609375
936,1,2006,5,29,0,11889.2216796875
937,1,2006,5,29,1,11147.7822265625
938,1,2006,5,29,2,11022.55078125
939,1,2006,5,29,3,10885.8681640625
940,1,2006,5,29,4,11298.560546875
941,1,2006,5,29,5,11183.111328125
942,1,2006,5,29,6,14057.73828125
943,1,2006,5,29,7,14714.8154296875
944,1,2006,5,29,8,14461.396484375
945,1,2006,5,29,9,14887.38671875
946,1,2006,5,29,10,15250.74609375
947,1,2006,5,29,11,15587.9306640625
948,1,2006,5,29,12,15952.2060546875
949,1,2006,5,29,13,15946.4765625
950,1,2006,5,29,14,16811.126953125
951,1,2006,5,29,15,17461.572265625
952,1,2006,5,29,16,18651.025390625
953,1,2006,5,29,17,19723.994140625
954,1,2006,5,29,18,19944.451171875
955,1,2006,5,29,19,19288.498046875
956,1,2006,5,29,20,18366.751953125
957,1,2006,5,29,21,16636.513671875
958,1,2006,5,29,22,14880.59765625
959,1,2006,5,29,23,13162.4287109375
960,1,2006,5,30,0,11928.0703125
961,1,2006,5,30,1,10908.3369140625
962,1,2006,5,30,2,10106.4013671875
963,1,2006,5,30,3,9913.54296875
964,1,2006,5,30,4,10130.4677734375
965,1,2006,5,30,5,10684.005859375
966,1,2006,5,30,6,13940.6845703125
967,1,2006,5,30,7,14892.759765625
968,1,2006,5,30,8,14688.8173828125
969,1,2006,5,30,9,15060.3251953125
970,1,2006,5,30,10,15363.259765625
971,1,2006,5,30,11,15700.771484375
972,1,2006,5,30,12,16094.5322265625
973,1,2006,5,30,13,16057.5078125
974,1,2006,5,30,14,16910.236328125
975,1,2006,5,30,15,17591.330078125
976,1,2006,5,30,16,18751.353515625
977,1,2006,5,30,17,19778.890625
978,1,2006,5,30,18,20007.037109375
979,1,2006,5,30,19,18810.330078125
980,1,2006,5,30,20,18431.869140625
981,1,2006,5,30,21,17986.177734375
982,1,2006,5,30,22,15677.4052734375
983,1,2006,5,30,23,13252.376953125
984,1,2006,5,31,0,12002.46484375
985,1,2006,5,31,1,10996.458984375
986,1,2006,5,31,2,10121.3876953125
987,1,2006,5,31,3,10512.9775390625
988,1,2006,5,31,4,10820.814453125
989,1,2006,5,31,5,12103.5390625
990,1,2006,5,31,6,14360.4267578125
991,1,2006,5,31,7,14857.41796875
992,1,2006,5,31,8,14598.03515625
993,1,2006,5,31,9,14970.06640625
994,1,2006,5,31,10,15273.3515625
995,1,2006,5,31,11,15615.146484375
996,1,2006,5,31,12,15979.552734375
997,1,2006,5,31,13,15951.79296875
998,1,2006,5,31,14,16810.193359375
999,1,2006,5,31,15,17505.025390625
1000,1,2006,5,31,16,18671.884765625
1001,1,2006,5,31,17,19732.994140625
1002,1,2006,5,31,18,19967.927734375
1003,1,2006,5,31,19,18781.341796875
1004,1,2006,5,31,20,18436.5078125
1005,1,2006,5,31,21,17997.0546875
1006,1,2006,5,31,22,15696.3046875
1007,1,2006,5,31,23,13287.90625
1008,1,2006,8,2,0,22060.177734375
1009,1,2006,8,2,1,20401.970703125
1010,1,2006,8,2,2,19083.619140625
1011,1,2006,8,2,3,16830.96484375
1012,1,2006,8,2,4,14730.576171875
1013,1,2006,8,2,5,18203.814453125
1014,1,2006,8,2,6,19491.0546875
1015,1,2006,8,2,7,20670.330078125
1016,1,2006,8,2,8,22765.26953125
1017,1,2006,8,2,9,25171.92578125
1018,1,2006,8,2,10,28041.255859375
1019,1,2006,8,2,11,30289.111328125
1020,1,2006,8,2,12,32312.736328125
1021,1,2006,8,2,13,34367.13671875
1022,1,2006,8,2,14,35936.79296875
1023,1,2006,8,2,15,37415.2734375
1024,1,2006,8,2,16,38548.7109375
1025,1,2006,8,2,17,38996.36328125
1026,1,2006,8,2,18,38423.83203125
1027,1,2006,8,2,19,36278.9140625
1028,1,2006,8,2,20,34450.13671875
1029,1,2006,8,2,21,32969.671875
1030,1,2006,8,2,22,29192.259765625
1031,1,2006,8,2,23,25591.037109375
1032,1,2006,8,3,0,22043.943359375
1033,1,2006,8,3,1,20393.068359375
1034,1,2006,8,3,2,19072.330078125
1035,1,2006,8,3,3,16838.208984375
1036,1,2006,8,3,4,15424.177734375
1037,1,2006,8,3,5,17460.916015625
1038,1,2006,8,3,6,15365.310546875
1039,1,2006,8,3,7,20649.369140625
1040,1,2006,8,3,8,22753.783203125
1041,1,2006,8,3,9,25160.185546875
1042,1,2006,8,3,10,28046.818359375
1043,1,2006,8,3,11,30289.06640625
1044,1,2006,8,3,12,32329.0078125
1045,1,2006,8,3,13,34388.01953125
1046,1,2006,8,3,14,35924.4609375
1047,1,2006,8,3,15,37418.78515625
1048,1,2006,8,3,16,38604.37890625
1049,1,2006,8,3,17,39050.22265625
1050,1,2006,8,3,18,38481.5390625
1051,1,2006,8,3,19,36295.56640625
1052,1,2006,8,3,20,34500.546875
1053,1,2006,8,3,21,33006.73828125
1054,1,2006,8,3,22,29234.267578125
1055,1,2006,8,3,23,25633.787109375
1056,1,2006,8,4,0,22092.681640625
1057,1,2006,8,4,1,20421.005859375
1058,1,2006,8,4,2,19113.025390625
1059,1,2006,8,4,3,16859.173828125
1060,1,2006,8,4,4,16665.99609375
1061,1,2006,8,4,5,17456.583984375
1062,1,2006,8,4,6,15394.7080078125
1063,1,2006,8,4,7,20682.068359375
1064,1,2006,8,4,8,22774.994140625
1065,1,2006,8,4,9,25164.16796875
1066,1,2006,8,4,10,28036.609375
1067,1,2006,8,4,11,30306.67578125
1068,1,2006,8,4,12,30838.814453125
1069,1,2006,8,4,13,33055.82421875
1070,1,2006,8,4,14,34156.57421875
1071,1,2006,8,4,15,35018.23828125
1072,1,2006,8,4,16,34003.76171875
1073,1,2006,8,4,17,32371.1328125
1074,1,2006,8,4,18,31925.009765625
1075,1,2006,8,4,19,30701.400390625
1076,1,2006,8,4,20,29813.458984375
1077,1,2006,8,4,21,26883.931640625
1078,1,2006,8,4,22,23204.552734375
1079,1,2006,8,4,23,23224.12109375
1080,1,2006,8,5,0,21960.09375
1081,1,2006,8,5,1,17310.033203125
1082,1,2006,8,5,2,17402.783203125
1083,1,2006,8,5,3,15767.9501953125
1084,1,2006,8,5,4,15677.5361328125
1085,1,2006,8,5,5,16259.43359375
1086,1,2006,8,5,6,17382.63671875
1087,1,2006,8,5,7,20147.40625
1088,1,2006,8,5,8,20922.4375
1089,1,2006,8,5,9,21344.478515625
1090,1,2006,8,5,10,24061.8125
1091,1,2006,8,5,11,25424.720703125
1092,1,2006,8,5,12,29097.77734375
1093,1,2006,8,5,13,30178.578125
1094,1,2006,8,5,14,29969.689453125
1095,1,2006,8,5,15,29237.73828125
1096,1,2006,8,5,16,32306.365234375
1097,1,2006,8,5,17,32398.501953125
1098,1,2006,8,5,18,32853.7421875
1099,1,2006,8,5,19,29843.857421875
1100,1,2006,8,5,20,28373.01171875
1101,1,2006,8,5,21,26500.259765625
1102,1,2006,8,5,22,22830.94140625
1103,1,2006,8,5,23,14893.9814453125
1104,1,2006,8,6,0,16453.185546875
1105,1,2006,8,6,1,14135.9453125
1106,1,2006,8,6,2,15015.6640625
1107,1,2006,8,6,3,12187.58984375
1108,1,2006,8,6,4,12245.302734375
1109,1,2006,8,6,5,14270.677734375
1110,1,2006,8,6,6,15814.41796875
1111,1,2006,8,6,7,16279.767578125
1112,1,2006,8,6,8,18465.62109375
1113,1,2006,8,6,9,20669.89453125
1114,1,2006,8,6,10,23382.970703125
1115,1,2006,8,6,11,27018.115234375
1116,1,2006,8,6,12,29106.71484375
1117,1,2006,8,6,13,31364.423828125
1118,1,2006,8,6,14,32473.431640625
1119,1,2006,8,6,15,31471.005859375
1120,1,2006,8,6,16,32627.064453125
1121,1,2006,8,6,17,32350.447265625
1122,1,2006,8,6,18,32277.162109375
1123,1,2006,8,6,19,29830.861328125
1124,1,2006,8,6,20,27636.947265625
1125,1,2006,8,6,21,26246.193359375
1126,1,2006,8,6,22,22943.998046875
1127,1,2006,8,6,23,20950.720703125
1128,1,2006,8,7,0,18354.072265625
1129,1,2006,8,7,1,17241.099609375
1130,1,2006,8,7,2,17231.60546875
1131,1,2006,8,7,3,16403.74609375
1132,1,2006,8,7,4,14997.435546875
1133,1,2006,8,7,5,15802.337890625
1134,1,2006,8,7,6,17297.6484375
1135,1,2006,8,7,7,18226.73828125
1136,1,2006,8,7,8,19604.26953125
1137,1,2006,8,7,9,21562.7578125
1138,1,2006,8,7,10,25083.08984375
1139,1,2006,8,7,11,25778.962890625
1140,1,2006,8,7,12,29135.427734375
1141,1,2006,8,7,13,31407.697265625
1142,1,2006,8,7,14,31940.708984375
1143,1,2006,8,7,15,31695.66796875
1144,1,2006,8,7,16,33982.671875
1145,1,2006,8,7,17,34063.71875
1146,1,2006,8,7,18,32906.7734375
1147,1,2006,8,7,19,36214.59765625
1148,1,2006,8,7,20,34410.58203125
1149,1,2006,8,7,21,32898.64453125
1150,1,2006,8,7,22,29119.353515625
1151,1,2006,8,7,23,20593.224609375
1152,1,2006,8,8,0,18266.771484375
1153,1,2006,8,8,1,18423.884765625
1154,1,2006,8,8,2,17386.1484375
1155,1,2006,8,8,3,16717.7109375
1156,1,2006,8,8,4,16572.482421875
1157,1,2006,8,8,5,17378.0703125
1158,1,2006,8,8,6,19665.845703125
1159,1,2006,8,8,7,20558.791015625
1160,1,2006,8,8,8,20141.248046875
1161,1,2006,8,8,9,22536.900390625
1162,1,2006,8,8,10,24110.357421875
1163,1,2006,8,8,11,25423.7890625
1164,1,2006,8,8,12,26329.40625
1165,1,2006,8,8,13,29545.56640625
1166,1,2006,8,8,14,29948.38671875
1167,1,2006,8,8,15,33231.99609375
1168,1,2006,8,8,16,32246.0234375
1169,1,2006,8,8,17,31699.595703125
1170,1,2006,8,8,18,31332.421875
1171,1,2006,8,8,19,28558.15234375
1172,1,2006,8,8,20,27693.818359375
1173,1,2006,8,8,21,26495.38671875
1174,1,2006,8,8,22,23886.033203125
1175,1,2006,8,8,23,22542.556640625
1176,1,2006,11,22,0,18133.52734375
1177,1,2006,11,22,1,18319.064453125
1178,1,2006,11,22,2,18205.564453125
1179,1,2006,11,22,3,18217.91015625
1180,1,2006,11,22,4,17090.970703125
1181,1,2006,11,22,5,18491.080078125
1182,1,2006,11,22,6,21059.9453125
1183,1,2006,11,22,7,20587.435546875
1184,1,2006,11,22,8,20946.37890625
1185,1,2006,11,22,9,20163.095703125
1186,1,2006,11,22,10,20780.16015625
1187,1,2006,11,22,11,19525.556640625
1188,1,2006,11,22,12,17968.115234375
1189,1,2006,11,22,13,17502.931640625
1190,1,2006,11,22,14,18392.2109375
1191,1,2006,11,22,15,20054.21875
1192,1,2006,11,22,16,21725.333984375
1193,1,2006,11,22,17,23471.873046875
1194,1,2006,11,22,18,24007.125
1195,1,2006,11,22,19,24001.052734375
1196,1,2006,11,22,20,20910.62109375
1197,1,2006,11,22,21,22349.263671875
1198,1,2006,11,22,22,20905.388671875
1199,1,2006,11,22,23,19863.6875
1200,1,2006,11,23,0,18400.19921875
1201,1,2006,11,23,1,18348.16015625
1202,1,2006,11,23,2,18320.048828125
1203,1,2006,11,23,3,18549.0859375
1204,1,2006,11,23,4,18807.833984375
1205,1,2006,11,23,5,19773.451171875
1206,1,2006,11,23,6,21301.3046875
1207,1,2006,11,23,7,20984.47265625
1208,1,2006,11,23,8,21320.302734375
1209,1,2006,11,23,9,20308.091796875
1210,1,2006,11,23,10,20853.228515625
1211,1,2006,11,23,11,19335.953125
1212,1,2006,11,23,12,17340.341796875
1213,1,2006,11,23,13,16323.802734375
1214,1,2006,11,23,14,17156.3359375
1215,1,2006,11,23,15,16344.87890625
1216,1,2006,11,23,16,17161.943359375
1217,1,2006,11,23,17,19522.658203125
1218,1,2006,11,23,18,20193.232421875
1219,1,2006,11,23,19,20528.291015625
1220,1,2006,11,23,20,19948.064453125
1221,1,2006,11,23,21,19895.8515625
1222,1,2006,11,23,22,20191.728515625
1223,1,2006,11,23,23,18402.97265625
1224,1,2006,11,24,0,17789.779296875
1225,1,2006,11,24,1,17747.380859375
1226,1,2006,11,24,2,18085.8125
1227,1,2006,11,24,3,18339.25390625
1228,1,2006,11,24,4,18890.447265625
1229,1,2006,11,24,5,20226.990234375
1230,1,2006,11,24,6,20993.33203125
1231,1,2006,11,24,7,22773.01953125
1232,1,2006,11,24,8,22521.76171875
1233,1,2006,11,24,9,17722.654296875
1234,1,2006,11,24,10,16012.408203125
1235,1,2006,11,24,11,14718.2080078125
1236,1,2006,11,24,12,13965.9921875
1237,1,2006,11,24,13,13418.958984375
1238,1,2006,11,24,14,14137.8115234375
1239,1,2006,11,24,15,13723.7666015625
1240,1,2006,11,24,16,14885.90234375
1241,1,2006,11,24,17,17899.02734375
1242,1,2006,11,24,18,19569.546875
1243,1,2006,11,24,19,20856.529296875
1244,1,2006,11,24,20,22757.255859375
1245,1,2006,11,24,21,20511.7109375
1246,1,2006,11,24,22,20416.892578125
1247,1,2006,11,24,23,19874.876953125
1248,1,2006,11,25,0,18433.728515625
1249,1,2006,11,25,1,18783.517578125
1250,1,2006,11,25,2,20069.33203125
1251,1,2006,11,25,3,19167.533203125
1252,1,2006,11,25,4,21089.091796875
1253,1,2006,11,25,5,22035.275390625
1254,1,2006,11,25,6,26838.900390625
1255,1,2006,11,25,7,25349.490234375
1256,1,2006,11,25,8,23202.203125
1257,1,2006,11,25,9,20048.302734375
1258,1,2006,11,25,10,15726.005859375
1259,1,2006,11,25,11,16436.927734375
1260,1,2006,11,25,12,15253.85546875
1261,1,2006,11,25,13,14375.544921875
1262,1,2006,11,25,14,13492.4541015625
1263,1,2006,11,25,15,13660.9345703125
1264,1,2006,11,25,16,14795.728515625
1265,1,2006,11,25,17,17909.55859375
1266,1,2006,11,25,18,20038.53125
1267,1,2006,11,25,19,20500.517578125
1268,1,2006,11,25,20,22710.701171875
1269,1,2006,11,25,21,22200.326171875
1270,1,2006,11,25,22,19926.5703125
1271,1,2006,11,25,23,18985.126953125
1272,1,2006,11,26,0,18366.529296875
1273,1,2006,11,26,1,18401.77734375
1274,1,2006,11,26,2,20589.390625
1275,1,2006,11,26,3,21333.595703125
1276,1,2006,11,26,4,22437.85546875
1277,1,2006,11,26,5,24255.587890625
1278,1,2006,11,26,6,26840.734375
1279,1,2006,11,26,7,25310.5234375
1280,1,2006,11,26,8,23636.814453125
1281,1,2006,11,26,9,23701.775390625
1282,1,2006,11,26,10,20532.099609375
1283,1,2006,11,26,11,14441.08984375
1284,1,2006,11,26,12,14870.208984375
1285,1,2006,11,26,13,14107.19140625
1286,1,2006,11,26,14,13497.3837890625
1287,1,2006,11,26,15,13668.87890625
1288,1,2006,11,26,16,14836.744140625
1289,1,2006,11,26,17,17580.9765625
1290,1,2006,11,26,18,19544.603515625
1291,1,2006,11,26,19,20189.595703125
1292,1,2006,11,26,20,20017.720703125
1293,1,2006,11,26,21,19395.017578125
1294,1,2006,11,26,22,18534.30078125
1295,1,2006,11,26,23,18084.669921875
1296,1,2006,11,27,0,17674.333984375
1297,1,2006,11,27,1,17924.208984375
1298,1,2006,11,27,2,18180.39453125
1299,1,2006,11,27,3,21715.474609375
1300,1,2006,11,27,4,22532.892578125
1301,1,2006,11,27,5,25023.794921875
1302,1,2006,11,27,6,27556.529296875
1303,1,2006,11,27,7,27722.740234375
1304,1,2006,11,27,8,25138.552734375
1305,1,2006,11,27,9,20488.912109375
1306,1,2006,11,27,10,18337.818359375
1307,1,2006,11,27,11,14157.63671875
1308,1,2006,11,27,12,14530.212890625
1309,1,2006,11,27,13,14044.732421875
1310,1,2006,11,27,14,13485.7451171875
1311,1,2006,11,27,15,13850.62109375
1312,1,2006,11,27,16,14862.80859375
1313,1,2006,11,27,17,17559.951171875
1314,1,2006,11,27,18,19287.806640625
1315,1,2006,11,27,19,20135.078125
1316,1,2006,11,27,20,19946.142578125
1317,1,2006,11,27,21,19396.869140625
1318,1,2006,11,27,22,19019.845703125
1319,1,2006,11,27,23,18223.443359375
1320,1,2006,11,28,0,17684.822265625
1321,1,2006,11,28,1,17651.970703125
1322,1,2006,11,28,2,17794.970703125
1323,1,2006,11,28,3,18341.984375
1324,1,2006,11,28,4,19387.224609375
1325,1,2006,11,28,5,24221.931640625
1326,1,2006,11,28,6,26724.591796875
1327,1,2006,11,28,7,27222.314453125
1328,1,2006,11,28,8,26006.146484375
1329,1,2006,11,28,9,21350.37890625
1330,1,2006,11,28,10,19746.056640625
1331,1,2006,11,28,11,16397.7265625
1332,1,2006,11,28,12,14911.7421875
1333,1,2006,11,28,13,14811.736328125
1334,1,2006,11,28,14,13983.107421875
1335,1,2006,11,28,15,14006.99609375
1336,1,2006,11,28,16,14069.1328125
1337,1,2006,11,28,17,16263.462890625
1338,1,2006,11,28,18,18059.677734375
1339,1,2006,11,28,19,18273.951171875
1340,1,2006,11,28,20,18135.291015625
1341,1,2006,11,28,21,18250.939453125
1342,1,2006,11,28,22,17362.435546875
1343,1,2006,11,28,23,16397.013671875
