,zone,Year,Month,Day,Hour,actual,predicted
240,11,2005,3,6,0,113552,117101.426111
241,11,2005,3,6,1,112515,113668.02169000001
242,11,2005,3,6,2,113244,111973.18123199999
243,11,2005,3,6,3,113990,110534.45366199999
244,11,2005,3,6,4,115297,111694.64177
245,11,2005,3,6,5,118413,112260.54800499999
246,11,2005,3,6,6,123465,121668.463548
247,11,2005,3,6,7,126818,135691.758822
248,11,2005,3,6,8,127719,132748.730946
249,11,2005,3,6,9,123253,122787.270351
250,11,2005,3,6,10,116518,112339.000596
251,11,2005,3,6,11,109167,103663.954179
252,11,2005,3,6,12,102730,97960.1644099
253,11,2005,3,6,13,97040,90669.88716439999
254,11,2005,3,6,14,92612,85190.6833777
255,11,2005,3,6,15,90533,82606.9274038
256,11,2005,3,6,16,91422,82368.19694760001
257,11,2005,3,6,17,96442,83302.8321577
258,11,2005,3,6,18,108707,87538.5627594
259,11,2005,3,6,19,114405,91222.9016786
260,11,2005,3,6,20,111904,96989.3029965
261,11,2005,3,6,21,105168,93363.1839593
262,11,2005,3,6,22,96091,84667.1266495
263,11,2005,3,6,23,87815,78501.97465419999
720,11,2005,3,7,0,82710,78970.8118236
721,11,2005,3,7,1,81239,70391.1546142
722,11,2005,3,7,2,82069,74985.59185489999
723,11,2005,3,7,3,84100,77291.30349800001
724,11,2005,3,7,4,87210,79161.4257959
725,11,2005,3,7,5,96358,90151.97675660001
726,11,2005,3,7,6,117913,104558.748417
727,11,2005,3,7,7,121455,115131.935403
728,11,2005,3,7,8,109089,100289.69465800001
729,11,2005,3,7,9,99472,90358.8055808
730,11,2005,3,7,10,93282,86295.9785248
731,11,2005,3,7,11,89165,84601.11032080001
732,11,2005,3,7,12,83582,81342.3608268
733,11,2005,3,7,13,82466,80680.4989468
734,11,2005,3,7,14,80720,79175.02984339999
735,11,2005,3,7,15,81089,78583.7103986
736,11,2005,3,7,16,82373,79841.71519229999
737,11,2005,3,7,17,88054,83919.2451169
738,11,2005,3,7,18,103024,88756.8216238
739,11,2005,3,7,19,108955,93119.2039551
740,11,2005,3,7,20,105372,96905.5746888
741,11,2005,3,7,21,98812,93833.23985269999
742,11,2005,3,7,22,89293,84374.1412351
743,11,2005,3,7,23,79804,73104.0324784
1200,11,2005,3,8,0,73551,63710.2272099
1201,11,2005,3,8,1,70792,60024.6681276
1202,11,2005,3,8,2,70305,58126.7153116
1203,11,2005,3,8,3,71043,58352.61636469999
1204,11,2005,3,8,4,74450,60021.317548
1205,11,2005,3,8,5,82640,69820.1135942
1206,11,2005,3,8,6,100766,89455.7358086
1207,11,2005,3,8,7,108484,99706.1903677
1208,11,2005,3,8,8,104595,98940.7247281
1209,11,2005,3,8,9,104618,96977.17477510001
1210,11,2005,3,8,10,107994,96995.2290839
1211,11,2005,3,8,11,112210,115900.031801
1212,11,2005,3,8,12,117089,122987.449393
1213,11,2005,3,8,13,125525,132863.368152
1214,11,2005,3,8,14,131669,142440.53040999998
1215,11,2005,3,8,15,135307,147592.008228
1216,11,2005,3,8,16,136690,142801.534852
1217,11,2005,3,8,17,144441,148874.354923
1218,11,2005,3,8,18,154873,166316.725835
1219,11,2005,3,8,19,159938,166256.390105
1220,11,2005,3,8,20,159306,159514.82326099998
1221,11,2005,3,8,21,159345,153801.659369
1222,11,2005,3,8,22,153470,148594.82953699998
1223,11,2005,3,8,23,144954,145346.189983
1680,11,2005,3,9,0,139967,139090.103168
1681,11,2005,3,9,1,139423,137573.4596
1682,11,2005,3,9,2,140114,146617.826838
1683,11,2005,3,9,3,141957,142879.624981
1684,11,2005,3,9,4,145398,150443.930067
1685,11,2005,3,9,5,154686,166302.344699
1686,11,2005,3,9,6,165110,179166.803421
1687,11,2005,3,9,7,162596,170955.438326
1688,11,2005,3,9,8,157004,157139.931206
1689,11,2005,3,9,9,148432,152817.59399300002
1690,11,2005,3,9,10,142177,142878.788057
1691,11,2005,3,9,11,136170,138340.928216
1692,11,2005,3,9,12,128743,136979.462095
1693,11,2005,3,9,13,125545,132875.370783
1694,11,2005,3,9,14,120810,130386.611843
1695,11,2005,3,9,15,118945,130828.95456900001
1696,11,2005,3,9,16,120443,130503.368321
1697,11,2005,3,9,17,127864,136193.593272
1698,11,2005,3,9,18,143839,151857.24225799998
1699,11,2005,3,9,19,150362,161467.86028199998
1700,11,2005,3,9,20,149324,159524.088717
1701,11,2005,3,9,21,143883,149509.43476
1702,11,2005,3,9,22,135453,140189.750168
1703,11,2005,3,9,23,126760,136632.706263
2160,11,2005,3,10,0,122415,134576.680699
2161,11,2005,3,10,1,122622,147172.768395
2162,11,2005,3,10,2,124125,146614.773383
2163,11,2005,3,10,3,126563,142880.616934
2164,11,2005,3,10,4,130652,150444.779506
2165,11,2005,3,10,5,141318,166302.42653599998
2166,11,2005,3,10,6,160571,179174.535322
2167,11,2005,3,10,7,160827,170972.096158
2168,11,2005,3,10,8,142110,143767.89378900002
2169,11,2005,3,10,9,130460,138995.493178
2170,11,2005,3,10,10,122381,129660.099925
2171,11,2005,3,10,11,115689,124823.16076400001
2172,11,2005,3,10,12,109030,119835.395804
2173,11,2005,3,10,13,107809,118948.269076
2174,11,2005,3,10,14,104587,116276.6882
2175,11,2005,3,10,15,104664,113136.313974
2176,11,2005,3,10,16,108743,123051.07404
2177,11,2005,3,10,17,116470,124889.392814
2178,11,2005,3,10,18,133118,143047.24206400002
2179,11,2005,3,10,19,140632,152360.555003
2180,11,2005,3,10,20,139383,159533.354172
2181,11,2005,3,10,21,133949,149516.094775
2182,11,2005,3,10,22,125168,136205.83846
2183,11,2005,3,10,23,115985,120866.090971
2640,11,2005,3,11,0,109255,110407.693651
2641,11,2005,3,11,1,106272,101256.20371900001
2642,11,2005,3,11,2,106243,100279.631872
2643,11,2005,3,11,3,106097,96023.56939450001
2644,11,2005,3,11,4,109503,95076.8039883
2645,11,2005,3,11,5,119612,107473.883772
2646,11,2005,3,11,6,137903,135212.97973599998
2647,11,2005,3,11,7,138762,133513.158846
2648,11,2005,3,11,8,123173,116756.73166099998
2649,11,2005,3,11,9,111917,103475.723398
2650,11,2005,3,11,10,104601,95519.3491058
2651,11,2005,3,11,11,98991,95729.5797204
2652,11,2005,3,11,12,93224,85889.6362719
2653,11,2005,3,11,13,90701,83536.7771739
2654,11,2005,3,11,14,88917,82248.2805364
2655,11,2005,3,11,15,89706,82857.6880026
2656,11,2005,3,11,16,97429,89024.99149069999
2657,11,2005,3,11,17,102940,103850.71291799999
2658,11,2005,3,11,18,112540,111545.431091
2659,11,2005,3,11,19,114284,116429.05146500001
2660,11,2005,3,11,20,112831,119755.745103
2661,11,2005,3,11,21,110066,112569.56240499999
2662,11,2005,3,11,22,104750,101895.088075
2663,11,2005,3,11,23,98389,91126.3445256
3120,11,2005,3,12,0,93879,83356.46357580001
3121,11,2005,3,12,1,92444,82098.527719
3122,11,2005,3,12,2,93849,83218.43689260002
3123,11,2005,3,12,3,96569,82573.91806010001
3124,11,2005,3,12,4,100183,88781.83624660001
3125,11,2005,3,12,5,106524,98272.2824667
3126,11,2005,3,12,6,113264,107547.70411500002
3127,11,2005,3,12,7,119627,125168.292099
3128,11,2005,3,12,8,122963,129440.293323
3129,11,2005,3,12,9,120768,125804.895551
3130,11,2005,3,12,10,115189,117877.81855699999
3131,11,2005,3,12,11,108601,108966.82223599999
3132,11,2005,3,12,12,100490,103201.85588999999
3133,11,2005,3,12,13,95509,100254.133491
3134,11,2005,3,12,14,93031,96747.6667075
3135,11,2005,3,12,15,91116,91034.13231939999
3136,11,2005,3,12,16,93190,95665.21555939999
3137,11,2005,3,12,17,99066,98683.7757278
3138,11,2005,3,12,18,108791,105026.011686
3139,11,2005,3,12,19,112972,111867.599475
3140,11,2005,3,12,20,111699,112229.333078
3141,11,2005,3,12,21,107923,113963.715206
3142,11,2005,3,12,22,103305,100574.497552
3143,11,2005,3,12,23,97750,95095.9438092
3600,11,2005,6,20,0,62190,66421.15136619999
3601,11,2005,6,20,1,57457,61631.196436599996
3602,11,2005,6,20,2,55252,58769.072830499994
3603,11,2005,6,20,3,54967,58661.357212400006
3604,11,2005,6,20,4,55729,60070.7392739
3605,11,2005,6,20,5,61288,65900.11443680001
3606,11,2005,6,20,6,74047,79175.5183268
3607,11,2005,6,20,7,85167,88185.5976217
3608,11,2005,6,20,8,86603,86965.5372798
3609,11,2005,6,20,9,87986,87434.81918810001
3610,11,2005,6,20,10,89142,89392.69653
3611,11,2005,6,20,11,90008,89768.2443622
3612,11,2005,6,20,12,88982,91979.2067254
3613,11,2005,6,20,13,90291,94553.115718
3614,11,2005,6,20,14,90709,98619.84500589999
3615,11,2005,6,20,15,92615,100201.11974400001
3616,11,2005,6,20,16,94003,102601.64593099999
3617,11,2005,6,20,17,97963,104145.736479
3618,11,2005,6,20,18,99642,103369.059234
3619,11,2005,6,20,19,97791,97133.05238889999
3620,11,2005,6,20,20,97459,89556.7907322
3621,11,2005,6,20,21,97848,85969.7465026
3622,11,2005,6,20,22,87596,78500.7278899
3623,11,2005,6,20,23,74847,67448.73107899999
4080,11,2005,6,21,0,66218,58037.1519775
4081,11,2005,6,21,1,61866,57152.7026479
4082,11,2005,6,21,2,59870,55560.78584630001
4083,11,2005,6,21,3,59711,56762.3515309
4084,11,2005,6,21,4,60631,59272.98282999999
4085,11,2005,6,21,5,65696,66415.2666607
4086,11,2005,6,21,6,77131,80199.7908463
4087,11,2005,6,21,7,86877,88190.2217082
4088,11,2005,6,21,8,88322,92476.40363680001
4089,11,2005,6,21,9,90982,97554.6054638
4090,11,2005,6,21,10,93621,104895.862515
4091,11,2005,6,21,11,96876,111232.579945
4092,11,2005,6,21,12,99646,110695.37333599999
4093,11,2005,6,21,13,103726,119401.263756
4094,11,2005,6,21,14,107636,124532.505972
4095,11,2005,6,21,15,111262,131314.351591
4096,11,2005,6,21,16,114908,131463.679744
4097,11,2005,6,21,17,120415,141386.686975
4098,11,2005,6,21,18,122289,140906.463915
4099,11,2005,6,21,19,117499,131947.357835
4100,11,2005,6,21,20,112966,127586.703429
4101,11,2005,6,21,21,113099,122518.66725
4102,11,2005,6,21,22,102390,101761.89924500001
4103,11,2005,6,21,23,87176,87686.7706921
4560,11,2005,6,22,0,76746,74277.61487599999
4561,11,2005,6,22,1,70876,67410.20835580002
4562,11,2005,6,22,2,67945,65079.706132800005
4563,11,2005,6,22,3,66472,65691.4590195
4564,11,2005,6,22,4,67138,68010.5434209
4565,11,2005,6,22,5,72161,76508.8081599
4566,11,2005,6,22,6,82998,87641.8936764
4567,11,2005,6,22,7,93885,102671.882814
4568,11,2005,6,22,8,99654,112097.88905799999
4569,11,2005,6,22,9,105308,118569.777747
4570,11,2005,6,22,10,110259,123376.90216199998
4571,11,2005,6,22,11,115169,124810.578604
4572,11,2005,6,22,12,117231,120683.97188699999
4573,11,2005,6,22,13,119203,119408.45426900001
4574,11,2005,6,22,14,117499,117244.713529
4575,11,2005,6,22,15,118457,123796.086008
4576,11,2005,6,22,16,123042,143314.729658
4577,11,2005,6,22,17,129858,145410.54174400002
4578,11,2005,6,22,18,132001,140921.99316500002
4579,11,2005,6,22,19,126416,127877.54025399999
4580,11,2005,6,22,20,121923,131630.36647
4581,11,2005,6,22,21,117302,119187.41510799999
4582,11,2005,6,22,22,103789,98943.2637765
4583,11,2005,6,22,23,88068,85275.4178614
5040,11,2005,6,23,0,77249,74285.9677157
5041,11,2005,6,23,1,70400,67418.5227131
5042,11,2005,6,23,2,66609,65087.7881385
5043,11,2005,6,23,3,65083,62795.0052803
5044,11,2005,6,23,4,65361,62621.7686357
5045,11,2005,6,23,5,69803,67260.0948594
5046,11,2005,6,23,6,80063,80264.38144330001
5047,11,2005,6,23,7,90444,93888.4833438
5048,11,2005,6,23,8,95209,95982.2166753
5049,11,2005,6,23,9,100905,102015.065182
5050,11,2005,6,23,10,106364,110417.127766
5051,11,2005,6,23,11,111748,117723.73406199999
5052,11,2005,6,23,12,115383,120692.53301099999
5053,11,2005,6,23,13,119866,119415.64478199999
5054,11,2005,6,23,14,123527,124549.425914
5055,11,2005,6,23,15,127854,131338.963674
5056,11,2005,6,23,16,131630,127665.20670699999
5057,11,2005,6,23,17,135044,129699.91236300001
5058,11,2005,6,23,18,133400,128490.428309
5059,11,2005,6,23,19,126826,120123.765597
5060,11,2005,6,23,20,119516,112475.31465799999
5061,11,2005,6,23,21,117444,109840.873281
5062,11,2005,6,23,22,105805,96234.7383043
5063,11,2005,6,23,23,89691,82979.03348010001
5520,11,2005,6,24,0,77689,70153.46605989999
5521,11,2005,6,24,1,71433,65779.3613669
5522,11,2005,6,24,2,67539,63572.1601033
5523,11,2005,6,24,3,66009,62802.9330587
5524,11,2005,6,24,4,66701,63761.750600600004
5525,11,2005,6,24,5,71447,69184.5373046
5526,11,2005,6,24,6,80850,80273.4881814
5527,11,2005,6,24,7,90534,92508.16555650001
5528,11,2005,6,24,8,95883,94180.3688875
5529,11,2005,6,24,9,103350,109699.427094
5530,11,2005,6,24,10,111937,123395.709957
5531,11,2005,6,24,11,118720,128609.17790699999
5532,11,2005,6,24,12,125239,136526.620357
5533,11,2005,6,24,13,130936,143219.59958
5534,11,2005,6,24,14,136425,149723.82515
5535,11,2005,6,24,15,141987,151726.842898
5536,11,2005,6,24,16,146251,147416.69514300002
5537,11,2005,6,24,17,148826,149504.2586
5538,11,2005,6,24,18,141762,145329.291405
5539,11,2005,6,24,19,134608,131999.96529300002
5540,11,2005,6,24,20,128975,119879.900201
5541,11,2005,6,24,21,125914,115983.104141
5542,11,2005,6,24,22,114029,110961.67133800001
5543,11,2005,6,24,23,99062,92908.7378394
6000,11,2005,6,25,0,85940,82475.7494185
6001,11,2005,6,25,1,78681,75756.1805225
6002,11,2005,6,25,2,74054,68733.6034458
6003,11,2005,6,25,3,70752,65784.3906314
6004,11,2005,6,25,4,69363,65221.8674541
6005,11,2005,6,25,5,70372,66244.944362
6006,11,2005,6,25,6,74205,68500.3363525
6007,11,2005,6,25,7,84485,80666.2819898
6008,11,2005,6,25,8,100718,93685.8879828
6009,11,2005,6,25,9,114952,113833.228902
6010,11,2005,6,25,10,126623,123429.46821400001
6011,11,2005,6,25,11,136400,128364.21153
6012,11,2005,6,25,12,145595,143858.531585
6013,11,2005,6,25,13,152716,149333.19541400002
6014,11,2005,6,25,14,158367,160657.06426500002
6015,11,2005,6,25,15,160429,158209.456132
6016,11,2005,6,25,16,162096,157102.34120999998
6017,11,2005,6,25,17,160434,151830.69365
6018,11,2005,6,25,18,156526,150308.863399
6019,11,2005,6,25,19,145846,117788.162416
6020,11,2005,6,25,20,133865,121064.389722
6021,11,2005,6,25,21,129490,117753.750604
6022,11,2005,6,25,22,116917,107496.04373199999
6023,11,2005,6,25,23,103249,92781.80562849999
6480,11,2005,6,26,0,89593,87879.1482977
6481,11,2005,6,26,1,81561,75768.04695619999
6482,11,2005,6,26,2,76481,72842.8488646
6483,11,2005,6,26,3,73436,71474.24727749999
6484,11,2005,6,26,4,71524,68712.3814024
6485,11,2005,6,26,5,71353,67855.8306334
6486,11,2005,6,26,6,72788,70164.14060389998
6487,11,2005,6,26,7,82428,83032.91202260001
6488,11,2005,6,26,8,99071,101613.718735
6489,11,2005,6,26,9,115071,117330.23753800002
6490,11,2005,6,26,10,125104,123435.00921300001
6491,11,2005,6,26,11,133603,133111.499454
6492,11,2005,6,26,12,140980,138695.580775
6493,11,2005,6,26,13,145624,139038.034761
6494,11,2005,6,26,14,148970,138904.628584
6495,11,2005,6,26,15,150412,142157.546467
6496,11,2005,6,26,16,152374,146065.554524
6497,11,2005,6,26,17,152921,146255.517822
6498,11,2005,6,26,18,149998,139578.77372
6499,11,2005,6,26,19,143993,137819.169332
6500,11,2005,6,26,20,139642,130261.960303
6501,11,2005,6,26,21,137142,130282.534929
6502,11,2005,6,26,22,123375,118366.10659000001
6503,11,2005,6,26,23,106824,106487.98540800001
6960,11,2005,9,10,0,82172,74313.44106469999
6961,11,2005,9,10,1,74908,67909.7449806
6962,11,2005,9,10,2,70559,62899.022298300006
6963,11,2005,9,10,3,68060,63637.60289380001
6964,11,2005,9,10,4,67121,59812.1547675
6965,11,2005,9,10,5,68130,61407.9501526
6966,11,2005,9,10,6,70723,65056.50110190001
6967,11,2005,9,10,7,76689,74890.1874769
6968,11,2005,9,10,8,88691,91611.1104902
6969,11,2005,9,10,9,100387,103199.537124
6970,11,2005,9,10,10,108192,113836.32619600001
6971,11,2005,9,10,11,113239,116441.84260599999
6972,11,2005,9,10,12,118774,120038.44748199999
6973,11,2005,9,10,13,121830,125048.45797799999
6974,11,2005,9,10,14,125197,128405.626062
6975,11,2005,9,10,15,126799,125196.10743199999
6976,11,2005,9,10,16,127700,126846.68216199998
6977,11,2005,9,10,17,127227,126782.684093
6978,11,2005,9,10,18,120719,118123.80793
6979,11,2005,9,10,19,113606,110711.75025799999
6980,11,2005,9,10,20,110889,107233.827727
6981,11,2005,9,10,21,101352,93926.2060876
6982,11,2005,9,10,22,91144,82264.15296689999
6983,11,2005,9,10,23,80372,73436.1479585
7440,11,2005,9,11,0,70636,68405.66547509999
7441,11,2005,9,11,1,64210,63310.724998699996
7442,11,2005,9,11,2,60810,59801.0714191
7443,11,2005,9,11,3,58638,59119.8112393
7444,11,2005,9,11,4,57581,58925.1797615
7445,11,2005,9,11,5,58660,61414.0535584
7446,11,2005,9,11,6,60812,64641.1957778
7447,11,2005,9,11,7,66284,73490.0801791
7448,11,2005,9,11,8,78988,89149.35641939999
7449,11,2005,9,11,9,90707,101220.237934
7450,11,2005,9,11,10,98049,108083.824043
7451,11,2005,9,11,11,101828,113078.73910199999
7452,11,2005,9,11,12,106416,116368.316214
7453,11,2005,9,11,13,110881,116781.43639500001
7454,11,2005,9,11,14,113758,119335.38392200001
7455,11,2005,9,11,15,116355,120601.914158
7456,11,2005,9,11,16,118352,117708.840148
7457,11,2005,9,11,17,118932,118839.246849
7458,11,2005,9,11,18,114624,115126.247053
7459,11,2005,9,11,19,111476,108513.407379
7460,11,2005,9,11,20,111437,100675.356328
7461,11,2005,9,11,21,99138,92328.7170675
7462,11,2005,9,11,22,84823,81101.9808911
7463,11,2005,9,11,23,72052,70313.0820157
7920,11,2005,9,12,0,63317,64746.19649830001
7921,11,2005,9,12,1,58304,61227.3739865
7922,11,2005,9,12,2,56180,59562.3415091
7923,11,2005,9,12,3,55305,59261.870699900006
7924,11,2005,9,12,4,55870,61167.3189479
7925,11,2005,9,12,5,62767,68677.0546322
7926,11,2005,9,12,6,80641,85954.422162
7927,11,2005,9,12,7,89077,92775.49563589999
7928,11,2005,9,12,8,89424,92707.6278
7929,11,2005,9,12,9,93248,94863.045437
7930,11,2005,9,12,10,97570,106825.60084700001
7931,11,2005,9,12,11,103166,109473.173869
7932,11,2005,9,12,12,108452,115426.42375799999
7933,11,2005,9,12,13,116309,120925.840421
7934,11,2005,9,12,14,122518,127132.854274
7935,11,2005,9,12,15,127652,133289.61793399998
7936,11,2005,9,12,16,132000,137755.695523
7937,11,2005,9,12,17,134270,130938.92655899998
7938,11,2005,9,12,18,131947,136037.818827
7939,11,2005,9,12,19,125639,129083.746371
7940,11,2005,9,12,20,123698,111511.99851300001
7941,11,2005,9,12,21,111041,99512.79632010001
7942,11,2005,9,12,22,95489,88912.60155630001
7943,11,2005,9,12,23,81607,78127.2640459
8400,11,2005,9,13,0,72174,67524.5114408
8401,11,2005,9,13,1,67507,63713.13536919999
8402,11,2005,9,13,2,64586,61175.459460599996
8403,11,2005,9,13,3,63087,60716.6909146
8404,11,2005,9,13,4,63663,61688.1723492
8405,11,2005,9,13,5,69244,68283.73257359999
8406,11,2005,9,13,6,85304,85207.66694580001
8407,11,2005,9,13,7,93166,93827.3696715
8408,11,2005,9,13,8,91927,95468.3533908
8409,11,2005,9,13,9,96011,102285.268861
8410,11,2005,9,13,10,102706,114137.29400699999
8411,11,2005,9,13,11,109420,114926.85496099999
8412,11,2005,9,13,12,116971,112331.88296500001
8413,11,2005,9,13,13,126963,117450.620125
8414,11,2005,9,13,14,133911,131317.650552
8415,11,2005,9,13,15,139835,142384.946597
8416,11,2005,9,13,16,144882,147236.540037
8417,11,2005,9,13,17,147667,138872.349908
8418,11,2005,9,13,18,144777,129510.8042
8419,11,2005,9,13,19,139767,135353.048143
8420,11,2005,9,13,20,139432,134914.520643
8421,11,2005,9,13,21,126089,117319.64008599998
8422,11,2005,9,13,22,110331,101795.201509
8423,11,2005,9,13,23,95494,89819.7189218
8880,11,2005,9,14,0,85315,79902.3225987
8881,11,2005,9,14,1,80601,75286.29349119999
8882,11,2005,9,14,2,78924,70783.416264
8883,11,2005,9,14,3,78311,71538.683356
8884,11,2005,9,14,4,79901,72284.29379580001
8885,11,2005,9,14,5,86332,80866.16173460001
8886,11,2005,9,14,6,103182,95287.45238510001
8887,11,2005,9,14,7,113543,103346.246497
8888,11,2005,9,14,8,114528,105631.89335299999
8889,11,2005,9,14,9,119905,106103.312408
8890,11,2005,9,14,10,127029,114148.04473499999
8891,11,2005,9,14,11,135105,127507.82188599999
8892,11,2005,9,14,12,138579,129422.669445
8893,11,2005,9,14,13,143984,124600.103
8894,11,2005,9,14,14,145989,131327.503344
8895,11,2005,9,14,15,146800,129052.196394
8896,11,2005,9,14,16,148246,133352.19299
8897,11,2005,9,14,17,148919,134842.444732
8898,11,2005,9,14,18,149602,120906.35768199999
8899,11,2005,9,14,19,150431,142263.619944
8900,11,2005,9,14,20,150585,141797.21864500002
8901,11,2005,9,14,21,140033,125781.202784
8902,11,2005,9,14,22,124201,115419.136374
8903,11,2005,9,14,23,110461,102379.11338099999
9360,11,2005,9,15,0,100123,92267.91596510001
9361,11,2005,9,15,1,94610,87000.427851
9362,11,2005,9,15,2,91067,83585.2191967
9363,11,2005,9,15,3,89534,84622.90314139999
9364,11,2005,9,15,4,90034,84769.2976526
9365,11,2005,9,15,5,95517,88847.1071655
9366,11,2005,9,15,6,112452,102297.75884400001
9367,11,2005,9,15,7,121375,108138.85466900001
9368,11,2005,9,15,8,122405,107525.924742
9369,11,2005,9,15,9,128968,110404.65459
9370,11,2005,9,15,10,138904,122635.047308
9371,11,2005,9,15,11,147024,131016.26020899999
9372,11,2005,9,15,12,152658,129436.62948599999
9373,11,2005,9,15,13,160560,140862.982491
9374,11,2005,9,15,14,163050,154919.230298
9375,11,2005,9,15,15,162661,142418.39778
9376,11,2005,9,15,16,158492,147280.03759000002
9377,11,2005,9,15,17,154413,143154.377064
9378,11,2005,9,15,18,159787,147031.192607
9379,11,2005,9,15,19,159535,138761.38866
9380,11,2005,9,15,20,156664,134934.602015
9381,11,2005,9,15,21,144695,122832.977601
9382,11,2005,9,15,22,128285,118597.34874000002
9383,11,2005,9,15,23,113002,105323.550774
9840,11,2005,9,16,0,101462,95177.42777210001
9841,11,2005,9,16,1,94755,87011.8895375
9842,11,2005,9,16,2,91187,81132.1411737
9843,11,2005,9,16,3,88621,79755.2420022
9844,11,2005,9,16,4,88993,80113.6016765
9845,11,2005,9,16,5,95165,86689.83169260001
9846,11,2005,9,16,6,112174,100396.327682
9847,11,2005,9,16,7,121560,104872.307352
9848,11,2005,9,16,8,122624,107543.305736
9849,11,2005,9,16,9,129321,108211.264252
9850,11,2005,9,16,10,138763,122647.271457
9851,11,2005,9,16,11,146924,127538.23087
9852,11,2005,9,16,12,151960,133332.191465
9853,11,2005,9,16,13,156224,140878.810122
9854,11,2005,9,16,14,159283,144958.101888
9855,11,2005,9,16,15,151585,147252.69546199997
9856,11,2005,9,16,16,153405,152325.304795
9857,11,2005,9,16,17,161250,152218.042459
9858,11,2005,9,16,18,158229,129522.05067899999
9859,11,2005,9,16,19,151404,135416.329854
9860,11,2005,9,16,20,145129,138306.077423
9861,11,2005,9,16,21,133876,125801.288192
9862,11,2005,9,16,22,121434,109557.69284
9863,11,2005,9,16,23,108123,94454.710087
10320,11,2005,12,25,0,105724,105194.29441
10321,11,2005,12,25,1,101739,101988.82369
10322,11,2005,12,25,2,100166,103325.023105
10323,11,2005,12,25,3,101666,120112.109697
10324,11,2005,12,25,4,103825,106716.586327
10325,11,2005,12,25,5,107857,109982.7117
10326,11,2005,12,25,6,113137,115311.758447
10327,11,2005,12,25,7,120769,117977.966576
10328,11,2005,12,25,8,126289,120587.54997200001
10329,11,2005,12,25,9,124020,121334.66672899999
10330,11,2005,12,25,10,118266,112424.840751
10331,11,2005,12,25,11,115693,109006.346642
10332,11,2005,12,25,12,116052,109381.56635699999
10333,11,2005,12,25,13,114125,108742.390767
10334,11,2005,12,25,14,109013,101856.810579
10335,11,2005,12,25,15,104738,97185.5843745
10336,11,2005,12,25,16,104262,100446.057037
10337,11,2005,12,25,17,107907,109656.335429
10338,11,2005,12,25,18,106644,111519.310705
10339,11,2005,12,25,19,104810,101327.516646
10340,11,2005,12,25,20,102990,97922.5080101
10341,11,2005,12,25,21,98249,92927.5219836
10342,11,2005,12,25,22,91300,85088.975623
10343,11,2005,12,25,23,82681,76190.0787347
10800,11,2005,12,26,0,75785,75348.89719060001
10801,11,2005,12,26,1,72639,75021.77292060001
10802,11,2005,12,26,2,71545,76357.7158905
10803,11,2005,12,26,3,72392,79225.5751626
10804,11,2005,12,26,4,74603,81958.0618241
10805,11,2005,12,26,5,78740,92346.5923212
10806,11,2005,12,26,6,84531,111436.99111500001
10807,11,2005,12,26,7,91552,120964.42976700001
10808,11,2005,12,26,8,100278,117676.269735
10809,11,2005,12,26,9,107610,114920.507096
10810,11,2005,12,26,10,110628,110719.27911500001
10811,11,2005,12,26,11,108873,107848.84540699999
10812,11,2005,12,26,12,106401,101739.134614
10813,11,2005,12,26,13,104215,102099.174124
10814,11,2005,12,26,14,105079,102829.434582
10815,11,2005,12,26,15,106856,105807.896413
10816,11,2005,12,26,16,114557,112893.06784
10817,11,2005,12,26,17,127471,123894.38732000001
10818,11,2005,12,26,18,129075,128974.32085599999
10819,11,2005,12,26,19,127970,127445.80018499999
10820,11,2005,12,26,20,125204,123282.936848
10821,11,2005,12,26,21,119325,116220.34602699999
10822,11,2005,12,26,22,110989,105818.877726
10823,11,2005,12,26,23,101979,95602.71098999999
11280,11,2005,12,27,0,96352,90215.1388973
11281,11,2005,12,27,1,93557,88100.3549856
11282,11,2005,12,27,2,93417,89273.81381869999
11283,11,2005,12,27,3,94422,91411.1569219
11284,11,2005,12,27,4,96993,94468.74100739999
11285,11,2005,12,27,5,102669,103636.870587
11286,11,2005,12,27,6,113359,121153.738325
11287,11,2005,12,27,7,120432,128275.552548
11288,11,2005,12,27,8,121068,123102.16888099999
11289,11,2005,12,27,9,119337,120166.45324500001
11290,11,2005,12,27,10,115762,116014.338749
11291,11,2005,12,27,11,110969,112801.93161900001
11292,11,2005,12,27,12,105565,107503.10024500001
11293,11,2005,12,27,13,101097,104999.263984
11294,11,2005,12,27,14,98561,104442.804933
11295,11,2005,12,27,15,99887,105820.291136
11296,11,2005,12,27,16,108293,112907.44374500001
11297,11,2005,12,27,17,127970,127544.69906500001
11298,11,2005,12,27,18,136547,136223.960653
11299,11,2005,12,27,19,136839,138522.40997100002
11300,11,2005,12,27,20,135080,140788.367204
11301,11,2005,12,27,21,130613,135295.90700099999
11302,11,2005,12,27,22,122489,127288.218503
11303,11,2005,12,27,23,113017,119167.318753
11760,11,2005,12,28,0,107461,111416.43659200001
11761,11,2005,12,28,1,106187,111989.861495
11762,11,2005,12,28,2,106955,111627.854802
11763,11,2005,12,28,3,108374,112264.063352
11764,11,2005,12,28,4,110397,115388.53264800001
11765,11,2005,12,28,5,116491,122272.085646
11766,11,2005,12,28,6,126446,134797.03996300002
11767,11,2005,12,28,7,130799,136394.509328
11768,11,2005,12,28,8,129077,126998.38438599999
11769,11,2005,12,28,9,124841,120179.14319500001
11770,11,2005,12,28,10,118942,112448.98296800001
11771,11,2005,12,28,11,110814,106354.110209
11772,11,2005,12,28,12,103500,96863.3437503
11773,11,2005,12,28,13,99725,93738.1802512
11774,11,2005,12,28,14,96042,94633.8167626
11775,11,2005,12,28,15,97015,96987.9937523
11776,11,2005,12,28,16,104172,103223.742671
11777,11,2005,12,28,17,120686,113450.970575
11778,11,2005,12,28,18,126270,120268.86830799999
11779,11,2005,12,28,19,124454,120128.875027
11780,11,2005,12,28,20,121019,113554.08618099999
11781,11,2005,12,28,21,113047,106730.66262999999
11782,11,2005,12,28,22,102816,97807.7466149
11783,11,2005,12,28,23,91690,86513.0896858
12240,11,2005,12,29,0,83749,77418.1334983
12241,11,2005,12,29,1,79339,76213.3184344
12242,11,2005,12,29,2,77610,79200.5452832
12243,11,2005,12,29,3,77552,79256.45702789999
12244,11,2005,12,29,4,79640,86946.04346100001
12245,11,2005,12,29,5,85183,92382.900776
12246,11,2005,12,29,6,94630,106373.25991000001
12247,11,2005,12,29,7,100895,116052.645633
12248,11,2005,12,29,8,102843,111259.192354
12249,11,2005,12,29,9,105857,110227.488009
12250,11,2005,12,29,10,106263,109126.460328
12251,11,2005,12,29,11,104577,103511.16937799999
12252,11,2005,12,29,12,103388,99217.3679351
12253,11,2005,12,29,13,101808,98210.1292582
12254,11,2005,12,29,14,100642,98456.7698421
12255,11,2005,12,29,15,101950,101136.134027
12256,11,2005,12,29,16,108527,106219.298151
12257,11,2005,12,29,17,121288,119024.689815
12258,11,2005,12,29,18,125301,124330.291036
12259,11,2005,12,29,19,123616,122872.31251500001
12260,11,2005,12,29,20,120741,118725.185898
12261,11,2005,12,29,21,114442,113213.808843
12262,11,2005,12,29,22,106278,104330.417716
12263,11,2005,12,29,23,96900,94121.44990139999
12720,11,2005,12,30,0,89769,85316.9989812
12721,11,2005,12,30,1,86196,83128.607195
12722,11,2005,12,30,2,85562,85666.2649207
12723,11,2005,12,30,3,86883,84053.9655832
12724,11,2005,12,30,4,89637,88743.523615
12725,11,2005,12,30,5,95438,95899.15374269999
12726,11,2005,12,30,6,104588,113309.48600599999
12727,11,2005,12,30,7,110584,119312.21033199999
12728,11,2005,12,30,8,112039,114388.4137
12729,11,2005,12,30,9,110546,111758.73600799999
12730,11,2005,12,30,10,108031,110780.20996800001
12731,11,2005,12,30,11,104259,106380.494298
12732,11,2005,12,30,12,99568,103144.15404299999
12733,11,2005,12,30,13,96136,100781.444271
12734,11,2005,12,30,14,95196,101341.128428
12735,11,2005,12,30,15,96571,102654.16199400001
12736,11,2005,12,30,16,102696,107818.097556
12737,11,2005,12,30,17,119430,120608.49983199999
12738,11,2005,12,30,18,126226,129031.04415
12739,11,2005,12,30,19,126134,134604.52977999998
12740,11,2005,12,30,20,125348,136465.574213
12741,11,2005,12,30,21,122798,131012.000941
12742,11,2005,12,30,22,118024,120611.52091400001
12743,11,2005,12,30,23,110700,112378.045661
13200,11,2005,12,31,0,103657,110021.65972699999
13201,11,2005,12,31,1,99825,106941.46730599999
13202,11,2005,12,31,2,98222,103411.018237
13203,11,2005,12,31,3,98804,104147.412755
13204,11,2005,12,31,4,101017,106801.422724
13205,11,2005,12,31,5,104205,105150.523199
13206,11,2005,12,31,6,107919,112853.910472
13207,11,2005,12,31,7,112946,111204.248027
13208,11,2005,12,31,8,119500,118584.61173199999
13209,11,2005,12,31,9,123496,119543.091572
13210,11,2005,12,31,10,120588,114037.21346300001
13211,11,2005,12,31,11,116183,109083.222058
13212,11,2005,12,31,12,111689,103331.900124
13213,11,2005,12,31,13,108394,100909.984164
13214,11,2005,12,31,14,106344,97492.3781972
13215,11,2005,12,31,15,104346,100201.390277
13216,11,2005,12,31,16,108421,105035.440908
13217,11,2005,12,31,17,124559,117332.284483
13218,11,2005,12,31,18,129188,125871.70706300001
13219,11,2005,12,31,19,125628,121401.568675
13220,11,2005,12,31,20,120640,117445.73433199999
13221,11,2005,12,31,21,114657,112536.76080599999
13222,11,2005,12,31,22,109795,106389.57504299999
13223,11,2005,12,31,23,105454,101541.81984099999
13680,11,2006,2,13,0,113334,122740.396572
13681,11,2006,2,13,1,112728,123656.64359200001
13682,11,2006,2,13,2,114390,126204.49690499999
13683,11,2006,2,13,3,117352,133388.70439
13684,11,2006,2,13,4,122234,136306.157334
13685,11,2006,2,13,5,133774,155614.731666
13686,11,2006,2,13,6,155331,176192.817147
13687,11,2006,2,13,7,157176,174968.45042100002
13688,11,2006,2,13,8,143840,166910.37149000002
13689,11,2006,2,13,9,138041,152195.166569
13690,11,2006,2,13,10,130820,146225.930641
13691,11,2006,2,13,11,123455,139106.039368
13692,11,2006,2,13,12,116435,128486.031651
13693,11,2006,2,13,13,113034,125525.29685099999
13694,11,2006,2,13,14,109885,122572.36346500002
13695,11,2006,2,13,15,110022,121883.352231
13696,11,2006,2,13,16,113709,130177.47941900001
13697,11,2006,2,13,17,126769,141103.81390799998
13698,11,2006,2,13,18,143909,150129.203114
13699,11,2006,2,13,19,148243,158077.981127
13700,11,2006,2,13,20,147586,156515.213744
13701,11,2006,2,13,21,140278,145568.64436500001
13702,11,2006,2,13,22,129837,132886.14378699998
13703,11,2006,2,13,23,119118,117503.29571300001
14160,11,2006,2,14,0,112793,109681.609842
14161,11,2006,2,14,1,110648,107716.061597
14162,11,2006,2,14,2,110833,112348.102252
14163,11,2006,2,14,3,112700,112978.80812100001
14164,11,2006,2,14,4,117862,116120.159249
14165,11,2006,2,14,5,129306,136871.791716
14166,11,2006,2,14,6,152189,160322.21144100002
14167,11,2006,2,14,7,157947,166492.23071600002
14168,11,2006,2,14,8,141596,150534.446365
14169,11,2006,2,14,9,127836,137372.347463
14170,11,2006,2,14,10,118162,124756.551203
14171,11,2006,2,14,11,109835,117144.827566
14172,11,2006,2,14,12,104292,111332.513131
14173,11,2006,2,14,13,100120,108700.833268
14174,11,2006,2,14,14,97680,105038.880813
14175,11,2006,2,14,15,97882,104783.298576
14176,11,2006,2,14,16,101715,110099.354073
14177,11,2006,2,14,17,112801,124711.636218
14178,11,2006,2,14,18,127383,133205.833231
14179,11,2006,2,14,19,129913,135270.737597
14180,11,2006,2,14,20,127842,133034.796583
14181,11,2006,2,14,21,122525,127581.673244
14182,11,2006,2,14,22,112902,121234.38118699999
14183,11,2006,2,14,23,103988,110833.987028
14640,11,2006,2,15,0,98349,98457.3965144
14641,11,2006,2,15,1,96657,96418.3789117
14642,11,2006,2,15,2,97031,93790.699296
14643,11,2006,2,15,3,98380,91990.18621810002
14644,11,2006,2,15,4,102057,95074.6924888
14645,11,2006,2,15,5,111813,104288.44360700001
14646,11,2006,2,15,6,133007,128445.875596
14647,11,2006,2,15,7,138548,141493.52051099998
14648,11,2006,2,15,8,124294,127662.26691800001
14649,11,2006,2,15,9,112080,113881.289203
14650,11,2006,2,15,10,104597,106726.939612
14651,11,2006,2,15,11,97319,101490.628089
14652,11,2006,2,15,12,91490,93341.32092310001
14653,11,2006,2,15,13,89159,89883.5170655
14654,11,2006,2,15,14,86889,91934.22128330001
14655,11,2006,2,15,15,86758,92889.96984630001
14656,11,2006,2,15,16,87999,98594.267815
14657,11,2006,2,15,17,97519,106997.864153
14658,11,2006,2,15,18,112006,116360.490678
14659,11,2006,2,15,19,115020,122011.948544
14660,11,2006,2,15,20,112694,119252.12751500001
14661,11,2006,2,15,21,108052,112284.061776
14662,11,2006,2,15,22,99405,103338.32858
14663,11,2006,2,15,23,90754,91730.81879430001
15120,11,2006,2,16,0,85879,84310.0201126
15121,11,2006,2,16,1,85065,83627.81748350001
15122,11,2006,2,16,2,86018,84462.1146872
15123,11,2006,2,16,3,87432,86316.621354
15124,11,2006,2,16,4,91276,89296.5015117
15125,11,2006,2,16,5,101121,98344.71771910001
15126,11,2006,2,16,6,121768,113933.88243099999
15127,11,2006,2,16,7,127373,123345.781001
15128,11,2006,2,16,8,115009,113360.95736300001
15129,11,2006,2,16,9,104423,103986.311278
15130,11,2006,2,16,10,94073,101241.400447
15131,11,2006,2,16,11,91262,97002.5182527
15132,11,2006,2,16,12,86840,88325.4234901
15133,11,2006,2,16,13,85346,86499.50222869999
15134,11,2006,2,16,14,82580,89320.2990212
15135,11,2006,2,16,15,82318,90090.33387239999
15136,11,2006,2,16,16,83590,95331.3138772
15137,11,2006,2,16,17,91782,104512.061942
15138,11,2006,2,16,18,105550,112375.62319500001
15139,11,2006,2,16,19,108468,112394.27078499999
15140,11,2006,2,16,20,106052,110839.811339
15141,11,2006,2,16,21,100033,104004.439444
15142,11,2006,2,16,22,90756,95116.549383
15143,11,2006,2,16,23,80843,83159.39844939999
15600,11,2006,2,17,0,74048,72534.5481545
15601,11,2006,2,17,1,71059,69257.5393443
15602,11,2006,2,17,2,70337,67603.216107
15603,11,2006,2,17,3,71400,67779.90778180001
15604,11,2006,2,17,4,73708,69589.0519987
15605,11,2006,2,17,5,81525,77393.7528489
15606,11,2006,2,17,6,100268,93920.03621889999
15607,11,2006,2,17,7,107588,102257.852437
15608,11,2006,2,17,8,102853,98565.9673954
15609,11,2006,2,17,9,99240,96895.899069
15610,11,2006,2,17,10,94661,93993.6050802
15611,11,2006,2,17,11,90578,92808.9046304
15612,11,2006,2,17,12,86609,88891.76240349999
15613,11,2006,2,17,13,84913,88549.7523911
15614,11,2006,2,17,14,84589,90138.32686639999
15615,11,2006,2,17,15,85671,95107.1215267
15616,11,2006,2,17,16,89486,102463.770663
15617,11,2006,2,17,17,99683,115443.43890499999
15618,11,2006,2,17,18,112348,123531.59785
15619,11,2006,2,17,19,113788,124938.017569
15620,11,2006,2,17,20,113119,122307.635056
15621,11,2006,2,17,21,110884,116828.82443800001
15622,11,2006,2,17,22,107303,109655.39278099999
15623,11,2006,2,17,23,100826,102937.329511
16080,11,2006,2,18,0,95820,99324.632172
16081,11,2006,2,18,1,93954,98146.4528008
16082,11,2006,2,18,2,93500,97144.33091189999
16083,11,2006,2,18,3,94247,99981.31765619999
16084,11,2006,2,18,4,96492,102497.683932
16085,11,2006,2,18,5,100917,108250.85671300002
16086,11,2006,2,18,6,107918,116147.32348299999
16087,11,2006,2,18,7,116611,121316.79643
16088,11,2006,2,18,8,125124,128090.42438
16089,11,2006,2,18,9,128506,132419.748945
16090,11,2006,2,18,10,127696,129428.764695
16091,11,2006,2,18,11,127240,126615.526618
16092,11,2006,2,18,12,126387,128148.26856099999
16093,11,2006,2,18,13,124790,125724.452958
16094,11,2006,2,18,14,123928,126662.446581
16095,11,2006,2,18,15,123560,124298.22523800001
16096,11,2006,2,18,16,123270,129457.343084
16097,11,2006,2,18,17,129756,138250.105252
16098,11,2006,2,18,18,141293,147137.18709000002
16099,11,2006,2,18,19,145123,149232.089177
16100,11,2006,2,18,20,146128,147566.21548699998
16101,11,2006,2,18,21,144565,150353.441616
16102,11,2006,2,18,22,142211,147668.311524
16103,11,2006,2,18,23,139429,145067.88480899998
16560,11,2006,2,19,0,136818,146629.956547
16561,11,2006,2,19,1,136418,148098.996434
16562,11,2006,2,19,2,137438,153484.68636199998
16563,11,2006,2,19,3,139478,150394.327576
16564,11,2006,2,19,4,142372,159412.394274
16565,11,2006,2,19,5,147094,162291.34238800002
16566,11,2006,2,19,6,153784,176755.149776
16567,11,2006,2,19,7,160381,179153.521794
16568,11,2006,2,19,8,164713,178232.721753
16569,11,2006,2,19,9,161435,176613.972541
16570,11,2006,2,19,10,152722,168928.010718
16571,11,2006,2,19,11,142660,167354.563903
16572,11,2006,2,19,12,134146,158072.39446500002
16573,11,2006,2,19,13,126204,149367.87218
16574,11,2006,2,19,14,119755,139722.871532
16575,11,2006,2,19,15,117149,142561.462096
16576,11,2006,2,19,16,119099,147426.57819
16577,11,2006,2,19,17,130244,159011.00261
16578,11,2006,2,19,18,146115,167443.869721
16579,11,2006,2,19,19,152295,166532.49136400002
16580,11,2006,2,19,20,149997,168492.275951
16581,11,2006,2,19,21,144737,163250.110496
16582,11,2006,2,19,22,136315,157360.703039
16583,11,2006,2,19,23,127206,141869.386331
17040,11,2006,5,25,0,64139,65159.909770700004
17041,11,2006,5,25,1,60674,62013.7527674
17042,11,2006,5,25,2,59081,60252.4539724
17043,11,2006,5,25,3,58700,61108.959811500004
17044,11,2006,5,25,4,60560,62506.554266
17045,11,2006,5,25,5,66989,70211.99258739999
17046,11,2006,5,25,6,82804,85265.07024470001
17047,11,2006,5,25,7,91708,93434.27854069999
17048,11,2006,5,25,8,89054,91777.2331283
17049,11,2006,5,25,9,87669,91581.3711889
17050,11,2006,5,25,10,87338,92608.56930850001
17051,11,2006,5,25,11,86970,92242.0160911
17052,11,2006,5,25,12,85740,92643.55995010001
17053,11,2006,5,25,13,86378,89631.4762841
17054,11,2006,5,25,14,84739,86384.3366423
17055,11,2006,5,25,15,84997,86401.9528826
17056,11,2006,5,25,16,85800,89083.3780403
17057,11,2006,5,25,17,88942,93151.7495377
17058,11,2006,5,25,18,92766,98821.3900121
17059,11,2006,5,25,19,92857,103451.711176
17060,11,2006,5,25,20,93867,108832.297699
17061,11,2006,5,25,21,98812,105541.577708
17062,11,2006,5,25,22,89886,91532.4709285
17063,11,2006,5,25,23,77375,78529.7930953
17520,11,2006,5,26,0,68672,68554.8297028
17521,11,2006,5,26,1,63890,64999.547671500004
17522,11,2006,5,26,2,62483,65604.47688680001
17523,11,2006,5,26,3,62891,66948.23205680001
17524,11,2006,5,26,4,64526,69300.4897885
17525,11,2006,5,26,5,70371,74835.37717539999
17526,11,2006,5,26,6,85482,87110.0038025
17527,11,2006,5,26,7,95720,95045.70782150001
17528,11,2006,5,26,8,96759,98619.32625479999
17529,11,2006,5,26,9,98318,99032.1784944
17530,11,2006,5,26,10,99515,98275.91865189999
17531,11,2006,5,26,11,100388,100783.26787000001
17532,11,2006,5,26,12,101999,105099.886275
17533,11,2006,5,26,13,103003,103229.525717
17534,11,2006,5,26,14,105401,105619.878992
17535,11,2006,5,26,15,108239,109058.88336600001
17536,11,2006,5,26,16,104949,117570.593572
17537,11,2006,5,26,17,108360,114313.387417
17538,11,2006,5,26,18,107840,111351.32644
17539,11,2006,5,26,19,111605,100458.367617
17540,11,2006,5,26,20,104316,114758.32257
17541,11,2006,5,26,21,108261,109399.232102
17542,11,2006,5,26,22,101668,97823.9309012
17543,11,2006,5,26,23,90636,83864.2051528
18000,11,2006,5,27,0,80526,76600.2660481
18001,11,2006,5,27,1,74077,71637.2961278
18002,11,2006,5,27,2,69943,68887.21775299999
18003,11,2006,5,27,3,67728,67683.21295090001
18004,11,2006,5,27,4,66871,65087.331667900005
18005,11,2006,5,27,5,67901,67163.60232009999
18006,11,2006,5,27,6,71287,71127.96423010001
18007,11,2006,5,27,7,81541,79465.2252678
18008,11,2006,5,27,8,95171,93354.10543230001
18009,11,2006,5,27,9,105049,102744.655746
18010,11,2006,5,27,10,109996,107104.124874
18011,11,2006,5,27,11,112558,107546.152428
18012,11,2006,5,27,12,112410,104042.157863
18013,11,2006,5,27,13,112069,102149.426413
18014,11,2006,5,27,14,113051,106072.923869
18015,11,2006,5,27,15,116626,110492.26677100001
18016,11,2006,5,27,16,113849,106217.862092
18017,11,2006,5,27,17,115072,114279.779297
18018,11,2006,5,27,18,118830,119914.51899200001
18019,11,2006,5,27,19,117278,119210.08168599999
18020,11,2006,5,27,20,116911,115749.660609
18021,11,2006,5,27,21,113027,107348.38355700001
18022,11,2006,5,27,22,103657,93415.6497338
18023,11,2006,5,27,23,92493,87177.3201252
18480,11,2006,5,28,0,80322,80704.327917
18481,11,2006,5,28,1,72866,73540.1941273
18482,11,2006,5,28,2,68620,70682.3723932
18483,11,2006,5,28,3,65434,66108.8629969
18484,11,2006,5,28,4,63364,63798.328017499996
18485,11,2006,5,28,5,62568,64752.5660033
18486,11,2006,5,28,6,65513,67969.050827
18487,11,2006,5,28,7,76534,78449.0087849
18488,11,2006,5,28,8,92691,91999.49895539999
18489,11,2006,5,28,9,105454,99517.9917708
18490,11,2006,5,28,10,112952,105021.98834400001
18491,11,2006,5,28,11,117093,105179.836674
18492,11,2006,5,28,12,119906,109390.58840699999
18493,11,2006,5,28,13,122200,104739.672399
18494,11,2006,5,28,14,123582,109101.263297
18495,11,2006,5,28,15,126076,110494.14340999999
18496,11,2006,5,28,16,121340,109229.20601
18497,11,2006,5,28,17,122319,114280.147767
18498,11,2006,5,28,18,124353,116286.814039
18499,11,2006,5,28,19,120277,112679.218494
18500,11,2006,5,28,20,116542,100732.709436
18501,11,2006,5,28,21,113830,94046.01545489999
18502,11,2006,5,28,22,101487,82753.6015743
18503,11,2006,5,28,23,87620,71970.7399796
18960,11,2006,5,29,0,75959,66273.6611161
18961,11,2006,5,29,1,68300,62861.86988990001
18962,11,2006,5,29,2,63828,60870.2488478
18963,11,2006,5,29,3,61496,60656.82326900001
18964,11,2006,5,29,4,60575,62187.6579268
18965,11,2006,5,29,5,61319,69434.1602531
18966,11,2006,5,29,6,64066,85284.14381639998
18967,11,2006,5,29,7,71802,93445.8875363
18968,11,2006,5,29,8,85452,92125.43712789999
18969,11,2006,5,29,9,100995,95462.7125657
18970,11,2006,5,29,10,112655,101301.48383099999
18971,11,2006,5,29,11,119978,106612.472059
18972,11,2006,5,29,12,124860,105095.793561
18973,11,2006,5,29,13,127811,113019.824901
18974,11,2006,5,29,14,130762,119623.560345
18975,11,2006,5,29,15,133942,114725.607054
18976,11,2006,5,29,16,130492,117563.463271
18977,11,2006,5,29,17,132473,123599.773101
18978,11,2006,5,29,18,130850,122987.00534300001
18979,11,2006,5,29,19,132977,121949.72265499999
18980,11,2006,5,29,20,130492,130804.924007
18981,11,2006,5,29,21,126059,121711.19798599998
18982,11,2006,5,29,22,109093,99742.6173756
18983,11,2006,5,29,23,91636,85531.408893
19440,11,2006,5,30,0,78810,72019.2210979
19441,11,2006,5,30,1,72191,68313.6714846
19442,11,2006,5,30,2,68118,65614.98267130001
19443,11,2006,5,30,3,66286,64640.806944
19444,11,2006,5,30,4,67092,65830.4213419
19445,11,2006,5,30,5,73152,73752.5982543
19446,11,2006,5,30,6,88864,87111.7179001
19447,11,2006,5,30,7,101616,95039.54278029999
19448,11,2006,5,30,8,105788,99862.02208380001
19449,11,2006,5,30,9,112395,105286.21276000001
19450,11,2006,5,30,10,120420,108632.914445
19451,11,2006,5,30,11,129318,115997.606181
19452,11,2006,5,30,12,137590,123343.65221500001
19453,11,2006,5,30,13,146748,128072.718422
19454,11,2006,5,30,14,152248,133195.398937
19455,11,2006,5,30,15,148155,135010.89606300002
19456,11,2006,5,30,16,149817,134892.20226700002
19457,11,2006,5,30,17,150925,134239.700957
19458,11,2006,5,30,18,158182,133432.835693
19459,11,2006,5,30,19,154311,124993.47510699999
19460,11,2006,5,30,20,149004,114770.873702
19461,11,2006,5,30,21,141200,109411.39798299999
19462,11,2006,5,30,22,121984,94414.10635850001
19463,11,2006,5,30,23,102596,80944.64304889999
19920,11,2006,5,31,0,89030,69591.8107243
19921,11,2006,5,31,1,81072,65015.28725780001
19922,11,2006,5,31,2,75850,62657.5534156
19923,11,2006,5,31,3,73369,62097.7253306
19924,11,2006,5,31,4,73401,63462.7547918
19925,11,2006,5,31,5,78021,71214.2898118
19926,11,2006,5,31,6,93348,85273.489278
19927,11,2006,5,31,7,102373,92902.938893
19928,11,2006,5,31,8,101040,92450.4437199
19929,11,2006,5,31,9,102614,92839.88347789999
19930,11,2006,5,31,10,108361,94572.750526
19931,11,2006,5,31,11,115194,102613.68647
19932,11,2006,5,31,12,122656,107343.493252
19933,11,2006,5,31,13,131364,110375.45659100001
19934,11,2006,5,31,14,138356,113617.69902999999
19935,11,2006,5,31,15,143290,114715.83278499999
19936,11,2006,5,31,16,147769,117558.70973699998
19937,11,2006,5,31,17,150062,120353.822806
19938,11,2006,5,31,18,148849,119835.19528399999
19939,11,2006,5,31,19,141752,116364.187174
19940,11,2006,5,31,20,138503,119496.46042799999
19941,11,2006,5,31,21,134348,116336.492804
19942,11,2006,5,31,22,118023,99744.92805760002
19943,11,2006,5,31,23,100688,85534.60934760001
20400,11,2006,8,2,0,147111,142272.356975
20401,11,2006,8,2,1,136279,134713.92683399998
20402,11,2006,8,2,2,128875,129216.11056900001
20403,11,2006,8,2,3,123714,118494.67344000001
20404,11,2006,8,2,4,122036,117936.01130499999
20405,11,2006,8,2,5,124327,121711.667793
20406,11,2006,8,2,6,133162,129556.891721
20407,11,2006,8,2,7,145213,136367.767593
20408,11,2006,8,2,8,157266,161770.719863
20409,11,2006,8,2,9,173345,173415.19434400002
20410,11,2006,8,2,10,190512,190323.64304300002
20411,11,2006,8,2,11,204456,198217.38835599998
20412,11,2006,8,2,12,214205,221882.117852
20413,11,2006,8,2,13,221606,222428.12519499997
20414,11,2006,8,2,14,214514,229415.199238
20415,11,2006,8,2,15,217641,226780.584196
20416,11,2006,8,2,16,219147,221734.64479000002
20417,11,2006,8,2,17,221750,218737.89660300003
20418,11,2006,8,2,18,228019,193576.398778
20419,11,2006,8,2,19,224188,209012.322372
20420,11,2006,8,2,20,215349,193290.03097
20421,11,2006,8,2,21,205675,187378.834535
20422,11,2006,8,2,22,186609,174088.303855
20423,11,2006,8,2,23,167357,158203.900117
20880,11,2006,8,3,0,151033,142298.25848
20881,11,2006,8,3,1,139927,129766.341705
20882,11,2006,8,3,2,132921,124421.187374
20883,11,2006,8,3,3,129084,123231.908453
20884,11,2006,8,3,4,127451,127253.24824100001
20885,11,2006,8,3,5,129113,121733.93073800001
20886,11,2006,8,3,6,136183,138619.606765
20887,11,2006,8,3,7,148362,136384.543358
20888,11,2006,8,3,8,162213,161790.259102
20889,11,2006,8,3,9,179095,178742.03299100001
20890,11,2006,8,3,10,193350,196426.34176500002
20891,11,2006,8,3,11,205991,204486.402675
20892,11,2006,8,3,12,217255,229175.03647399996
20893,11,2006,8,3,13,223547,222447.43058299998
20894,11,2006,8,3,14,216004,222898.563558
20895,11,2006,8,3,15,220251,226809.725352
20896,11,2006,8,3,16,222093,226995.7588
20897,11,2006,8,3,17,223888,224028.60233000002
20898,11,2006,8,3,18,228454,224484.402339
20899,11,2006,8,3,19,225587,222132.748915
20900,11,2006,8,3,20,216949,204514.010905
20901,11,2006,8,3,21,207608,204128.169195
20902,11,2006,8,3,22,189515,174105.78962999998
20903,11,2006,8,3,23,169771,153593.18101600002
21360,11,2006,8,4,0,152871,137315.06057
21361,11,2006,8,4,1,141977,129788.46225899999
21362,11,2006,8,4,2,134170,129264.714221
21363,11,2006,8,4,3,128258,118539.67952
21364,11,2006,8,4,4,125034,105406.503105
21365,11,2006,8,4,5,127590,105921.435996
21366,11,2006,8,4,6,132485,121347.66459100001
21367,11,2006,8,4,7,144388,144135.748816
21368,11,2006,8,4,8,158478,166694.73303
21369,11,2006,8,4,9,172022,173450.661825
21370,11,2006,8,4,10,185052,190357.022092
21371,11,2006,8,4,11,194984,198248.730972
21372,11,2006,8,4,12,203931,201256.915747
21373,11,2006,8,4,13,209926,202458.41608199998
21374,11,2006,8,4,14,213129,204103.48975
21375,11,2006,8,4,15,215772,198650.245716
21376,11,2006,8,4,16,216833,201384.940477
21377,11,2006,8,4,17,215357,198388.497733
21378,11,2006,8,4,18,207089,193621.709904
21379,11,2006,8,4,19,197177,190594.617229
21380,11,2006,8,4,20,188419,182595.63769200002
21381,11,2006,8,4,21,180267,171913.77526700002
21382,11,2006,8,4,22,162597,151493.893921
21383,11,2006,8,4,23,143441,128136.20618800001
21840,11,2006,8,5,0,127601,108643.04079300001
21841,11,2006,8,5,1,115161,97599.4233904
21842,11,2006,8,5,2,107285,90503.5951471
21843,11,2006,8,5,3,101731,82731.98849360002
21844,11,2006,8,5,4,97409,84089.1250642
21845,11,2006,8,5,5,94798,77704.13030599999
21846,11,2006,8,5,6,95255,80311.4941284
21847,11,2006,8,5,7,105509,95713.3156862
21848,11,2006,8,5,8,123803,117550.12797
21849,11,2006,8,5,9,139681,135948.322198
21850,11,2006,8,5,10,151630,147962.52786
21851,11,2006,8,5,11,160952,161128.341488
21852,11,2006,8,5,12,169155,173295.86588
21853,11,2006,8,5,13,175225,179321.790055
21854,11,2006,8,5,14,181063,180476.876177
21855,11,2006,8,5,15,186481,183653.442957
21856,11,2006,8,5,16,190676,189849.042487
21857,11,2006,8,5,17,191121,191512.596093
21858,11,2006,8,5,18,185092,190549.754415
21859,11,2006,8,5,19,172217,161205.633944
21860,11,2006,8,5,20,158413,146834.306969
21861,11,2006,8,5,21,148127,129156.44432000001
21862,11,2006,8,5,22,132295,117008.73358199999
21863,11,2006,8,5,23,115740,101509.87467599999
22320,11,2006,8,6,0,101254,95881.9178206
22321,11,2006,8,6,1,91096,80585.8190277
22322,11,2006,8,6,2,84782,77834.1689032
22323,11,2006,8,6,3,80112,80340.63332739999
22324,11,2006,8,6,4,76513,71006.3167601
22325,11,2006,8,6,5,75865,73776.2219815
22326,11,2006,8,6,6,77313,76283.05991639999
22327,11,2006,8,6,7,87518,87989.21046860001
22328,11,2006,8,6,8,106871,110449.34089
22329,11,2006,8,6,9,126738,135954.8911
22330,11,2006,8,6,10,143953,153145.37538800001
22331,11,2006,8,6,11,155814,166896.21458499998
22332,11,2006,8,6,12,166652,173295.807298
22333,11,2006,8,6,13,174010,179323.28086300002
22334,11,2006,8,6,14,179577,174569.771507
22335,11,2006,8,6,15,184946,177564.212453
22336,11,2006,8,6,16,188016,177946.45155199998
22337,11,2006,8,6,17,188323,179371.04529500002
22338,11,2006,8,6,18,182833,173815.998605
22339,11,2006,8,6,19,170854,155600.35942300002
22340,11,2006,8,6,20,160315,137336.53748499998
22341,11,2006,8,6,21,150423,129174.83636500001
22342,11,2006,8,6,22,131571,120576.981554
22343,11,2006,8,6,23,113896,104763.283194
22800,11,2006,8,7,0,99903,93253.9876584
22801,11,2006,8,7,1,91348,84065.29660189999
22802,11,2006,8,7,2,86865,86140.8855325
22803,11,2006,8,7,3,84215,84642.8311616
22804,11,2006,8,7,4,84612,88151.31828310002
22805,11,2006,8,7,5,90352,95951.7935615
22806,11,2006,8,7,6,100749,104242.590885
22807,11,2006,8,7,7,110745,108604.64333699999
22808,11,2006,8,7,8,114904,107221.805324
22809,11,2006,8,7,9,122322,115860.891301
22810,11,2006,8,7,10,136152,131046.263841
22811,11,2006,8,7,11,150150,149591.980808
22812,11,2006,8,7,12,164668,165215.165723
22813,11,2006,8,7,13,177503,172648.515987
22814,11,2006,8,7,14,186392,175452.039783
22815,11,2006,8,7,15,194161,182927.26595499998
22816,11,2006,8,7,16,201081,191573.278751
22817,11,2006,8,7,17,206019,193518.507715
22818,11,2006,8,7,18,204427,199578.314065
22819,11,2006,8,7,19,195717,196676.61447200002
22820,11,2006,8,7,20,189301,187993.792582
22821,11,2006,8,7,21,177360,167076.849879
22822,11,2006,8,7,22,152822,160325.43260899998
22823,11,2006,8,7,23,130400,120562.338166
23280,11,2006,8,8,0,111946,99783.7676124
23281,11,2006,8,8,1,102509,93109.7078378
23282,11,2006,8,8,2,98235,92386.77190660001
23283,11,2006,8,8,3,95688,94270.3034386
23284,11,2006,8,8,4,95014,94538.60836439999
23285,11,2006,8,8,5,98349,99129.49612889999
23286,11,2006,8,8,6,107989,107291.070152
23287,11,2006,8,8,7,118568,119581.82188599999
23288,11,2006,8,8,8,127971,124884.090078
23289,11,2006,8,8,9,138690,136747.60224100002
23290,11,2006,8,8,10,151455,148032.795776
23291,11,2006,8,8,11,160820,149602.511299
23292,11,2006,8,8,12,167031,154751.488481
23293,11,2006,8,8,13,172317,161941.543285
23294,11,2006,8,8,14,176806,170124.492741
23295,11,2006,8,8,15,180219,167996.189384
23296,11,2006,8,8,16,182641,172465.69765999998
23297,11,2006,8,8,17,183549,169786.18028
23298,11,2006,8,8,18,178490,166468.558667
23299,11,2006,8,8,19,165621,157923.60266
23300,11,2006,8,8,20,155707,148594.10546400002
23301,11,2006,8,8,21,145624,125394.11446900001
23302,11,2006,8,8,22,127048,131200.10297100001
23303,11,2006,8,8,23,109831,109966.42176400001
23760,11,2006,11,22,0,97359,76897.9429451
23761,11,2006,11,22,1,93604,73859.984939
23762,11,2006,11,22,2,92340,69956.7522418
23763,11,2006,11,22,3,92116,67405.9841656
23764,11,2006,11,22,4,94960,69698.74549039999
23765,11,2006,11,22,5,102589,78076.68697760001
23766,11,2006,11,22,6,116260,96219.1117374
23767,11,2006,11,22,7,126227,102903.867017
23768,11,2006,11,22,8,127452,103740.060103
23769,11,2006,11,22,9,128915,109275.7621
23770,11,2006,11,22,10,130045,104790.1832
23771,11,2006,11,22,11,128723,103042.41707000001
23772,11,2006,11,22,12,125882,103589.478071
23773,11,2006,11,22,13,126129,101290.547478
23774,11,2006,11,22,14,129633,100505.837946
23775,11,2006,11,22,15,131448,103862.907936
23776,11,2006,11,22,16,135826,108470.542295
23777,11,2006,11,22,17,138827,115792.65028699998
23778,11,2006,11,22,18,139177,130399.76095499999
23779,11,2006,11,22,19,136689,112531.18383800001
23780,11,2006,11,22,20,134643,122252.321478
23781,11,2006,11,22,21,127187,113898.34524200001
23782,11,2006,11,22,22,115967,90701.01703260001
23783,11,2006,11,22,23,105535,81318.0767009
24240,11,2006,11,23,0,97578,72703.1740847
24241,11,2006,11,23,1,92850,68533.2848141
24242,11,2006,11,23,2,89858,67504.24211
24243,11,2006,11,23,3,88562,67414.43138069999
24244,11,2006,11,23,4,88949,70922.112939
24245,11,2006,11,23,5,92552,79377.1785292
24246,11,2006,11,23,6,98334,97595.1999555
24247,11,2006,11,23,7,109108,104213.437551
24248,11,2006,11,23,8,123400,105401.6535
24249,11,2006,11,23,9,133527,113941.198246
24250,11,2006,11,23,10,139400,104805.263713
24251,11,2006,11,23,11,140490,103056.843322
24252,11,2006,11,23,12,136361,103605.516894
24253,11,2006,11,23,13,128446,103850.8198
24254,11,2006,11,23,14,122029,105991.76778400001
24255,11,2006,11,23,15,117204,109925.572503
24256,11,2006,11,23,16,115408,114844.25571199998
24257,11,2006,11,23,17,118366,121752.403193
24258,11,2006,11,23,18,117499,119721.959841
24259,11,2006,11,23,19,117403,120135.517501
24260,11,2006,11,23,20,115481,110088.607294
24261,11,2006,11,23,21,110287,100115.35543
24262,11,2006,11,23,22,102770,93282.6461578
24263,11,2006,11,23,23,94360,82604.58463119999
24720,11,2006,11,24,0,87659,73966.42074480001
24721,11,2006,11,24,1,84612,72330.9904177
24722,11,2006,11,24,2,83744,71413.8386492
24723,11,2006,11,24,3,85129,71309.2009987
24724,11,2006,11,24,4,88916,72280.50268610001
24725,11,2006,11,24,5,94271,82370.5537193
24726,11,2006,11,24,6,102859,100727.165358
24727,11,2006,11,24,7,108769,108828.88338399999
24728,11,2006,11,24,8,110981,109093.269449
24729,11,2006,11,24,9,110273,100122.614848
24730,11,2006,11,24,10,106841,96776.85354760001
24731,11,2006,11,24,11,101561,91410.82610510002
24732,11,2006,11,24,12,96935,86828.3170566
24733,11,2006,11,24,13,92808,85228.5538869
24734,11,2006,11,24,14,90313,84098.3052153
24735,11,2006,11,24,15,89624,84489.3958538
24736,11,2006,11,24,16,96111,88166.97054930001
24737,11,2006,11,24,17,113507,101418.10490399999
24738,11,2006,11,24,18,118740,113482.095479
24739,11,2006,11,24,19,118871,108771.379458
24740,11,2006,11,24,20,117516,113472.52151800001
24741,11,2006,11,24,21,114192,111642.97596
24742,11,2006,11,24,22,108805,104818.162162
24743,11,2006,11,24,23,101927,93533.9544707
25200,11,2006,11,25,0,96596,82393.1583445
25201,11,2006,11,25,1,94580,82683.33763919999
25202,11,2006,11,25,2,95067,83353.85125810001
25203,11,2006,11,25,3,97460,89586.3592387
25204,11,2006,11,25,4,102401,89456.35487160001
25205,11,2006,11,25,5,107203,92495.5835645
25206,11,2006,11,25,6,114319,100808.859141
25207,11,2006,11,25,7,122915,112332.391866
25208,11,2006,11,25,8,125539,116740.39378299999
25209,11,2006,11,25,9,121632,107723.412134
25210,11,2006,11,25,10,114131,101223.11928099999
25211,11,2006,11,25,11,106494,94143.7261347
25212,11,2006,11,25,12,99964,87752.0729762
25213,11,2006,11,25,13,94546,84765.0608138
25214,11,2006,11,25,14,90136,83047.47546619999
25215,11,2006,11,25,15,89488,83802.54382260001
25216,11,2006,11,25,16,96389,88195.691591
25217,11,2006,11,25,17,112388,101578.16591699999
25218,11,2006,11,25,18,116616,109219.670577
25219,11,2006,11,25,19,116101,109601.04641400001
25220,11,2006,11,25,20,115065,108246.81523900002
25221,11,2006,11,25,21,111198,103062.866602
25222,11,2006,11,25,22,105466,93243.7934033
25223,11,2006,11,25,23,99656,88661.8871557
25680,11,2006,11,26,0,94797,89563.5309367
25681,11,2006,11,26,1,92889,90359.4816808
25682,11,2006,11,26,2,93488,88725.5412717
25683,11,2006,11,26,3,95227,86887.47772919999
25684,11,2006,11,26,4,98761,95461.93619960001
25685,11,2006,11,26,5,103745,98516.4281151
25686,11,2006,11,26,6,110736,107297.347526
25687,11,2006,11,26,7,121001,112342.08263399999
25688,11,2006,11,26,8,125836,125126.859903
25689,11,2006,11,26,9,120186,119499.339265
25690,11,2006,11,26,10,110748,103003.049653
25691,11,2006,11,26,11,103569,96983.5301472
25692,11,2006,11,26,12,98158,88457.04234389999
25693,11,2006,11,26,13,93617,84773.8101072
25694,11,2006,11,26,14,91044,82450.40636339999
25695,11,2006,11,26,15,90459,82752.7729845
25696,11,2006,11,26,16,98455,85214.8160548
25697,11,2006,11,26,17,115808,97479.0976425
25698,11,2006,11,26,18,120516,101196.38984
25699,11,2006,11,26,19,119982,104276.34272100001
25700,11,2006,11,26,20,116825,104263.888739
25701,11,2006,11,26,21,108416,98738.0560215
25702,11,2006,11,26,22,98674,91235.49750889999
25703,11,2006,11,26,23,90396,84161.83980460001
26160,11,2006,11,27,0,85418,86888.3546841
26161,11,2006,11,27,1,84913,83773.75764139999
26162,11,2006,11,27,2,86425,85418.27270880001
26163,11,2006,11,27,3,89763,90302.03554419999
26164,11,2006,11,27,4,94932,90524.8240717
26165,11,2006,11,27,5,105604,99698.15840239999
26166,11,2006,11,27,6,122619,121245.92128099999
26167,11,2006,11,27,7,131165,118888.496701
26168,11,2006,11,27,8,128169,118012.372704
26169,11,2006,11,27,9,119541,114007.20249000001
26170,11,2006,11,27,10,112249,102964.349328
26171,11,2006,11,27,11,107776,99244.5985353
26172,11,2006,11,27,12,102110,93648.26824
26173,11,2006,11,27,13,98866,91430.35271519999
26174,11,2006,11,27,14,96902,87559.7501732
26175,11,2006,11,27,15,95951,86837.32216849999
26176,11,2006,11,27,16,105274,91708.7318997
26177,11,2006,11,27,17,124360,106395.276825
26178,11,2006,11,27,18,130735,107537.28468299999
26179,11,2006,11,27,19,130422,114220.864193
26180,11,2006,11,27,20,126250,108721.28374700001
26181,11,2006,11,27,21,118965,104131.625556
26182,11,2006,11,27,22,108083,98374.219373
26183,11,2006,11,27,23,97985,89308.55752110001
26640,11,2006,11,28,0,91415,82478.80629610001
26641,11,2006,11,28,1,90153,81525.3008533
26642,11,2006,11,28,2,90766,78601.71220529999
26643,11,2006,11,28,3,92375,82771.07989119999
26644,11,2006,11,28,4,96594,87971.8606464
26645,11,2006,11,28,5,106802,97079.5898615
26646,11,2006,11,28,6,122930,118464.37720599999
26647,11,2006,11,28,7,131598,123735.553924
26648,11,2006,11,28,8,127746,120564.39971099999
26649,11,2006,11,28,9,115736,107244.614563
26650,11,2006,11,28,10,104412,98145.2680024
26651,11,2006,11,28,11,98931,90115.8242016
26652,11,2006,11,28,12,94278,86474.38950830001
26653,11,2006,11,28,13,91029,85580.2948838
26654,11,2006,11,28,14,90144,84902.0909825
26655,11,2006,11,28,15,90897,85021.15836239999
26656,11,2006,11,28,16,98302,88145.0060118
26657,11,2006,11,28,17,117273,101456.09469299999
26658,11,2006,11,28,18,124675,104821.948742
26659,11,2006,11,28,19,124488,108816.95347000001
26660,11,2006,11,28,20,120720,107481.584254
26661,11,2006,11,28,21,112647,100173.664845
26662,11,2006,11,28,22,101167,88818.29715269999
26663,11,2006,11,28,23,90038,79283.104351
