,Unnamed: 0,zone,year,month,day,hour,actual,predicted_NN
0,0,15,2005,3,6,0,74218,60313.796875
1,1,15,2005,3,6,1,73397,59727.828125
2,2,15,2005,3,6,2,73522,56914.9765625
3,3,15,2005,3,6,3,74331,59256.71484375
4,4,15,2005,3,6,4,75470,60340.4140625
5,5,15,2005,3,6,5,70692,58889.67578125
6,6,15,2005,3,6,6,74068,62167.99609375
7,7,15,2005,3,6,7,78703,70412.2265625
8,8,15,2005,3,6,8,77967,69127.0
9,9,15,2005,3,6,9,70966,74675.5625
10,10,15,2005,3,6,10,62456,64578.53515625
11,11,15,2005,3,6,11,56714,55781.76171875
12,12,15,2005,3,6,12,53459,54854.9140625
13,13,15,2005,3,6,13,50595,53188.76171875
14,14,15,2005,3,6,14,47547,51518.05859375
15,15,15,2005,3,6,15,45820,49792.23046875
16,16,15,2005,3,6,16,46458,47724.11328125
17,17,15,2005,3,6,17,48684,49565.7890625
18,18,15,2005,3,6,18,55682,54404.23046875
19,19,15,2005,3,6,19,60486,57889.4140625
20,20,15,2005,3,6,20,60779,56346.16015625
21,21,15,2005,3,6,21,58693,54320.75
22,22,15,2005,3,6,22,60213,51428.88671875
23,23,15,2005,3,6,23,55871,51000.640625
24,24,15,2005,3,7,0,53084,51534.98828125
25,25,15,2005,3,7,1,52250,43897.95703125
26,26,15,2005,3,7,2,53122,43819.9140625
27,27,15,2005,3,7,3,54875,44880.2421875
28,28,15,2005,3,7,4,58508,46808.71484375
29,29,15,2005,3,7,5,60365,53184.90625
30,30,15,2005,3,7,6,71827,60763.81640625
31,31,15,2005,3,7,7,72257,62453.66796875
32,32,15,2005,3,7,8,65054,57180.13671875
33,33,15,2005,3,7,9,58896,60441.21484375
34,34,15,2005,3,7,10,53644,57453.2890625
35,35,15,2005,3,7,11,50832,53120.66796875
36,36,15,2005,3,7,12,48106,51991.36328125
37,37,15,2005,3,7,13,47985,49400.6015625
38,38,15,2005,3,7,14,46701,52870.5546875
39,39,15,2005,3,7,15,46345,52824.56640625
40,40,15,2005,3,7,16,46874,52247.80078125
41,41,15,2005,3,7,17,48610,52937.9140625
42,42,15,2005,3,7,18,55109,49505.13671875
43,43,15,2005,3,7,19,57775,52257.32421875
44,44,15,2005,3,7,20,56656,60300.1015625
45,45,15,2005,3,7,21,53324,57769.58203125
46,46,15,2005,3,7,22,52508,52911.77734375
47,47,15,2005,3,7,23,47482,47897.14453125
48,48,15,2005,3,8,0,44217,44925.8671875
49,49,15,2005,3,8,1,43085,44046.14453125
50,50,15,2005,3,8,2,42767,46835.4921875
51,51,15,2005,3,8,3,43338,42858.83203125
52,52,15,2005,3,8,4,45728,44972.75390625
53,53,15,2005,3,8,5,46883,50908.78125
54,54,15,2005,3,8,6,57980,55478.65625
55,55,15,2005,3,8,7,61061,59942.171875
56,56,15,2005,3,8,8,58849,55037.6015625
57,57,15,2005,3,8,9,59308,58049.02734375
58,58,15,2005,3,8,10,61831,62872.25
59,59,15,2005,3,8,11,62939,57923.8046875
60,60,15,2005,3,8,12,61361,69835.5859375
61,61,15,2005,3,8,13,60901,70423.1484375
62,62,15,2005,3,8,14,60042,55164.54296875
63,63,15,2005,3,8,15,59747,54441.92578125
64,64,15,2005,3,8,16,61721,56492.9296875
65,65,15,2005,3,8,17,66506,61641.46484375
66,66,15,2005,3,8,18,77203,69751.765625
67,67,15,2005,3,8,19,82309,73680.453125
68,68,15,2005,3,8,20,82524,76165.3984375
69,69,15,2005,3,8,21,80378,71676.375
70,70,15,2005,3,8,22,83206,74352.6015625
71,71,15,2005,3,8,23,77149,69711.5
72,72,15,2005,3,9,0,74646,67196.0
73,73,15,2005,3,9,1,75758,67378.578125
74,74,15,2005,3,9,2,76159,67773.421875
75,75,15,2005,3,9,3,76599,70180.8203125
76,76,15,2005,3,9,4,78910,73570.9296875
77,77,15,2005,3,9,5,78107,81476.8828125
78,78,15,2005,3,9,6,86659,83199.890625
79,79,15,2005,3,9,7,86147,82949.578125
80,80,15,2005,3,9,8,82188,77646.390625
81,81,15,2005,3,9,9,74430,75886.0859375
82,82,15,2005,3,9,10,70062,64567.265625
83,83,15,2005,3,9,11,65569,60033.234375
84,84,15,2005,3,9,12,61696,59905.1015625
85,85,15,2005,3,9,13,58401,53588.69140625
86,86,15,2005,3,9,14,56512,51372.76171875
87,87,15,2005,3,9,15,56562,50834.87109375
88,88,15,2005,3,9,16,57605,52451.72265625
89,89,15,2005,3,9,17,60570,57105.47265625
90,90,15,2005,3,9,18,70380,67000.6875
91,91,15,2005,3,9,19,76421,71854.078125
92,92,15,2005,3,9,20,77422,72831.75
93,93,15,2005,3,9,21,75875,71260.375
94,94,15,2005,3,9,22,78772,74356.625
95,95,15,2005,3,9,23,73363,69710.0859375
96,96,15,2005,3,10,0,70016,67204.1875
97,97,15,2005,3,10,1,70055,67392.4609375
98,98,15,2005,3,10,2,70947,67783.0078125
99,99,15,2005,3,10,3,72565,70188.71875
100,100,15,2005,3,10,4,76589,73582.9140625
101,101,15,2005,3,10,5,77483,81482.6640625
102,102,15,2005,3,10,6,88788,83201.8984375
103,103,15,2005,3,10,7,88064,82941.71875
104,104,15,2005,3,10,8,78468,83976.109375
105,105,15,2005,3,10,9,69475,67592.3671875
106,106,15,2005,3,10,10,64693,61595.58984375
107,107,15,2005,3,10,11,60769,55836.26953125
108,108,15,2005,3,10,12,56223,52273.53125
109,109,15,2005,3,10,13,54462,49441.2890625
110,110,15,2005,3,10,14,52312,47991.23828125
111,111,15,2005,3,10,15,52903,53956.0
112,112,15,2005,3,10,16,53666,50473.96484375
113,113,15,2005,3,10,17,57514,55342.4296875
114,114,15,2005,3,10,18,65968,66357.03125
115,115,15,2005,3,10,19,72207,62305.82421875
116,116,15,2005,3,10,20,72825,73926.484375
117,117,15,2005,3,10,21,69779,73911.359375
118,118,15,2005,3,10,22,70907,70972.3515625
119,119,15,2005,3,10,23,65978,63394.28125
120,120,15,2005,3,11,0,63169,57605.80859375
121,121,15,2005,3,11,1,62634,61212.60546875
122,122,15,2005,3,11,2,64532,61851.1796875
123,123,15,2005,3,11,3,67371,60986.44140625
124,124,15,2005,3,11,4,70750,65355.0390625
125,125,15,2005,3,11,5,70576,69238.6484375
126,126,15,2005,3,11,6,79707,78088.671875
127,127,15,2005,3,11,7,79268,72842.4609375
128,128,15,2005,3,11,8,71102,60187.2734375
129,129,15,2005,3,11,9,64445,55266.7734375
130,130,15,2005,3,11,10,59746,58905.98828125
131,131,15,2005,3,11,11,55601,57444.41015625
132,132,15,2005,3,11,12,52501,55429.01171875
133,133,15,2005,3,11,13,52129,55095.02734375
134,134,15,2005,3,11,14,51659,53340.51953125
135,135,15,2005,3,11,15,50943,54494.515625
136,136,15,2005,3,11,16,53212,55149.58203125
137,137,15,2005,3,11,17,58093,59454.86328125
138,138,15,2005,3,11,18,64328,55621.93359375
139,139,15,2005,3,11,19,66379,72031.625
140,140,15,2005,3,11,20,66127,72873.1875
141,141,15,2005,3,11,21,65386,57388.2890625
142,142,15,2005,3,11,22,71352,59200.19140625
143,143,15,2005,3,11,23,69459,55207.1328125
144,144,15,2005,3,12,0,69246,60072.09375
145,145,15,2005,3,12,1,68413,45510.02734375
146,146,15,2005,3,12,2,68034,46665.921875
147,147,15,2005,3,12,3,67949,56564.640625
148,148,15,2005,3,12,4,70215,69100.9140625
149,149,15,2005,3,12,5,66946,71864.8828125
150,150,15,2005,3,12,6,72271,69751.3671875
151,151,15,2005,3,12,7,77326,74006.953125
152,152,15,2005,3,12,8,80462,76065.96875
153,153,15,2005,3,12,9,78244,70604.7265625
154,154,15,2005,3,12,10,70857,67664.875
155,155,15,2005,3,12,11,64540,59885.796875
156,156,15,2005,3,12,12,60044,52531.234375
157,157,15,2005,3,12,13,56305,53180.70703125
158,158,15,2005,3,12,14,53263,45498.1640625
159,159,15,2005,3,12,15,50662,50058.38671875
160,160,15,2005,3,12,16,51191,51425.9375
161,161,15,2005,3,12,17,52820,49817.9140625
162,162,15,2005,3,12,18,57628,50968.8515625
163,163,15,2005,3,12,19,59745,58858.95703125
164,164,15,2005,3,12,20,58320,56262.68359375
165,165,15,2005,3,12,21,57405,54948.93359375
166,166,15,2005,3,12,22,60254,59608.23828125
167,167,15,2005,3,12,23,56984,57745.15625
168,168,15,2005,6,20,0,43782,50058.2265625
169,169,15,2005,6,20,1,42503,47431.26953125
170,170,15,2005,6,20,2,40983,46599.8984375
171,171,15,2005,6,20,3,40655,42787.703125
172,172,15,2005,6,20,4,41322,44137.73046875
173,173,15,2005,6,20,5,44303,47003.73046875
174,174,15,2005,6,20,6,49802,54760.28515625
175,175,15,2005,6,20,7,53867,57932.75390625
176,176,15,2005,6,20,8,57046,54480.28125
177,177,15,2005,6,20,9,58342,55830.640625
178,178,15,2005,6,20,10,59719,57444.33203125
179,179,15,2005,6,20,11,62068,58344.37890625
180,180,15,2005,6,20,12,62123,59118.3203125
181,181,15,2005,6,20,13,64504,59522.62890625
182,182,15,2005,6,20,14,46316,42492.09765625
183,183,15,2005,6,20,15,46236,42630.421875
184,184,15,2005,6,20,16,44836,53541.80859375
185,185,15,2005,6,20,17,44507,53205.078125
186,186,15,2005,6,20,18,62524,62269.6015625
187,187,15,2005,6,20,19,60604,57575.125
188,188,15,2005,6,20,20,59105,68053.578125
189,189,15,2005,6,20,21,61538,58164.83984375
190,190,15,2005,6,20,22,55815,55120.25
191,191,15,2005,6,20,23,47839,50045.91796875
192,192,15,2005,6,21,0,42470,44984.4375
193,193,15,2005,6,21,1,39724,42835.3046875
194,194,15,2005,6,21,2,38463,41438.02734375
195,195,15,2005,6,21,3,38136,40922.48828125
196,196,15,2005,6,21,4,39806,42097.04296875
197,197,15,2005,6,21,5,43695,45520.12109375
198,198,15,2005,6,21,6,50457,54912.546875
199,199,15,2005,6,21,7,54224,57774.84375
200,200,15,2005,6,21,8,55108,57102.48046875
201,201,15,2005,6,21,9,56204,52398.9453125
202,202,15,2005,6,21,10,58067,68970.2734375
203,203,15,2005,6,21,11,62747,68380.3359375
204,204,15,2005,6,21,12,64857,72932.703125
205,205,15,2005,6,21,13,68848,69097.75
206,206,15,2005,6,21,14,67426,74380.921875
207,207,15,2005,6,21,15,56845,64211.98828125
208,208,15,2005,6,21,16,65319,77236.4765625
209,209,15,2005,6,21,17,65158,66843.3359375
210,210,15,2005,6,21,18,75138,75059.734375
211,211,15,2005,6,21,19,72138,80545.0625
212,212,15,2005,6,21,20,69134,63342.91796875
213,213,15,2005,6,21,21,70350,69815.9609375
214,214,15,2005,6,21,22,63640,66902.640625
215,215,15,2005,6,21,23,54878,59010.33203125
216,216,15,2005,6,22,0,49010,47527.91796875
217,217,15,2005,6,22,1,45126,46344.2890625
218,218,15,2005,6,22,2,43232,46491.265625
219,219,15,2005,6,22,3,42580,46450.515625
220,220,15,2005,6,22,4,43283,47076.3671875
221,221,15,2005,6,22,5,46170,49911.58984375
222,222,15,2005,6,22,6,51149,53161.3203125
223,223,15,2005,6,22,7,56631,58268.72265625
224,224,15,2005,6,22,8,58384,63362.25
225,225,15,2005,6,22,9,63133,68306.4453125
226,226,15,2005,6,22,10,68504,78720.34375
227,227,15,2005,6,22,11,73179,61282.828125
228,228,15,2005,6,22,12,74757,64255.34765625
229,229,15,2005,6,22,13,77469,68458.546875
230,230,15,2005,6,22,14,73208,74536.8984375
231,231,15,2005,6,22,15,68673,73678.3515625
232,232,15,2005,6,22,16,71545,84773.75
233,233,15,2005,6,22,17,73730,70703.1328125
234,234,15,2005,6,22,18,84252,75086.9765625
235,235,15,2005,6,22,19,78313,80666.4765625
236,236,15,2005,6,22,20,73738,67769.5390625
237,237,15,2005,6,22,21,72924,69671.015625
238,238,15,2005,6,22,22,65678,62443.40234375
239,239,15,2005,6,22,23,56095,54579.97265625
240,240,15,2005,6,23,0,49191,49941.91796875
241,241,15,2005,6,23,1,45216,45341.25
242,242,15,2005,6,23,2,43335,46302.67578125
243,243,15,2005,6,23,3,42630,43181.13671875
244,244,15,2005,6,23,4,43132,43092.35546875
245,245,15,2005,6,23,5,45263,47197.83984375
246,246,15,2005,6,23,6,50081,50970.71484375
247,247,15,2005,6,23,7,56396,55090.68359375
248,248,15,2005,6,23,8,60221,57376.75390625
249,249,15,2005,6,23,9,62777,57837.65234375
250,250,15,2005,6,23,10,67587,57071.375
251,251,15,2005,6,23,11,72969,60275.10546875
252,252,15,2005,6,23,12,77527,69171.3671875
253,253,15,2005,6,23,13,82507,72109.6328125
254,254,15,2005,6,23,14,85901,58843.2890625
255,255,15,2005,6,23,15,75849,73676.0625
256,256,15,2005,6,23,16,76938,74151.234375
257,257,15,2005,6,23,17,85462,73598.4921875
258,258,15,2005,6,23,18,88418,83121.28125
259,259,15,2005,6,23,19,83440,91959.34375
260,260,15,2005,6,23,20,79039,68797.6640625
261,261,15,2005,6,23,21,78903,69547.2109375
262,262,15,2005,6,23,22,70218,66774.234375
263,263,15,2005,6,23,23,60156,54448.18359375
264,264,15,2005,6,24,0,52756,47189.3203125
265,265,15,2005,6,24,1,48062,43591.98046875
266,266,15,2005,6,24,2,45314,46575.83984375
267,267,15,2005,6,24,3,44253,42664.40234375
268,268,15,2005,6,24,4,44110,42519.98828125
269,269,15,2005,6,24,5,46624,47909.0859375
270,270,15,2005,6,24,6,52396,54824.85546875
271,271,15,2005,6,24,7,57214,55701.11328125
272,272,15,2005,6,24,8,59986,54161.97265625
273,273,15,2005,6,24,9,63965,63155.4765625
274,274,15,2005,6,24,10,69257,66559.671875
275,275,15,2005,6,24,11,75204,79658.8125
276,276,15,2005,6,24,12,79593,84521.34375
277,277,15,2005,6,24,13,84356,84580.5078125
278,278,15,2005,6,24,14,81592,75077.203125
279,279,15,2005,6,24,15,83356,78599.59375
280,280,15,2005,6,24,16,86434,80688.65625
281,281,15,2005,6,24,17,93932,80861.5703125
282,282,15,2005,6,24,18,91003,95931.6484375
283,283,15,2005,6,24,19,85327,84738.0625
284,284,15,2005,6,24,20,79908,81654.515625
285,285,15,2005,6,24,21,78814,64303.4140625
286,286,15,2005,6,24,22,71651,62389.5
287,287,15,2005,6,24,23,62427,54513.625
288,288,15,2005,6,25,0,54329,51079.22265625
289,289,15,2005,6,25,1,50023,44569.578125
290,290,15,2005,6,25,2,46942,46162.96484375
291,291,15,2005,6,25,3,44812,42917.046875
292,292,15,2005,6,25,4,44748,42975.27734375
293,293,15,2005,6,25,5,45668,43628.640625
294,294,15,2005,6,25,6,47473,46609.3828125
295,295,15,2005,6,25,7,52379,51648.87109375
296,296,15,2005,6,25,8,58699,61589.79296875
297,297,15,2005,6,25,9,64753,70647.6171875
298,298,15,2005,6,25,10,70034,75109.390625
299,299,15,2005,6,25,11,76060,78137.1484375
300,300,15,2005,6,25,12,81855,80812.4921875
301,301,15,2005,6,25,13,86432,84458.9765625
302,302,15,2005,6,25,14,77407,86355.7890625
303,303,15,2005,6,25,15,78982,86127.8359375
304,304,15,2005,6,25,16,78714,69511.5390625
305,305,15,2005,6,25,17,76568,89175.125
306,306,15,2005,6,25,18,86332,77840.9921875
307,307,15,2005,6,25,19,82078,79708.8046875
308,308,15,2005,6,25,20,78482,76129.2890625
309,309,15,2005,6,25,21,77637,66478.734375
310,310,15,2005,6,25,22,69924,69966.7265625
311,311,15,2005,6,25,23,61314,53949.421875
312,312,15,2005,6,26,0,55699,48089.5625
313,313,15,2005,6,26,1,51189,44896.26171875
314,314,15,2005,6,26,2,48179,49046.68359375
315,315,15,2005,6,26,3,46864,47488.3828125
316,316,15,2005,6,26,4,45955,48014.23046875
317,317,15,2005,6,26,5,46020,48117.5078125
318,318,15,2005,6,26,6,46004,47854.95703125
319,319,15,2005,6,26,7,51826,56113.5234375
320,320,15,2005,6,26,8,60399,59326.8671875
321,321,15,2005,6,26,9,67186,63384.3515625
322,322,15,2005,6,26,10,70849,68727.1015625
323,323,15,2005,6,26,11,72940,72760.875
324,324,15,2005,6,26,12,74174,77243.984375
325,325,15,2005,6,26,13,74224,79611.96875
326,326,15,2005,6,26,14,55047,79180.09375
327,327,15,2005,6,26,15,55945,77701.9140625
328,328,15,2005,6,26,16,57404,66786.109375
329,329,15,2005,6,26,17,58162,64506.75
330,330,15,2005,6,26,18,75689,77568.5078125
331,331,15,2005,6,26,19,74967,84698.359375
332,332,15,2005,6,26,20,73936,73993.9765625
333,333,15,2005,6,26,21,75583,79308.7265625
334,334,15,2005,6,26,22,69347,71247.2734375
335,335,15,2005,6,26,23,60194,64479.73046875
336,336,15,2005,9,10,0,51337,56707.04296875
337,337,15,2005,9,10,1,47548,47352.53515625
338,338,15,2005,9,10,2,45206,48431.7578125
339,339,15,2005,9,10,3,43759,47406.32421875
340,340,15,2005,9,10,4,43907,47011.7578125
341,341,15,2005,9,10,5,45010,47999.21484375
342,342,15,2005,9,10,6,48199,45733.671875
343,343,15,2005,9,10,7,50919,54140.40234375
344,344,15,2005,9,10,8,56202,60637.6875
345,345,15,2005,9,10,9,60625,66587.6875
346,346,15,2005,9,10,10,64752,76865.890625
347,347,15,2005,9,10,11,69306,76766.9765625
348,348,15,2005,9,10,12,73928,81777.3671875
349,349,15,2005,9,10,13,77709,79825.5546875
350,350,15,2005,9,10,14,76448,86750.1875
351,351,15,2005,9,10,15,75381,85063.4375
352,352,15,2005,9,10,16,76536,80661.515625
353,353,15,2005,9,10,17,78743,74647.1796875
354,354,15,2005,9,10,18,78277,82434.9453125
355,355,15,2005,9,10,19,75243,66406.8828125
356,356,15,2005,9,10,20,74900,76107.671875
357,357,15,2005,9,10,21,69739,71117.71875
358,358,15,2005,9,10,22,62639,64708.578125
359,359,15,2005,9,10,23,56001,58754.42578125
360,360,15,2005,9,11,0,49929,53126.04296875
361,361,15,2005,9,11,1,46333,49520.75390625
362,362,15,2005,9,11,2,44192,46802.9296875
363,363,15,2005,9,11,3,42587,45445.2265625
364,364,15,2005,9,11,4,41776,45501.83203125
365,365,15,2005,9,11,5,42811,45476.8125
366,366,15,2005,9,11,6,45423,46600.25
367,367,15,2005,9,11,7,49076,51009.7265625
368,368,15,2005,9,11,8,57463,58752.6953125
369,369,15,2005,9,11,9,62728,64500.46484375
370,370,15,2005,9,11,10,65134,69751.0390625
371,371,15,2005,9,11,11,67260,66377.9453125
372,372,15,2005,9,11,12,70328,75340.890625
373,373,15,2005,9,11,13,69197,79154.7734375
374,374,15,2005,9,11,14,67576,75606.0703125
375,375,15,2005,9,11,15,65544,73837.796875
376,376,15,2005,9,11,16,67329,86056.3203125
377,377,15,2005,9,11,17,70036,70142.2578125
378,378,15,2005,9,11,18,75099,77008.34375
379,379,15,2005,9,11,19,73691,75448.3828125
380,380,15,2005,9,11,20,75154,55483.1171875
381,381,15,2005,9,11,21,68172,70734.3125
382,382,15,2005,9,11,22,59627,57858.28125
383,383,15,2005,9,11,23,52150,53270.3515625
384,384,15,2005,9,12,0,46821,51767.23046875
385,385,15,2005,9,12,1,43424,45587.21875
386,386,15,2005,9,12,2,41982,45073.04296875
387,387,15,2005,9,12,3,41014,43801.8515625
388,388,15,2005,9,12,4,42241,48991.8203125
389,389,15,2005,9,12,5,46958,47447.0
390,390,15,2005,9,12,6,56936,58501.0
391,391,15,2005,9,12,7,58882,61227.796875
392,392,15,2005,9,12,8,58570,59410.35546875
393,393,15,2005,9,12,9,59687,55201.2109375
394,394,15,2005,9,12,10,61119,61496.0078125
395,395,15,2005,9,12,11,63160,66590.71875
396,396,15,2005,9,12,12,67016,65189.41015625
397,397,15,2005,9,12,13,72688,68205.2265625
398,398,15,2005,9,12,14,69633,68931.46875
399,399,15,2005,9,12,15,69115,65371.328125
400,400,15,2005,9,12,16,72577,68087.28125
401,401,15,2005,9,12,17,81992,84076.09375
402,402,15,2005,9,12,18,83391,90863.9921875
403,403,15,2005,9,12,19,81317,75808.1796875
404,404,15,2005,9,12,20,77192,74638.609375
405,405,15,2005,9,12,21,73575,63981.1953125
406,406,15,2005,9,12,22,64730,57177.16015625
407,407,15,2005,9,12,23,56405,53808.9140625
408,408,15,2005,9,13,0,51304,49876.6640625
409,409,15,2005,9,13,1,47958,48171.5546875
410,410,15,2005,9,13,2,46287,47149.47265625
411,411,15,2005,9,13,3,44941,46498.703125
412,412,15,2005,9,13,4,46048,46377.35546875
413,413,15,2005,9,13,5,49972,51272.2578125
414,414,15,2005,9,13,6,61064,60630.94140625
415,415,15,2005,9,13,7,61552,55354.47265625
416,416,15,2005,9,13,8,59801,61150.2265625
417,417,15,2005,9,13,9,61663,57541.34375
418,418,15,2005,9,13,10,66404,69872.59375
419,419,15,2005,9,13,11,72266,75844.0390625
420,420,15,2005,9,13,12,76743,80875.2109375
421,421,15,2005,9,13,13,82144,79930.4921875
422,422,15,2005,9,13,14,86596,83598.359375
423,423,15,2005,9,13,15,83207,77194.0546875
424,424,15,2005,9,13,16,80815,77879.171875
425,425,15,2005,9,13,17,88448,84153.5234375
426,426,15,2005,9,13,18,85402,84285.40625
427,427,15,2005,9,13,19,85446,70799.9140625
428,428,15,2005,9,13,20,80965,70987.921875
429,429,15,2005,9,13,21,77844,84254.453125
430,430,15,2005,9,13,22,70468,59413.4765625
431,431,15,2005,9,13,23,62870,64975.515625
432,432,15,2005,9,14,0,57119,59519.1875
433,433,15,2005,9,14,1,54362,53970.41015625
434,434,15,2005,9,14,2,53060,49683.984375
435,435,15,2005,9,14,3,52273,49474.8671875
436,436,15,2005,9,14,4,53163,50470.81640625
437,437,15,2005,9,14,5,57073,48921.51171875
438,438,15,2005,9,14,6,68293,57797.671875
439,439,15,2005,9,14,7,70718,59149.34375
440,440,15,2005,9,14,8,68746,64071.3984375
441,441,15,2005,9,14,9,70080,67671.15625
442,442,15,2005,9,14,10,72320,72423.25
443,443,15,2005,9,14,11,76770,75960.4140625
444,444,15,2005,9,14,12,77310,80829.328125
445,445,15,2005,9,14,13,79392,60484.62109375
446,446,15,2005,9,14,14,78783,75932.34375
447,447,15,2005,9,14,15,69089,79483.4609375
448,448,15,2005,9,14,16,66482,73233.953125
449,449,15,2005,9,14,17,77405,73026.484375
450,450,15,2005,9,14,18,78731,84838.5859375
451,451,15,2005,9,14,19,76193,75930.7890625
452,452,15,2005,9,14,20,76120,71876.46875
453,453,15,2005,9,14,21,74967,81376.953125
454,454,15,2005,9,14,22,67634,72928.234375
455,455,15,2005,9,14,23,60652,65384.23828125
456,456,15,2005,9,15,0,55125,59919.79296875
457,457,15,2005,9,15,1,52238,57621.05859375
458,458,15,2005,9,15,2,50821,55842.60546875
459,459,15,2005,9,15,3,50649,55468.38671875
460,460,15,2005,9,15,4,51684,50818.109375
461,461,15,2005,9,15,5,56125,49245.90234375
462,462,15,2005,9,15,6,66371,61398.6953125
463,463,15,2005,9,15,7,69259,59339.96484375
464,464,15,2005,9,15,8,67387,68985.15625
465,465,15,2005,9,15,9,70492,65850.3671875
466,466,15,2005,9,15,10,75645,70563.78125
467,467,15,2005,9,15,11,80753,76432.0078125
468,468,15,2005,9,15,12,84566,81550.46875
469,469,15,2005,9,15,13,89396,86749.953125
470,470,15,2005,9,15,14,84006,83638.2265625
471,471,15,2005,9,15,15,84035,82705.9140625
472,472,15,2005,9,15,16,90004,84329.1796875
473,473,15,2005,9,15,17,90951,82357.3984375
474,474,15,2005,9,15,18,94984,96772.0546875
475,475,15,2005,9,15,19,88064,90954.8984375
476,476,15,2005,9,15,20,87846,72016.4140625
477,477,15,2005,9,15,21,84466,68606.109375
478,478,15,2005,9,15,22,75838,70779.0625
479,479,15,2005,9,15,23,66002,67022.25
480,480,15,2005,9,16,0,60049,59926.84375
481,481,15,2005,9,16,1,55969,57594.33984375
482,482,15,2005,9,16,2,53844,49856.875
483,483,15,2005,9,16,3,52599,49557.53515625
484,484,15,2005,9,16,4,52962,50608.44140625
485,485,15,2005,9,16,5,56607,49114.9296875
486,486,15,2005,9,16,6,68258,57951.34765625
487,487,15,2005,9,16,7,69846,59242.265625
488,488,15,2005,9,16,8,68879,68956.65625
489,489,15,2005,9,16,9,70769,65887.5078125
490,490,15,2005,9,16,10,75096,75757.46875
491,491,15,2005,9,16,11,79288,83202.6640625
492,492,15,2005,9,16,12,85060,88791.6875
493,493,15,2005,9,16,13,91206,75294.734375
494,494,15,2005,9,16,14,91442,84409.4609375
495,495,15,2005,9,16,15,92367,78631.421875
496,496,15,2005,9,16,16,92850,84721.3828125
497,497,15,2005,9,16,17,94739,91034.34375
498,498,15,2005,9,16,18,90141,93731.8125
499,499,15,2005,9,16,19,86543,70864.921875
500,500,15,2005,9,16,20,84801,71046.4140625
501,501,15,2005,9,16,21,80420,65459.83984375
502,502,15,2005,9,16,22,74392,67557.1484375
503,503,15,2005,9,16,23,67061,57879.8671875
504,504,15,2005,12,25,0,67503,71013.1484375
505,505,15,2005,12,25,1,62880,68538.203125
506,506,15,2005,12,25,2,60323,58203.28515625
507,507,15,2005,12,25,3,59975,59069.05078125
508,508,15,2005,12,25,4,61110,61191.73046875
509,509,15,2005,12,25,5,62652,64544.63671875
510,510,15,2005,12,25,6,58749,68973.8671875
511,511,15,2005,12,25,7,73577,70671.4375
512,512,15,2005,12,25,8,78119,72031.40625
513,513,15,2005,12,25,9,78224,61209.171875
514,514,15,2005,12,25,10,75250,73849.9140625
515,515,15,2005,12,25,11,70497,71342.40625
516,516,15,2005,12,25,12,67409,55159.94140625
517,517,15,2005,12,25,13,63827,59480.5703125
518,518,15,2005,12,25,14,59378,57764.7578125
519,519,15,2005,12,25,15,56832,58722.4921875
520,520,15,2005,12,25,16,57539,63031.69140625
521,521,15,2005,12,25,17,54959,67835.8359375
522,522,15,2005,12,25,18,58166,58562.73046875
523,523,15,2005,12,25,19,65380,65480.3203125
524,524,15,2005,12,25,20,65017,67962.4921875
525,525,15,2005,12,25,21,64497,63861.37109375
526,526,15,2005,12,25,22,62304,66008.5234375
527,527,15,2005,12,25,23,59007,61685.11328125
528,528,15,2005,12,26,0,57412,59242.80078125
529,529,15,2005,12,26,1,55496,58197.640625
530,530,15,2005,12,26,2,53620,53292.09375
531,531,15,2005,12,26,3,53922,59401.92578125
532,532,15,2005,12,26,4,54840,61821.87890625
533,533,15,2005,12,26,5,57206,66762.3515625
534,534,15,2005,12,26,6,53986,60516.0546875
535,535,15,2005,12,26,7,57630,64479.046875
536,536,15,2005,12,26,8,67146,59054.6484375
537,537,15,2005,12,26,9,69145,53237.10546875
538,538,15,2005,12,26,10,67800,65949.2265625
539,539,15,2005,12,26,11,65122,66662.0625
540,540,15,2005,12,26,12,62081,57164.1484375
541,541,15,2005,12,26,13,60498,62995.33203125
542,542,15,2005,12,26,14,59806,61695.9453125
543,543,15,2005,12,26,15,61410,62985.50390625
544,544,15,2005,12,26,16,66208,62256.35546875
545,545,15,2005,12,26,17,53587,64597.33203125
546,546,15,2005,12,26,18,58579,61546.67578125
547,547,15,2005,12,26,19,66730,67570.4296875
548,548,15,2005,12,26,20,80946,80485.65625
549,549,15,2005,12,26,21,78808,55406.234375
550,550,15,2005,12,26,22,75001,59905.08984375
551,551,15,2005,12,26,23,70254,54901.5078125
552,552,15,2005,12,27,0,67399,59221.53515625
553,553,15,2005,12,27,1,66719,58300.81640625
554,554,15,2005,12,27,2,67364,59028.12890625
555,555,15,2005,12,27,3,68257,60208.9453125
556,556,15,2005,12,27,4,70549,63160.59765625
557,557,15,2005,12,27,5,74099,58473.9453125
558,558,15,2005,12,27,6,79564,89468.4765625
559,559,15,2005,12,27,7,83785,83211.1953125
560,560,15,2005,12,27,8,84584,85439.53125
561,561,15,2005,12,27,9,82847,63901.5859375
562,562,15,2005,12,27,10,79224,72581.8359375
563,563,15,2005,12,27,11,75716,59662.35546875
564,564,15,2005,12,27,12,69362,64274.8125
565,565,15,2005,12,27,13,65452,62985.24609375
566,566,15,2005,12,27,14,63141,58106.8671875
567,567,15,2005,12,27,15,61976,58286.578125
568,568,15,2005,12,27,16,64222,63877.9296875
569,569,15,2005,12,27,17,62023,60902.94140625
570,570,15,2005,12,27,18,61158,65962.3984375
571,571,15,2005,12,27,19,70089,66546.34375
572,572,15,2005,12,27,20,78395,67472.09375
573,573,15,2005,12,27,21,83412,67923.2265625
574,574,15,2005,12,27,22,79846,65010.0546875
575,575,15,2005,12,27,23,75611,74890.15625
576,576,15,2005,12,28,0,72777,72559.109375
577,577,15,2005,12,28,1,71860,73879.2890625
578,578,15,2005,12,28,2,72658,72675.0078125
579,579,15,2005,12,28,3,73798,72893.5703125
580,580,15,2005,12,28,4,75957,56557.08203125
581,581,15,2005,12,28,5,79903,65413.56640625
582,582,15,2005,12,28,6,85480,78003.734375
583,583,15,2005,12,28,7,89346,83211.2109375
584,584,15,2005,12,28,8,87751,85432.2109375
585,585,15,2005,12,28,9,82136,78317.625
586,586,15,2005,12,28,10,74922,73370.2109375
587,587,15,2005,12,28,11,68912,66676.4296875
588,588,15,2005,12,28,12,62961,52083.390625
589,589,15,2005,12,28,13,59581,54719.6640625
590,590,15,2005,12,28,14,57068,54548.13671875
591,591,15,2005,12,28,15,57048,54480.5
592,592,15,2005,12,28,16,61681,56951.83984375
593,593,15,2005,12,28,17,56740,58327.43359375
594,594,15,2005,12,28,18,57618,61789.375
595,595,15,2005,12,28,19,59356,59843.05078125
596,596,15,2005,12,28,20,64955,57974.06640625
597,597,15,2005,12,28,21,69142,55092.390625
598,598,15,2005,12,28,22,64925,56731.57421875
599,599,15,2005,12,28,23,59339,52002.49609375
600,600,15,2005,12,29,0,55403,49471.3671875
601,601,15,2005,12,29,1,53382,47904.0234375
602,602,15,2005,12,29,2,52596,42428.17578125
603,603,15,2005,12,29,3,52295,50740.80078125
604,604,15,2005,12,29,4,53818,53246.61328125
605,605,15,2005,12,29,5,56658,50789.22265625
606,606,15,2005,12,29,6,54486,46130.828125
607,607,15,2005,12,29,7,58615,49756.2890625
608,608,15,2005,12,29,8,59882,57320.94140625
609,609,15,2005,12,29,9,68006,55046.16796875
610,610,15,2005,12,29,10,65879,55451.06640625
611,611,15,2005,12,29,11,63563,53904.328125
612,612,15,2005,12,29,12,61570,60655.53125
613,613,15,2005,12,29,13,60794,54791.32421875
614,614,15,2005,12,29,14,60154,55190.16796875
615,615,15,2005,12,29,15,60952,52165.84375
616,616,15,2005,12,29,16,65100,62247.5234375
617,617,15,2005,12,29,17,60750,52135.63671875
618,618,15,2005,12,29,18,66924,56468.2890625
619,619,15,2005,12,29,19,66414,56706.76171875
620,620,15,2005,12,29,20,74891,55276.73828125
621,621,15,2005,12,29,21,78143,65556.3828125
622,622,15,2005,12,29,22,74016,73476.5859375
623,623,15,2005,12,29,23,69810,48141.41796875
624,624,15,2005,12,30,0,67320,57357.23046875
625,625,15,2005,12,30,1,66608,56814.96484375
626,626,15,2005,12,30,2,66962,59011.65234375
627,627,15,2005,12,30,3,67806,68718.8828125
628,628,15,2005,12,30,4,70283,62354.04296875
629,629,15,2005,12,30,5,73685,65133.12890625
630,630,15,2005,12,30,6,72414,86632.359375
631,631,15,2005,12,30,7,77597,89116.7578125
632,632,15,2005,12,30,8,76705,85412.28125
633,633,15,2005,12,30,9,78118,75615.8203125
634,634,15,2005,12,30,10,70540,65925.375
635,635,15,2005,12,30,11,64908,61482.23046875
636,636,15,2005,12,30,12,61969,51242.51171875
637,637,15,2005,12,30,13,57977,54729.27734375
638,638,15,2005,12,30,14,55977,54700.625
639,639,15,2005,12,30,15,54487,54108.20703125
640,640,15,2005,12,30,16,58107,57495.96484375
641,641,15,2005,12,30,17,53528,57930.2578125
642,642,15,2005,12,30,18,59735,71374.4921875
643,643,15,2005,12,30,19,61864,68983.390625
644,644,15,2005,12,30,20,69408,58496.1171875
645,645,15,2005,12,30,21,76062,84140.6640625
646,646,15,2005,12,30,22,74087,81485.1015625
647,647,15,2005,12,30,23,71210,78397.4453125
648,648,15,2005,12,31,0,67719,63069.1015625
649,649,15,2005,12,31,1,65252,61164.22265625
650,650,15,2005,12,31,2,65784,61804.3671875
651,651,15,2005,12,31,3,67571,61331.66796875
652,652,15,2005,12,31,4,68056,63622.71875
653,653,15,2005,12,31,5,69692,66167.6484375
654,654,15,2005,12,31,6,64525,73354.8359375
655,655,15,2005,12,31,7,67801,79229.3125
656,656,15,2005,12,31,8,71464,67762.78125
657,657,15,2005,12,31,9,78231,65013.61328125
658,658,15,2005,12,31,10,74648,73352.3359375
659,659,15,2005,12,31,11,68717,64551.81640625
660,660,15,2005,12,31,12,64165,59545.72265625
661,661,15,2005,12,31,13,61443,45428.80859375
662,662,15,2005,12,31,14,60043,51781.984375
663,663,15,2005,12,31,15,61471,51265.26953125
664,664,15,2005,12,31,16,65517,53303.9921875
665,665,15,2005,12,31,17,51526,51206.74609375
666,666,15,2005,12,31,18,55183,63478.66796875
667,667,15,2005,12,31,19,54235,63327.640625
668,668,15,2005,12,31,20,68362,62266.75390625
669,669,15,2005,12,31,21,74514,69292.625
670,670,15,2005,12,31,22,72290,60581.69140625
671,671,15,2005,12,31,23,69454,55271.578125
672,672,15,2006,2,13,0,75874,81467.6875
673,673,15,2006,2,13,1,76343,81739.046875
674,674,15,2006,2,13,2,77715,82425.265625
675,675,15,2006,2,13,3,79847,84262.203125
676,676,15,2006,2,13,4,83639,87705.9375
677,677,15,2006,2,13,5,79792,79868.8046875
678,678,15,2006,2,13,6,91949,75888.265625
679,679,15,2006,2,13,7,91945,96047.78125
680,680,15,2006,2,13,8,84936,97586.8828125
681,681,15,2006,2,13,9,78251,76606.390625
682,682,15,2006,2,13,10,69515,69454.6796875
683,683,15,2006,2,13,11,75606,74484.5
684,684,15,2006,2,13,12,71863,66403.484375
685,685,15,2006,2,13,13,68294,62780.62109375
686,686,15,2006,2,13,14,65649,61664.8671875
687,687,15,2006,2,13,15,65541,62027.7578125
688,688,15,2006,2,13,16,69692,65290.34765625
689,689,15,2006,2,13,17,65839,72338.4453125
690,690,15,2006,2,13,18,74887,73378.0625
691,691,15,2006,2,13,19,77296,79865.8046875
692,692,15,2006,2,13,20,77852,81031.953125
693,693,15,2006,2,13,21,87566,73716.34375
694,694,15,2006,2,13,22,82159,78719.140625
695,695,15,2006,2,13,23,77374,73886.4609375
696,696,15,2006,2,14,0,74983,70408.8984375
697,697,15,2006,2,14,1,74900,70070.9296875
698,698,15,2006,2,14,2,75842,69961.65625
699,699,15,2006,2,14,3,76819,72815.3515625
700,700,15,2006,2,14,4,79840,76442.515625
701,701,15,2006,2,14,5,76605,72255.796875
702,702,15,2006,2,14,6,89038,74459.0625
703,703,15,2006,2,14,7,86629,76365.671875
704,704,15,2006,2,14,8,78691,78244.6953125
705,705,15,2006,2,14,9,68214,70997.3671875
706,706,15,2006,2,14,10,60826,53180.37109375
707,707,15,2006,2,14,11,55066,47872.734375
708,708,15,2006,2,14,12,60868,50807.2109375
709,709,15,2006,2,14,13,58871,49810.359375
710,710,15,2006,2,14,14,56405,52941.3828125
711,711,15,2006,2,14,15,56763,48628.5390625
712,712,15,2006,2,14,16,58046,47302.9140625
713,713,15,2006,2,14,17,51041,49980.53515625
714,714,15,2006,2,14,18,61153,55066.890625
715,715,15,2006,2,14,19,65153,57842.17578125
716,716,15,2006,2,14,20,65148,67833.5703125
717,717,15,2006,2,14,21,63635,59239.2421875
718,718,15,2006,2,14,22,70506,62887.6796875
719,719,15,2006,2,14,23,65997,69830.4296875
720,720,15,2006,2,15,0,63792,57909.15234375
721,721,15,2006,2,15,1,63757,50880.4140625
722,722,15,2006,2,15,2,65133,51576.4140625
723,723,15,2006,2,15,3,66782,65557.609375
724,724,15,2006,2,15,4,57324,58011.19921875
725,725,15,2006,2,15,5,64873,62132.109375
726,726,15,2006,2,15,6,78335,71611.8828125
727,727,15,2006,2,15,7,79097,73442.0
728,728,15,2006,2,15,8,65561,72081.953125
729,729,15,2006,2,15,9,54978,74744.5703125
730,730,15,2006,2,15,10,48272,60569.94140625
731,731,15,2006,2,15,11,55025,51686.01171875
732,732,15,2006,2,15,12,50193,49287.58984375
733,733,15,2006,2,15,13,47613,48408.4609375
734,734,15,2006,2,15,14,47325,51536.31640625
735,735,15,2006,2,15,15,47661,50713.51953125
736,736,15,2006,2,15,16,49799,51914.9296875
737,737,15,2006,2,15,17,43850,53496.74609375
738,738,15,2006,2,15,18,52778,52371.37890625
739,739,15,2006,2,15,19,56248,58356.20703125
740,740,15,2006,2,15,20,56002,61265.0546875
741,741,15,2006,2,15,21,54131,59236.484375
742,742,15,2006,2,15,22,61385,55739.453125
743,743,15,2006,2,15,23,57105,52507.36328125
744,744,15,2006,2,16,0,55041,51391.59765625
745,745,15,2006,2,16,1,54896,58201.48828125
746,746,15,2006,2,16,2,56461,58549.8203125
747,747,15,2006,2,16,3,58320,59089.26171875
748,748,15,2006,2,16,4,61565,62493.60546875
749,749,15,2006,2,16,5,68910,70527.3046875
750,750,15,2006,2,16,6,69475,70193.9921875
751,751,15,2006,2,16,7,72382,82946.203125
752,752,15,2006,2,16,8,74747,69357.7109375
753,753,15,2006,2,16,9,66621,58241.875
754,754,15,2006,2,16,10,61081,55070.78125
755,755,15,2006,2,16,11,57186,48157.96484375
756,756,15,2006,2,16,12,52667,46441.86328125
757,757,15,2006,2,16,13,52132,52566.05078125
758,758,15,2006,2,16,14,51013,51763.18359375
759,759,15,2006,2,16,15,50405,49109.34375
760,760,15,2006,2,16,16,51089,41190.484375
761,761,15,2006,2,16,17,55179,43356.38671875
762,762,15,2006,2,16,18,50543,51449.94140625
763,763,15,2006,2,16,19,52561,60586.37109375
764,764,15,2006,2,16,20,62770,58798.0
765,765,15,2006,2,16,21,59450,51061.1875
766,766,15,2006,2,16,22,54749,54361.30078125
767,767,15,2006,2,16,23,49604,51464.7421875
768,768,15,2006,2,17,0,46186,46135.5546875
769,769,15,2006,2,17,1,45167,44215.265625
770,770,15,2006,2,17,2,45204,42706.2109375
771,771,15,2006,2,17,3,45900,42096.23046875
772,772,15,2006,2,17,4,47597,48561.41796875
773,773,15,2006,2,17,5,53851,43541.80078125
774,774,15,2006,2,17,6,65766,53882.578125
775,775,15,2006,2,17,7,67227,57617.6171875
776,776,15,2006,2,17,8,63036,62866.453125
777,777,15,2006,2,17,9,59967,59223.06640625
778,778,15,2006,2,17,10,56697,56229.84375
779,779,15,2006,2,17,11,53423,48161.35546875
780,780,15,2006,2,17,12,50031,46142.3828125
781,781,15,2006,2,17,13,49762,46259.29296875
782,782,15,2006,2,17,14,49229,53490.640625
783,783,15,2006,2,17,15,48430,48191.30078125
784,784,15,2006,2,17,16,49707,53297.9296875
785,785,15,2006,2,17,17,52833,55224.77734375
786,786,15,2006,2,17,18,60429,53459.47265625
787,787,15,2006,2,17,19,62041,59316.2734375
788,788,15,2006,2,17,20,62243,56902.14453125
789,789,15,2006,2,17,21,61056,57006.27734375
790,790,15,2006,2,17,22,59765,60773.73828125
791,791,15,2006,2,17,23,57260,52019.36328125
792,792,15,2006,2,18,0,54946,68012.6015625
793,793,15,2006,2,18,1,53714,53166.2578125
794,794,15,2006,2,18,2,53673,56460.76171875
795,795,15,2006,2,18,3,53703,56970.140625
796,796,15,2006,2,18,4,55229,58187.37890625
797,797,15,2006,2,18,5,58437,60025.5625
798,798,15,2006,2,18,6,63123,67596.6875
799,799,15,2006,2,18,7,69424,70283.90625
800,800,15,2006,2,18,8,74925,74133.265625
801,801,15,2006,2,18,9,77097,74224.234375
802,802,15,2006,2,18,10,77695,71313.7265625
803,803,15,2006,2,18,11,78142,75704.46875
804,804,15,2006,2,18,12,77403,65357.375
805,805,15,2006,2,18,13,77062,70616.75
806,806,15,2006,2,18,14,75949,69228.921875
807,807,15,2006,2,18,15,76632,68352.28125
808,808,15,2006,2,18,16,77276,70330.5
809,809,15,2006,2,18,17,79660,75617.0
810,810,15,2006,2,18,18,85544,84427.421875
811,811,15,2006,2,18,19,86639,86441.5078125
812,812,15,2006,2,18,20,86136,85869.34375
813,813,15,2006,2,18,21,84850,82672.171875
814,814,15,2006,2,18,22,82345,91587.5234375
815,815,15,2006,2,18,23,79651,88266.9609375
816,816,15,2006,2,19,0,78277,76716.078125
817,817,15,2006,2,19,1,79362,78279.75
818,818,15,2006,2,19,2,81437,90190.46875
819,819,15,2006,2,19,3,84187,92100.734375
820,820,15,2006,2,19,4,87398,89890.7109375
821,821,15,2006,2,19,5,91490,93279.828125
822,822,15,2006,2,19,6,97783,99377.8125
823,823,15,2006,2,19,7,104521,106282.859375
824,824,15,2006,2,19,8,106658,104889.625
825,825,15,2006,2,19,9,101856,85877.3828125
826,826,15,2006,2,19,10,91651,76599.8671875
827,827,15,2006,2,19,11,83420,69085.7890625
828,828,15,2006,2,19,12,77804,64173.53515625
829,829,15,2006,2,19,13,73002,60242.11328125
830,830,15,2006,2,19,14,68748,55477.55078125
831,831,15,2006,2,19,15,66457,53593.80859375
832,832,15,2006,2,19,16,67660,56089.62890625
833,833,15,2006,2,19,17,75929,63111.5078125
834,834,15,2006,2,19,18,86460,72394.828125
835,835,15,2006,2,19,19,90809,70633.9921875
836,836,15,2006,2,19,20,91081,72320.6640625
837,837,15,2006,2,19,21,87453,71287.4296875
838,838,15,2006,2,19,22,81891,77070.9453125
839,839,15,2006,2,19,23,76744,73276.4140625
840,840,15,2006,5,25,0,40732,44059.859375
841,841,15,2006,5,25,1,38409,42662.1796875
842,842,15,2006,5,25,2,37227,39350.109375
843,843,15,2006,5,25,3,36629,39689.484375
844,844,15,2006,5,25,4,38525,41371.96484375
845,845,15,2006,5,25,5,44321,47108.0234375
846,846,15,2006,5,25,6,53426,42204.03125
847,847,15,2006,5,25,7,56899,55232.71875
848,848,15,2006,5,25,8,54027,57239.96484375
849,849,15,2006,5,25,9,53052,59168.28515625
850,850,15,2006,5,25,10,54510,61810.86328125
851,851,15,2006,5,25,11,57862,63285.9453125
852,852,15,2006,5,25,12,59187,63476.58203125
853,853,15,2006,5,25,13,50556,66263.5078125
854,854,15,2006,5,25,14,52927,67963.3515625
855,855,15,2006,5,25,15,55516,69496.5546875
856,856,15,2006,5,25,16,56458,73885.9453125
857,857,15,2006,5,25,17,57724,73053.578125
858,858,15,2006,5,25,18,72292,71356.84375
859,859,15,2006,5,25,19,68909,68773.515625
860,860,15,2006,5,25,20,58035,73679.859375
861,861,15,2006,5,25,21,73411,71888.7578125
862,862,15,2006,5,25,22,64088,62747.1640625
863,863,15,2006,5,25,23,55286,55807.72265625
864,864,15,2006,5,26,0,49366,48436.875
865,865,15,2006,5,26,1,46159,47802.51171875
866,866,15,2006,5,26,2,43895,46663.171875
867,867,15,2006,5,26,3,43152,45988.36328125
868,868,15,2006,5,26,4,43193,46315.90234375
869,869,15,2006,5,26,5,46073,46062.8046875
870,870,15,2006,5,26,6,55157,52564.17578125
871,871,15,2006,5,26,7,58692,55585.84375
872,872,15,2006,5,26,8,59645,55096.5625
873,873,15,2006,5,26,9,63420,55434.57421875
874,874,15,2006,5,26,10,66886,57620.21484375
875,875,15,2006,5,26,11,69417,60997.04296875
876,876,15,2006,5,26,12,71761,71021.890625
877,877,15,2006,5,26,13,63799,74434.2265625
878,878,15,2006,5,26,14,65026,77116.0546875
879,879,15,2006,5,26,15,65565,65443.74609375
880,880,15,2006,5,26,16,66163,71405.59375
881,881,15,2006,5,26,17,65523,71086.7578125
882,882,15,2006,5,26,18,75204,65698.0078125
883,883,15,2006,5,26,19,75210,68562.6328125
884,884,15,2006,5,26,20,69764,73600.890625
885,885,15,2006,5,26,21,68787,64818.546875
886,886,15,2006,5,26,22,63576,51207.66015625
887,887,15,2006,5,26,23,56816,56817.77734375
888,888,15,2006,5,27,0,50317,50392.7890625
889,889,15,2006,5,27,1,46524,43126.28125
890,890,15,2006,5,27,2,44388,45254.24609375
891,891,15,2006,5,27,3,42781,46153.390625
892,892,15,2006,5,27,4,42578,41720.5625
893,893,15,2006,5,27,5,42688,40236.65234375
894,894,15,2006,5,27,6,44528,43933.05859375
895,895,15,2006,5,27,7,52068,48527.7578125
896,896,15,2006,5,27,8,59654,53607.62890625
897,897,15,2006,5,27,9,65275,64536.65234375
898,898,15,2006,5,27,10,69108,69204.5859375
899,899,15,2006,5,27,11,72532,68194.4609375
900,900,15,2006,5,27,12,72721,66854.9296875
901,901,15,2006,5,27,13,73352,68848.078125
902,902,15,2006,5,27,14,74741,68147.7890625
903,903,15,2006,5,27,15,76983,58483.06640625
904,904,15,2006,5,27,16,80596,59942.7734375
905,905,15,2006,5,27,17,81897,73605.6640625
906,906,15,2006,5,27,18,80384,82017.796875
907,907,15,2006,5,27,19,76774,76312.6171875
908,908,15,2006,5,27,20,74682,72574.90625
909,909,15,2006,5,27,21,74434,69728.1796875
910,910,15,2006,5,27,22,67449,54521.6171875
911,911,15,2006,5,27,23,58814,48168.5234375
912,912,15,2006,5,28,0,51695,45420.65234375
913,913,15,2006,5,28,1,46737,44095.2421875
914,914,15,2006,5,28,2,44200,45166.44921875
915,915,15,2006,5,28,3,42513,41202.0078125
916,916,15,2006,5,28,4,41733,42903.6328125
917,917,15,2006,5,28,5,41973,43126.18359375
918,918,15,2006,5,28,6,42426,42749.62109375
919,919,15,2006,5,28,7,49749,49227.47265625
920,920,15,2006,5,28,8,59094,53644.421875
921,921,15,2006,5,28,9,67744,64528.76171875
922,922,15,2006,5,28,10,72353,61085.03125
923,923,15,2006,5,28,11,75850,68487.5859375
924,924,15,2006,5,28,12,78622,72713.875
925,925,15,2006,5,28,13,81278,69490.515625
926,926,15,2006,5,28,14,83346,63357.32421875
927,927,15,2006,5,28,15,85038,65979.421875
928,928,15,2006,5,28,16,85094,67650.5703125
929,929,15,2006,5,28,17,86813,68235.078125
930,930,15,2006,5,28,18,88024,66270.3671875
931,931,15,2006,5,28,19,82192,64168.85546875
932,932,15,2006,5,28,20,78564,56786.6875
933,933,15,2006,5,28,21,77206,51957.41796875
934,934,15,2006,5,28,22,68674,51849.88671875
935,935,15,2006,5,28,23,58852,49006.765625
936,936,15,2006,5,29,0,51352,45118.24609375
937,937,15,2006,5,29,1,46629,44033.75
938,938,15,2006,5,29,2,43613,42461.53515625
939,939,15,2006,5,29,3,42249,42149.0703125
940,940,15,2006,5,29,4,41893,43054.1171875
941,941,15,2006,5,29,5,42514,46500.89453125
942,942,15,2006,5,29,6,43543,49439.48828125
943,943,15,2006,5,29,7,48855,55216.79296875
944,944,15,2006,5,29,8,55364,57021.94140625
945,945,15,2006,5,29,9,63349,58415.38671875
946,946,15,2006,5,29,10,70601,62696.0078125
947,947,15,2006,5,29,11,77768,71429.3046875
948,948,15,2006,5,29,12,70165,68032.1640625
949,949,15,2006,5,29,13,73870,71746.734375
950,950,15,2006,5,29,14,74953,74573.53125
951,951,15,2006,5,29,15,78499,76071.4296875
952,952,15,2006,5,29,16,80047,73934.5546875
953,953,15,2006,5,29,17,91268,84282.796875
954,954,15,2006,5,29,18,88497,77766.71875
955,955,15,2006,5,29,19,88522,66053.265625
956,956,15,2006,5,29,20,82432,64323.3984375
957,957,15,2006,5,29,21,80212,63699.14453125
958,958,15,2006,5,29,22,69125,63511.59375
959,959,15,2006,5,29,23,57868,53720.12890625
960,960,15,2006,5,30,0,49969,44962.7890625
961,961,15,2006,5,30,1,46070,42696.29296875
962,962,15,2006,5,30,2,43657,41337.45703125
963,963,15,2006,5,30,3,41979,41044.62890625
964,964,15,2006,5,30,4,42142,43054.9609375
965,965,15,2006,5,30,5,45515,43167.96484375
966,966,15,2006,5,30,6,55342,51046.05859375
967,967,15,2006,5,30,7,59632,54441.890625
968,968,15,2006,5,30,8,60016,58953.078125
969,969,15,2006,5,30,9,64023,62290.19921875
970,970,15,2006,5,30,10,70075,66386.5625
971,971,15,2006,5,30,11,76272,71100.09375
972,972,15,2006,5,30,12,80890,74922.1171875
973,973,15,2006,5,30,13,75808,78395.7265625
974,974,15,2006,5,30,14,78925,80423.8046875
975,975,15,2006,5,30,15,82247,79985.078125
976,976,15,2006,5,30,16,84541,80641.015625
977,977,15,2006,5,30,17,85665,81805.171875
978,978,15,2006,5,30,18,95764,83841.3046875
979,979,15,2006,5,30,19,95298,79311.140625
980,980,15,2006,5,30,20,80294,60586.58984375
981,981,15,2006,5,30,21,77626,66116.296875
982,982,15,2006,5,30,22,76250,59294.1796875
983,983,15,2006,5,30,23,64322,58924.1328125
984,984,15,2006,5,31,0,56162,53244.25
985,985,15,2006,5,31,1,52158,49448.9296875
986,986,15,2006,5,31,2,49327,48071.0234375
987,987,15,2006,5,31,3,47494,47108.765625
988,988,15,2006,5,31,4,47612,45233.61328125
989,989,15,2006,5,31,5,50298,44168.38671875
990,990,15,2006,5,31,6,59162,44948.5234375
991,991,15,2006,5,31,7,63308,55679.27734375
992,992,15,2006,5,31,8,62329,55926.515625
993,993,15,2006,5,31,9,65111,57800.9296875
994,994,15,2006,5,31,10,70517,58969.47265625
995,995,15,2006,5,31,11,65527,58522.6171875
996,996,15,2006,5,31,12,70038,65361.4453125
997,997,15,2006,5,31,13,75083,68582.703125
998,998,15,2006,5,31,14,79500,65707.1953125
999,999,15,2006,5,31,15,81834,65800.4921875
1000,1000,15,2006,5,31,16,82786,84354.4140625
1001,1001,15,2006,5,31,17,92179,72861.9453125
1002,1002,15,2006,5,31,18,95207,73586.0
1003,1003,15,2006,5,31,19,89380,78996.9453125
1004,1004,15,2006,5,31,20,86743,60402.25
1005,1005,15,2006,5,31,21,84556,74725.375
1006,1006,15,2006,5,31,22,73604,59248.66796875
1007,1007,15,2006,5,31,23,62904,46040.78125
1008,1008,15,2006,8,2,0,76160,76407.015625
1009,1009,15,2006,8,2,1,70493,71970.1484375
1010,1010,15,2006,8,2,2,66758,67390.859375
1011,1011,15,2006,8,2,3,64032,65835.46875
1012,1012,15,2006,8,2,4,63383,58421.1171875
1013,1013,15,2006,8,2,5,64934,59795.66796875
1014,1014,15,2006,8,2,6,69901,64576.625
1015,1015,15,2006,8,2,7,73880,72134.734375
1016,1016,15,2006,8,2,8,76388,79611.171875
1017,1017,15,2006,8,2,9,84450,84513.984375
1018,1018,15,2006,8,2,10,93770,92385.2578125
1019,1019,15,2006,8,2,11,103492,99546.125
1020,1020,15,2006,8,2,12,109102,109627.0625
1021,1021,15,2006,8,2,13,113650,110302.2421875
1022,1022,15,2006,8,2,14,105232,102430.4296875
1023,1023,15,2006,8,2,15,105339,103379.2265625
1024,1024,15,2006,8,2,16,108300,104827.3671875
1025,1025,15,2006,8,2,17,108863,105093.375
1026,1026,15,2006,8,2,18,122560,114210.0390625
1027,1027,15,2006,8,2,19,115159,108386.125
1028,1028,15,2006,8,2,20,112541,104910.0546875
1029,1029,15,2006,8,2,21,109098,101852.0625
1030,1030,15,2006,8,2,22,98735,91542.7265625
1031,1031,15,2006,8,2,23,87561,83798.984375
1032,1032,15,2006,8,3,0,79351,82082.0078125
1033,1033,15,2006,8,3,1,73193,72148.296875
1034,1034,15,2006,8,3,2,69101,67608.265625
1035,1035,15,2006,8,3,3,65873,66069.78125
1036,1036,15,2006,8,3,4,65011,66338.7265625
1037,1037,15,2006,8,3,5,66778,67841.6953125
1038,1038,15,2006,8,3,6,70726,73009.3125
1039,1039,15,2006,8,3,7,75997,76126.1796875
1040,1040,15,2006,8,3,8,81228,79680.8515625
1041,1041,15,2006,8,3,9,88980,86129.1640625
1042,1042,15,2006,8,3,10,98479,96006.203125
1043,1043,15,2006,8,3,11,107567,104152.1015625
1044,1044,15,2006,8,3,12,113248,109727.7734375
1045,1045,15,2006,8,3,13,118207,114948.2578125
1046,1046,15,2006,8,3,14,108829,105829.65625
1047,1047,15,2006,8,3,15,108199,103517.6875
1048,1048,15,2006,8,3,16,107387,104696.328125
1049,1049,15,2006,8,3,17,105078,104992.4921875
1050,1050,15,2006,8,3,18,117566,114192.109375
1051,1051,15,2006,8,3,19,113071,108375.0625
1052,1052,15,2006,8,3,20,111118,113136.484375
1053,1053,15,2006,8,3,21,107710,108129.5078125
1054,1054,15,2006,8,3,22,97186,97973.4375
1055,1055,15,2006,8,3,23,85748,88851.8125
1056,1056,15,2006,8,4,0,77330,82062.1015625
1057,1057,15,2006,8,4,1,72963,77056.234375
1058,1058,15,2006,8,4,2,69208,67683.6484375
1059,1059,15,2006,8,4,3,66291,66061.28125
1060,1060,15,2006,8,4,4,66099,66301.9921875
1061,1061,15,2006,8,4,5,67236,67811.7265625
1062,1062,15,2006,8,4,6,71695,73141.5390625
1063,1063,15,2006,8,4,7,76317,77653.09375
1064,1064,15,2006,8,4,8,81781,79654.2265625
1065,1065,15,2006,8,4,9,89119,85503.46875
1066,1066,15,2006,8,4,10,97438,92250.21875
1067,1067,15,2006,8,4,11,105594,99346.609375
1068,1068,15,2006,8,4,12,111218,106557.7734375
1069,1069,15,2006,8,4,13,115537,108065.1875
1070,1070,15,2006,8,4,14,115072,96568.421875
1071,1071,15,2006,8,4,15,106407,98041.203125
1072,1072,15,2006,8,4,16,104536,96671.328125
1073,1073,15,2006,8,4,17,116756,88880.4296875
1074,1074,15,2006,8,4,18,115294,93213.453125
1075,1075,15,2006,8,4,19,110279,98686.15625
1076,1076,15,2006,8,4,20,105475,90873.96875
1077,1077,15,2006,8,4,21,99436,95826.6953125
1078,1078,15,2006,8,4,22,91024,79729.25
1079,1079,15,2006,8,4,23,82790,74415.0703125
1080,1080,15,2006,8,5,0,74286,77292.1171875
1081,1081,15,2006,8,5,1,68120,72598.5390625
1082,1082,15,2006,8,5,2,64721,65756.65625
1083,1083,15,2006,8,5,3,61653,63617.0546875
1084,1084,15,2006,8,5,4,59558,62152.23828125
1085,1085,15,2006,8,5,5,58898,59910.484375
1086,1086,15,2006,8,5,6,60715,59838.4921875
1087,1087,15,2006,8,5,7,65144,61750.90625
1088,1088,15,2006,8,5,8,72566,67831.1796875
1089,1089,15,2006,8,5,9,79039,72244.625
1090,1090,15,2006,8,5,10,85258,86767.5625
1091,1091,15,2006,8,5,11,91719,93458.3359375
1092,1092,15,2006,8,5,12,95860,95711.3203125
1093,1093,15,2006,8,5,13,100343,99506.0703125
1094,1094,15,2006,8,5,14,104855,97941.8828125
1095,1095,15,2006,8,5,15,106879,98661.046875
1096,1096,15,2006,8,5,16,107554,100575.671875
1097,1097,15,2006,8,5,17,107644,104216.3125
1098,1098,15,2006,8,5,18,103050,103917.390625
1099,1099,15,2006,8,5,19,96877,91338.59375
1100,1100,15,2006,8,5,20,93720,80549.8671875
1101,1101,15,2006,8,5,21,90440,74489.3359375
1102,1102,15,2006,8,5,22,82024,68632.0
1103,1103,15,2006,8,5,23,73088,65760.265625
1104,1104,15,2006,8,6,0,65073,54933.46484375
1105,1105,15,2006,8,6,1,58507,52457.08984375
1106,1106,15,2006,8,6,2,54511,50513.9921875
1107,1107,15,2006,8,6,3,52531,49061.84765625
1108,1108,15,2006,8,6,4,51590,48439.66015625
1109,1109,15,2006,8,6,5,51526,48848.94921875
1110,1110,15,2006,8,6,6,52140,50067.55078125
1111,1111,15,2006,8,6,7,57949,57086.8515625
1112,1112,15,2006,8,6,8,69512,64647.0859375
1113,1113,15,2006,8,6,9,79845,82475.9765625
1114,1114,15,2006,8,6,10,86932,79668.890625
1115,1115,15,2006,8,6,11,91354,90950.59375
1116,1116,15,2006,8,6,12,95724,95750.5625
1117,1117,15,2006,8,6,13,99232,95865.7578125
1118,1118,15,2006,8,6,14,100989,98041.8203125
1119,1119,15,2006,8,6,15,103090,98679.0625
1120,1120,15,2006,8,6,16,104905,100540.640625
1121,1121,15,2006,8,6,17,104647,99985.859375
1122,1122,15,2006,8,6,18,101320,103876.09375
1123,1123,15,2006,8,6,19,95234,91441.875
1124,1124,15,2006,8,6,20,92366,89077.2890625
1125,1125,15,2006,8,6,21,88669,85347.84375
1126,1126,15,2006,8,6,22,78661,76872.078125
1127,1127,15,2006,8,6,23,69009,68949.3125
1128,1128,15,2006,8,7,0,62082,64114.24609375
1129,1129,15,2006,8,7,1,57788,60497.6328125
1130,1130,15,2006,8,7,2,54961,58134.01171875
1131,1131,15,2006,8,7,3,54269,56914.640625
1132,1132,15,2006,8,7,4,54070,56119.73828125
1133,1133,15,2006,8,7,5,56729,57439.48828125
1134,1134,15,2006,8,7,6,63076,62351.78125
1135,1135,15,2006,8,7,7,67536,68261.46875
1136,1136,15,2006,8,7,8,70861,68618.5
1137,1137,15,2006,8,7,9,77921,74260.0234375
1138,1138,15,2006,8,7,10,85671,72833.171875
1139,1139,15,2006,8,7,11,92384,85046.875
1140,1140,15,2006,8,7,12,96257,98403.734375
1141,1141,15,2006,8,7,13,101724,97315.0078125
1142,1142,15,2006,8,7,14,93141,89025.1484375
1143,1143,15,2006,8,7,15,95925,99551.53125
1144,1144,15,2006,8,7,16,97530,91633.4453125
1145,1145,15,2006,8,7,17,97975,100731.4921875
1146,1146,15,2006,8,7,18,108361,106089.53125
1147,1147,15,2006,8,7,19,102662,100958.1953125
1148,1148,15,2006,8,7,20,100021,99687.6171875
1149,1149,15,2006,8,7,21,95096,101774.8671875
1150,1150,15,2006,8,7,22,84848,85342.6484375
1151,1151,15,2006,8,7,23,74693,80126.1484375
1152,1152,15,2006,8,8,0,67679,67194.4609375
1153,1153,15,2006,8,8,1,62610,65595.0
1154,1154,15,2006,8,8,2,60298,62717.7109375
1155,1155,15,2006,8,8,3,57799,60661.80078125
1156,1156,15,2006,8,8,4,57720,59750.08984375
1157,1157,15,2006,8,8,5,59905,61784.98046875
1158,1158,15,2006,8,8,6,64709,69402.34375
1159,1159,15,2006,8,8,7,68892,68252.2109375
1160,1160,15,2006,8,8,8,73860,75078.2265625
1161,1161,15,2006,8,8,9,81340,76089.0
1162,1162,15,2006,8,8,10,88869,81251.515625
1163,1163,15,2006,8,8,11,94467,82457.0078125
1164,1164,15,2006,8,8,12,99540,85786.8046875
1165,1165,15,2006,8,8,13,102666,88742.0234375
1166,1166,15,2006,8,8,14,92036,87048.375
1167,1167,15,2006,8,8,15,93433,89437.671875
1168,1168,15,2006,8,8,16,94919,90890.59375
1169,1169,15,2006,8,8,17,92890,86707.3515625
1170,1170,15,2006,8,8,18,101249,78959.6875
1171,1171,15,2006,8,8,19,96295,79560.1328125
1172,1172,15,2006,8,8,20,93509,89224.6015625
1173,1173,15,2006,8,8,21,89404,83938.1953125
1174,1174,15,2006,8,8,22,79931,74448.1171875
1175,1175,15,2006,8,8,23,70344,66829.34375
1176,1176,15,2006,11,22,0,69881,55641.04296875
1177,1177,15,2006,11,22,1,67859,43692.2734375
1178,1178,15,2006,11,22,2,67205,44349.6640625
1179,1179,15,2006,11,22,3,55917,45290.62890625
1180,1180,15,2006,11,22,4,57282,48603.671875
1181,1181,15,2006,11,22,5,62521,57768.578125
1182,1182,15,2006,11,22,6,72476,63164.98828125
1183,1183,15,2006,11,22,7,74257,56570.66015625
1184,1184,15,2006,11,22,8,69247,66709.640625
1185,1185,15,2006,11,22,9,68128,64585.046875
1186,1186,15,2006,11,22,10,68739,60508.0546875
1187,1187,15,2006,11,22,11,67918,49710.1171875
1188,1188,15,2006,11,22,12,65889,60694.77734375
1189,1189,15,2006,11,22,13,65568,60328.71484375
1190,1190,15,2006,11,22,14,65296,57518.140625
1191,1191,15,2006,11,22,15,64406,62830.58203125
1192,1192,15,2006,11,22,16,65964,69592.6015625
1193,1193,15,2006,11,22,17,67825,74901.71875
1194,1194,15,2006,11,22,18,68978,76660.59375
1195,1195,15,2006,11,22,19,71081,77673.546875
1196,1196,15,2006,11,22,20,66911,64034.23046875
1197,1197,15,2006,11,22,21,64118,64768.03125
1198,1198,15,2006,11,22,22,60002,63338.0234375
1199,1199,15,2006,11,22,23,65662,69754.53125
1200,1200,15,2006,11,23,0,61450,46950.05078125
1201,1201,15,2006,11,23,1,58615,46559.328125
1202,1202,15,2006,11,23,2,57229,49318.01171875
1203,1203,15,2006,11,23,3,45258,45114.89453125
1204,1204,15,2006,11,23,4,45334,48406.875
1205,1205,15,2006,11,23,5,48103,54653.0625
1206,1206,15,2006,11,23,6,52748,69618.3125
1207,1207,15,2006,11,23,7,58485,69686.328125
1208,1208,15,2006,11,23,8,65098,66710.21875
1209,1209,15,2006,11,23,9,67909,67719.3203125
1210,1210,15,2006,11,23,10,67947,65463.92578125
1211,1211,15,2006,11,23,11,64388,64948.01953125
1212,1212,15,2006,11,23,12,57805,59273.99609375
1213,1213,15,2006,11,23,13,52024,56398.48828125
1214,1214,15,2006,11,23,14,47267,55976.09375
1215,1215,15,2006,11,23,15,44468,57656.5859375
1216,1216,15,2006,11,23,16,43406,51888.1171875
1217,1217,15,2006,11,23,17,47192,64701.95703125
1218,1218,15,2006,11,23,18,48410,66608.9609375
1219,1219,15,2006,11,23,19,49429,67962.8515625
1220,1220,15,2006,11,23,20,50293,66761.984375
1221,1221,15,2006,11,23,21,49485,56449.8515625
1222,1222,15,2006,11,23,22,47424,61635.296875
1223,1223,15,2006,11,23,23,55461,46959.1875
1224,1224,15,2006,11,24,0,52929,48792.23046875
1225,1225,15,2006,11,24,1,51944,46629.42578125
1226,1226,15,2006,11,24,2,50087,44271.69140625
1227,1227,15,2006,11,24,3,42088,45065.18359375
1228,1228,15,2006,11,24,4,43849,48291.7578125
1229,1229,15,2006,11,24,5,47446,54630.7265625
1230,1230,15,2006,11,24,6,51988,63575.203125
1231,1231,15,2006,11,24,7,54640,65058.3046875
1232,1232,15,2006,11,24,8,53534,66686.2109375
1233,1233,15,2006,11,24,9,48161,62603.33203125
1234,1234,15,2006,11,24,10,43048,54615.64453125
1235,1235,15,2006,11,24,11,40292,52708.94921875
1236,1236,15,2006,11,24,12,36956,50398.6953125
1237,1237,15,2006,11,24,13,34385,45332.36328125
1238,1238,15,2006,11,24,14,32588,45300.46484375
1239,1239,15,2006,11,24,15,32444,45489.1953125
1240,1240,15,2006,11,24,16,35328,46640.875
1241,1241,15,2006,11,24,17,44576,54150.89453125
1242,1242,15,2006,11,24,18,49100,60360.79296875
1243,1243,15,2006,11,24,19,50494,64185.72265625
1244,1244,15,2006,11,24,20,52047,52763.18359375
1245,1245,15,2006,11,24,21,52294,67007.9375
1246,1246,15,2006,11,24,22,51799,49012.9296875
1247,1247,15,2006,11,24,23,60734,52850.29296875
1248,1248,15,2006,11,25,0,58926,60793.0546875
1249,1249,15,2006,11,25,1,58731,60760.953125
1250,1250,15,2006,11,25,2,59749,63582.16796875
1251,1251,15,2006,11,25,3,62194,56566.671875
1252,1252,15,2006,11,25,4,64645,64467.23046875
1253,1253,15,2006,11,25,5,68794,73511.5078125
1254,1254,15,2006,11,25,6,74320,77513.8984375
1255,1255,15,2006,11,25,7,79095,82927.375
1256,1256,15,2006,11,25,8,68217,73974.78125
1257,1257,15,2006,11,25,9,62702,67400.75
1258,1258,15,2006,11,25,10,56208,61454.09375
1259,1259,15,2006,11,25,11,60226,56436.7890625
1260,1260,15,2006,11,25,12,55749,54929.17578125
1261,1261,15,2006,11,25,13,52185,49749.0859375
1262,1262,15,2006,11,25,14,50766,50170.98828125
1263,1263,15,2006,11,25,15,50898,50110.62890625
1264,1264,15,2006,11,25,16,53461,49502.16015625
1265,1265,15,2006,11,25,17,63081,59491.10546875
1266,1266,15,2006,11,25,18,67816,62484.75390625
1267,1267,15,2006,11,25,19,58863,63234.21484375
1268,1268,15,2006,11,25,20,58762,62852.08984375
1269,1269,15,2006,11,25,21,59233,60118.53125
1270,1270,15,2006,11,25,22,68599,54393.97265625
1271,1271,15,2006,11,25,23,67632,62347.890625
1272,1272,15,2006,11,26,0,65906,64173.80859375
1273,1273,15,2006,11,26,1,65575,61479.99609375
1274,1274,15,2006,11,26,2,66703,63579.203125
1275,1275,15,2006,11,26,3,67917,56557.40234375
1276,1276,15,2006,11,26,4,67547,57319.73046875
1277,1277,15,2006,11,26,5,69614,73512.1953125
1278,1278,15,2006,11,26,6,74079,61920.25390625
1279,1279,15,2006,11,26,7,81925,81918.421875
1280,1280,15,2006,11,26,8,73958,73982.4453125
1281,1281,15,2006,11,26,9,67149,75790.3203125
1282,1282,15,2006,11,26,10,56996,64346.828125
1283,1283,15,2006,11,26,11,58742,55188.51953125
1284,1284,15,2006,11,26,12,55900,53440.8125
1285,1285,15,2006,11,26,13,53463,49819.26171875
1286,1286,15,2006,11,26,14,51132,47785.10546875
1287,1287,15,2006,11,26,15,50071,50794.74609375
1288,1288,15,2006,11,26,16,52392,53155.07421875
1289,1289,15,2006,11,26,17,61863,57414.44140625
1290,1290,15,2006,11,26,18,66592,51622.20703125
1291,1291,15,2006,11,26,19,58735,58754.0703125
1292,1292,15,2006,11,26,20,58722,62839.32421875
1293,1293,15,2006,11,26,21,56603,65362.39453125
1294,1294,15,2006,11,26,22,64333,54372.3671875
1295,1295,15,2006,11,26,23,61008,51329.53125
1296,1296,15,2006,11,27,0,59439,54456.41015625
1297,1297,15,2006,11,27,1,59914,53566.86328125
1298,1298,15,2006,11,27,2,61234,50513.28515625
1299,1299,15,2006,11,27,3,62805,50567.2421875
1300,1300,15,2006,11,27,4,66677,56806.11328125
1301,1301,15,2006,11,27,5,63469,59014.6875
1302,1302,15,2006,11,27,6,73723,68904.4375
1303,1303,15,2006,11,27,7,75714,68794.328125
1304,1304,15,2006,11,27,8,68207,65646.109375
1305,1305,15,2006,11,27,9,60407,56650.85546875
1306,1306,15,2006,11,27,10,53842,62458.61328125
1307,1307,15,2006,11,27,11,48333,57269.1640625
1308,1308,15,2006,11,27,12,43631,54271.01171875
1309,1309,15,2006,11,27,13,42557,53857.30859375
1310,1310,15,2006,11,27,14,40898,53049.53515625
1311,1311,15,2006,11,27,15,40818,53100.8203125
1312,1312,15,2006,11,27,16,43320,53082.58203125
1313,1313,15,2006,11,27,17,52070,52413.19140625
1314,1314,15,2006,11,27,18,57929,53310.9609375
1315,1315,15,2006,11,27,19,59223,60204.4296875
1316,1316,15,2006,11,27,20,58111,69678.8203125
1317,1317,15,2006,11,27,21,56183,64146.46875
1318,1318,15,2006,11,27,22,61995,61641.2265625
1319,1319,15,2006,11,27,23,56575,57778.93359375
1320,1320,15,2006,11,28,0,53369,55598.24609375
1321,1321,15,2006,11,28,1,53133,55747.69140625
1322,1322,15,2006,11,28,2,54474,50509.8828125
1323,1323,15,2006,11,28,3,55758,54676.390625
1324,1324,15,2006,11,28,4,58993,56796.734375
1325,1325,15,2006,11,28,5,55432,59005.4921875
1326,1326,15,2006,11,28,6,69014,53624.1171875
1327,1327,15,2006,11,28,7,71402,58016.69921875
1328,1328,15,2006,11,28,8,64062,59911.53515625
1329,1329,15,2006,11,28,9,56881,64558.53515625
1330,1330,15,2006,11,28,10,50489,54754.03515625
1331,1331,15,2006,11,28,11,46042,51072.6796875
1332,1332,15,2006,11,28,12,42664,49277.2109375
1333,1333,15,2006,11,28,13,41518,50017.3359375
1334,1334,15,2006,11,28,14,40798,51662.59375
1335,1335,15,2006,11,28,15,40532,51929.0
1336,1336,15,2006,11,28,16,42793,51295.42578125
1337,1337,15,2006,11,28,17,50144,59311.5703125
1338,1338,15,2006,11,28,18,55192,53700.8671875
1339,1339,15,2006,11,28,19,55733,53050.3046875
1340,1340,15,2006,11,28,20,54164,55285.8984375
1341,1341,15,2006,11,28,21,51204,56126.140625
1342,1342,15,2006,11,28,22,57670,53847.0703125
1343,1343,15,2006,11,28,23,53905,47711.77734375
